participant,device_location,segment_id,classified_posture,xmin,xmax,ymin,ymax
1,lower_back,0,unknown,0,0.0032954082643102756,-0.5205,-0.28
1,lower_back,1,neck slouch,0.0032954082643102756,0.0032954082643102756,-0.28,-0.28
1,lower_back,2,unknown,0.003993587970039808,0.003993587970039808,0.7003333333333334,0.7003333333333334
1,lower_back,3,neck slouch,0.003993587970039808,0.003993587970039808,0.7003333333333334,0.7003333333333334
1,lower_back,4,good+neck slouch,0.003993587970039808,0.007557097252003601,0.7003333333333334,2.129
1,lower_back,5,neck slouch,0.008221764363818246,0.008221764363818246,0.9586666666666667,0.9586666666666667
1,lower_back,6,good+neck slouch,0.008221764363818246,0.008221764363818246,0.9586666666666667,0.9586666666666667
1,lower_back,7,neck slouch,0.008886431475632891,0.010182252839012872,0.6555,0.800875
1,lower_back,8,good+neck slouch,0.010182252839012872,0.018001865543183632,0.800875,1.7964
1,lower_back,9,neck slouch,0.018672118220484635,0.018672118220484635,0.9329999999999999,0.9329999999999999
1,lower_back,10,good+neck slouch,0.018672118220484635,0.018672118220484635,0.9329999999999999,0.9329999999999999
1,lower_back,11,neck slouch,0.019269759878135083,0.019269759878135083,1.0964,1.0964
1,lower_back,12,good+neck slouch,0.019269759878135083,0.021928428325393667,0.9135,1.871
1,lower_back,13,neck slouch,0.02256516814244536,0.02256516814244536,0.9805,0.9805
1,lower_back,14,good+neck slouch,0.02256516814244536,0.023196322660345117,0.9805,2.9112
1,lower_back,15,good+neck slouch+shoulder slouch,0.023196322660345117,0.026022554077178132,2.9112,3.7001999999999997
1,lower_back,16,good+neck slouch,0.02665370859507789,0.02665370859507789,2.462,2.462
1,lower_back,17,good+neck slouch+shoulder slouch,0.02665370859507789,0.02665370859507789,2.462,2.462
1,lower_back,18,good+neck slouch,0.02722342322429981,0.03986885397989946,0.968,1.7006000000000001
1,lower_back,19,neck slouch,0.04033244526189036,0.04089657459196035,0.5196,0.6692
1,lower_back,20,good+neck slouch,0.04089657459196035,0.04089657459196035,0.6692,0.6692
1,lower_back,21,unknown,0.0414942162496108,0.0414942162496108,0.6748333333333333,0.6748333333333333
1,lower_back,22,neck slouch,0.0414942162496108,0.0414942162496108,0.6748333333333333,0.6748333333333333
1,lower_back,23,good+neck slouch,0.0414942162496108,0.0414942162496108,0.6748333333333333,0.6748333333333333
1,lower_back,24,unknown,0.04209744373908202,0.04286264863264133,0.07142857142857142,0.7032
1,lower_back,25,neck slouch,0.04286264863264133,0.04286264863264133,0.7032,0.7032
1,lower_back,26,good+neck slouch,0.04286264863264133,0.04286264863264133,0.7032,0.7032
1,lower_back,27,neck slouch,0.0434602905566262,0.0434602905566262,0.8668,0.8668
1,lower_back,28,good+neck slouch,0.0434602905566262,0.0434602905566262,0.8668,0.8668
1,lower_back,29,unknown,0.044024419620361764,0.044024419620361764,-0.3616,-0.3616
1,lower_back,30,neck slouch,0.044024419620361764,0.044024419620361764,-0.3616,-0.3616
1,lower_back,31,unknown,0.0445606216556688,0.04512475071940436,-0.5579999999999999,0.135
1,lower_back,32,neck slouch,0.04512475071940436,0.04512475071940436,0.135,0.135
1,lower_back,33,unknown,0.04572239264338923,0.04572239264338923,0.30779999999999996,0.30779999999999996
1,lower_back,34,neck slouch,0.04572239264338923,0.04572239264338923,0.30779999999999996,0.30779999999999996
1,lower_back,35,unknown,0.04625300937954433,0.04625300937954433,0.6286,0.6286
1,lower_back,36,neck slouch,0.04625300937954433,0.04625300937954433,0.6286,0.6286
1,lower_back,37,good+neck slouch,0.04625300937954433,0.04871618729613111,0.6286,2.5376
1,lower_back,38,good+neck slouch+shoulder slouch,0.04871618729613111,0.04871618729613111,2.5376,2.5376
1,lower_back,39,good+neck slouch,0.04928031635986667,0.04928031635986667,2.117,2.117
1,lower_back,40,good+neck slouch+shoulder slouch,0.04928031635986667,0.04928031635986667,2.117,2.117
1,lower_back,41,good+neck slouch,0.0498165183951737,0.051112340024888105,1.6788,2.7876666666666665
1,lower_back,42,good+neck slouch+shoulder slouch,0.051112340024888105,0.051709981948872975,2.7876666666666665,2.9794
1,lower_back,43,good+neck slouch,0.0522796965780949,0.0522796965780949,2.698,2.698
1,lower_back,44,good+neck slouch+shoulder slouch,0.0522796965780949,0.0522796965780949,2.698,2.698
1,lower_back,45,good+neck slouch,0.05291085082966023,0.05434072283503418,1.5594999999999999,2.1926666666666668
1,lower_back,46,good+neck slouch+shoulder slouch,0.05503890254076372,0.056206259093970506,2.6402,2.7623333333333333
1,lower_back,47,good+neck slouch,0.056770388424040495,0.056770388424040495,2.576,2.576
1,lower_back,48,good+neck slouch+shoulder slouch,0.056770388424040495,0.056770388424040495,2.576,2.576
1,lower_back,49,good+neck slouch,0.057468568129770026,0.058965465322973754,2.4975,2.582666666666667
1,lower_back,50,good+neck slouch+shoulder slouch,0.058965465322973754,0.058965465322973754,2.582666666666667,2.582666666666667
1,lower_back,51,good+neck slouch,0.059663645028703284,0.0636572329987431,2.1202,2.5764
1,lower_back,52,good+neck slouch+shoulder slouch,0.0636572329987431,0.0667850780271445,2.3546666666666667,3.2536666666666667
1,lower_back,53,good+neck slouch,0.06748325773287404,0.06748325773287404,2.8561666666666667,2.8561666666666667
1,lower_back,54,good+neck slouch+shoulder slouch,0.06748325773287404,0.06748325773287404,2.8561666666666667,2.8561666666666667
1,lower_back,55,good+neck slouch,0.0681144122507738,0.08342409675278396,1.7675,2.6
1,lower_back,56,good+neck slouch+shoulder slouch,0.08342409675278396,0.10625178034739648,2.6,3.7821666666666665
1,lower_back,57,good+neck slouch,0.10681590967746647,0.10681590967746647,2.7135,2.7135
1,lower_back,58,good+neck slouch+shoulder slouch,0.10681590967746647,0.1306433865893769,2.6148333333333333,3.996125
1,lower_back,59,good+neck slouch,0.13117400332553203,0.13117400332553203,2.9996,2.9996
1,lower_back,60,good+neck slouch+shoulder slouch,0.13117400332553203,0.13117400332553203,2.9996,2.9996
1,lower_back,61,good+neck slouch,0.13173813238926757,0.13173813238926757,3.1706,3.1706
1,lower_back,62,good+neck slouch+shoulder slouch,0.13173813238926757,0.14099320266429866,3.1706,3.850833333333333
1,lower_back,63,good+neck slouch,0.1416243571821984,0.1416243571821984,2.3724285714285713,2.3724285714285713
1,lower_back,64,good+neck slouch+shoulder slouch,0.1416243571821984,0.1416243571821984,2.3724285714285713,2.3724285714285713
1,lower_back,65,good+neck slouch,0.1423895620757577,0.1423895620757577,2.682666666666667,2.682666666666667
1,lower_back,66,good+neck slouch+shoulder slouch,0.1423895620757577,0.14761194622134774,2.682666666666667,2.8596
1,lower_back,67,good+neck slouch,0.14837715111490704,0.14837715111490704,2.6016,2.6016
1,lower_back,68,good+neck slouch+shoulder slouch,0.14837715111490704,0.14837715111490704,2.6016,2.6016
1,lower_back,69,good+neck slouch,0.14890776785106213,0.15084032929782823,2.5178,2.5313333333333334
1,lower_back,70,good+neck slouch+shoulder slouch,0.15084032929782823,0.15153850900355775,2.5244285714285715,2.7774
1,lower_back,71,good+neck slouch,0.15213615066120822,0.15213615066120822,2.6378,2.6378
1,lower_back,72,good+neck slouch+shoulder slouch,0.15213615066120822,0.15965973531929692,2.6111666666666666,2.8663333333333334
1,lower_back,73,good+neck slouch,0.16032440216477714,0.16032440216477714,2.739,2.739
1,lower_back,74,good+neck slouch+shoulder slouch,0.16032440216477714,0.16032440216477714,2.739,2.739
1,lower_back,75,good+neck slouch,0.16085501890093223,0.16085501890093223,2.4306666666666668,2.4306666666666668
1,lower_back,76,good+neck slouch+shoulder slouch,0.16085501890093223,0.16085501890093223,2.4306666666666668,2.4306666666666668
1,lower_back,77,good+neck slouch,0.16151968601274688,0.1620894006419688,2.3612,2.5707272727272725
1,lower_back,78,good+neck slouch+shoulder slouch,0.1620894006419688,0.183615677307715,2.5707272727272725,4.901
1,lower_back,79,neck slouch+shoulder slouch,0.183615677307715,0.183615677307715,4.901,4.901
1,lower_back,80,shoulder slouch,0.183615677307715,0.183615677307715,4.901,4.901
1,lower_back,81,good+neck slouch,0.18424683182561474,0.18424683182561474,2.797833333333333,2.797833333333333
1,lower_back,82,good+neck slouch+shoulder slouch,0.18424683182561474,0.18424683182561474,2.797833333333333,2.797833333333333
1,lower_back,83,neck slouch+shoulder slouch,0.18424683182561474,0.18424683182561474,2.797833333333333,2.797833333333333
1,lower_back,84,good+neck slouch,0.1849450115313443,0.1849450115313443,2.6203333333333334,2.6203333333333334
1,lower_back,85,good+neck slouch+shoulder slouch,0.1849450115313443,0.1849450115313443,2.6203333333333334,2.6203333333333334
1,lower_back,86,good+neck slouch,0.1855482387544811,0.18601183003647198,2.38675,3.1806
1,lower_back,87,good+neck slouch+shoulder slouch,0.18601183003647198,0.1992884153099714,3.1324,4.803428571428571
1,lower_back,88,neck slouch+shoulder slouch,0.1992884153099714,0.1992884153099714,4.803428571428571,4.803428571428571
1,lower_back,89,good+neck slouch+shoulder slouch,0.2000536202035307,0.24837324140550068,2.7058,4.3065
1,lower_back,90,good+neck slouch,0.24887034528140647,0.24887034528140647,2.3538333333333332,2.3538333333333332
1,lower_back,91,good+neck slouch+shoulder slouch,0.24887034528140647,0.24887034528140647,2.3538333333333332,2.3538333333333332
1,lower_back,92,good+neck slouch,0.2496020375810509,0.25140054865215744,2.3365,2.4082
1,lower_back,93,good+neck slouch+shoulder slouch,0.2520317029037228,0.27755156753950877,2.7038,4.1308
1,lower_back,94,good+neck slouch,0.27824974724523827,0.27824974724523827,2.0934285714285714,2.0934285714285714
1,lower_back,95,good+neck slouch+shoulder slouch,0.27824974724523827,0.27824974724523827,2.0934285714285714,2.0934285714285714
1,lower_back,96,good+neck slouch,0.27908197759296177,0.2854382054315093,1.7888333333333333,2.4846666666666666
1,lower_back,97,good+neck slouch+shoulder slouch,0.2854382054315093,0.29535794281835503,2.4846666666666666,4.198
1,lower_back,98,neck slouch+shoulder slouch,0.29535794281835503,0.29535794281835503,4.198,4.198
1,lower_back,99,good+neck slouch+shoulder slouch,0.295922072148425,0.31032691581572996,3.1477142857142857,3.947
1,lower_back,100,good+neck slouch,0.31089663044495186,0.31089663044495186,2.406,2.406
1,lower_back,101,good+neck slouch+shoulder slouch,0.31089663044495186,0.31089663044495186,2.406,2.406
1,lower_back,102,good+neck slouch,0.3114607595086874,0.3114607595086874,2.307,2.307
1,lower_back,103,good+neck slouch+shoulder slouch,0.3120919140265872,0.3233074727768129,2.785285714285714,3.320666666666667
1,lower_back,104,good+neck slouch,0.32383808924663354,0.32383808924663354,2.6346,2.6346
1,lower_back,105,good+neck slouch+shoulder slouch,0.32383808924663354,0.3243742912819406,2.6346,2.654857142857143
1,lower_back,106,good+neck slouch,0.3251730090357492,0.3251730090357492,2.603666666666667,2.603666666666667
1,lower_back,107,good+neck slouch+shoulder slouch,0.3251730090357492,0.3251730090357492,2.603666666666667,2.603666666666667
1,lower_back,108,good+neck slouch,0.32587118874147875,0.32636829261738454,2.55675,2.6055
1,lower_back,109,good+neck slouch+shoulder slouch,0.32636829261738454,0.34836374613060794,2.6055,3.9048333333333334
1,lower_back,110,good+neck slouch,0.3490284132424226,0.3490284132424226,2.7,2.7
1,lower_back,111,good+neck slouch+shoulder slouch,0.3490284132424226,0.36094215169837784,2.7,3.7653333333333334
1,lower_back,112,good+neck slouch,0.3615062807621134,0.3615062807621134,2.2072857142857143,2.2072857142857143
1,lower_back,113,good+neck slouch+shoulder slouch,0.3615062807621134,0.3615062807621134,2.2072857142857143,2.2072857142857143
1,lower_back,114,good+neck slouch,0.36227148592200714,0.3656339193741472,1.8005,2.6302
1,lower_back,115,good+neck slouch+shoulder slouch,0.3656339193741472,0.3667621777679527,2.6302,2.9122
1,lower_back,116,good+neck slouch,0.3674324301789193,0.3674324301789193,2.4743333333333335,2.4743333333333335
1,lower_back,117,good+neck slouch+shoulder slouch,0.36806358469681905,0.36852717597880996,2.70275,2.9124
1,lower_back,118,good+neck slouch,0.36912481790279483,0.3698285829076763,2.434142857142857,2.7548333333333335
1,lower_back,119,good+neck slouch+shoulder slouch,0.3698285829076763,0.3698285829076763,2.7548333333333335,2.7548333333333335
1,lower_back,120,good+neck slouch,0.3705937878012356,0.3705937878012356,2.5416666666666665,2.5416666666666665
1,lower_back,121,good+neck slouch+shoulder slouch,0.3705937878012356,0.3705937878012356,2.5416666666666665,2.5416666666666665
1,lower_back,122,good+neck slouch,0.37125845491305026,0.37844691336565567,2.3622500000000004,2.5762
1,lower_back,123,good+neck slouch+shoulder slouch,0.379078067617221,0.3807090154524187,2.606,2.7258
1,lower_back,124,good+neck slouch,0.38130665737640357,0.38130665737640357,2.525166666666667,2.525166666666667
1,lower_back,125,good+neck slouch+shoulder slouch,0.38130665737640357,0.38130665737640357,2.525166666666667,2.525166666666667
1,lower_back,126,good+neck slouch,0.38187078644013916,0.3826024787397836,2.389666666666667,2.5806666666666667
1,lower_back,127,good+neck slouch+shoulder slouch,0.3826024787397836,0.3839709111228141,2.5806666666666667,2.9354
1,lower_back,128,good+neck slouch,0.3844680149987199,0.3844680149987199,1.8768333333333334,1.8768333333333334
1,lower_back,129,good+neck slouch+shoulder slouch,0.3844680149987199,0.3844680149987199,1.8768333333333334,1.8768333333333334
1,lower_back,130,good+neck slouch,0.3851661947044494,0.39079073050968693,1.7503333333333333,2.5642
1,lower_back,131,good+neck slouch+shoulder slouch,0.39079073050968693,0.4025033931358184,2.5642,3.957
1,lower_back,132,neck slouch,0.40310103505980327,0.40310103505980327,1.1736666666666666,1.1736666666666666
1,lower_back,133,good+neck slouch,0.40310103505980327,0.4072956985933324,1.1736666666666666,2.797
1,lower_back,134,good+neck slouch+shoulder slouch,0.4072956985933324,0.40918916214703166,2.698857142857143,2.8804
1,lower_back,135,good+neck slouch,0.40995436704059096,0.40995436704059096,2.5816666666666666,2.5816666666666666
1,lower_back,136,good+neck slouch+shoulder slouch,0.40995436704059096,0.40995436704059096,2.5816666666666666,2.5816666666666666
1,lower_back,137,good+neck slouch,0.4106860593402354,0.41691382236860974,1.7214,2.4894000000000003
1,lower_back,138,neck slouch,0.4175449768865095,0.4175449768865095,1.56,1.56
1,lower_back,139,good+neck slouch,0.4175449768865095,0.41933790212579525,1.56,2.5553333333333335
1,lower_back,140,good+neck slouch+shoulder slouch,0.41933790212579525,0.41933790212579525,2.5553333333333335,2.5553333333333335
1,lower_back,141,good+neck slouch,0.4200081548030962,0.42186810549654624,2.139,2.8432
1,lower_back,142,good+neck slouch+shoulder slouch,0.42186810549654624,0.422499260014446,2.7072,2.8432
1,lower_back,143,good+neck slouch,0.42310248723758276,0.42310248723758276,2.569,2.569
1,lower_back,144,good+neck slouch+shoulder slouch,0.42310248723758276,0.42310248723758276,2.569,2.569
1,lower_back,145,good+neck slouch,0.42376715434939743,0.42376715434939743,2.6898333333333335,2.6898333333333335
1,lower_back,146,good+neck slouch+shoulder slouch,0.42376715434939743,0.42376715434939743,2.6898333333333335,2.6898333333333335
1,lower_back,147,good+neck slouch,0.4243983088672972,0.4260627692964098,1.3523999999999998,1.5634
1,lower_back,148,neck slouch,0.42659338576623046,0.42659338576623046,1.3255555555555556,1.3255555555555556
1,lower_back,149,good+neck slouch,0.42659338576623046,0.4291906143248112,1.3255555555555556,2.805285714285714
1,lower_back,150,good+neck slouch+shoulder slouch,0.4291906143248112,0.43135217862982955,2.805285714285714,3.2062857142857144
1,lower_back,151,good+neck slouch,0.432083870929474,0.432083870929474,3.0925,3.0925
1,lower_back,152,good+neck slouch+shoulder slouch,0.432083870929474,0.432083870929474,3.0925,3.0925
1,lower_back,153,good+neck slouch,0.4327485380412886,0.43331825267051055,2.5026,2.7586
1,lower_back,154,good+neck slouch+shoulder slouch,0.43331825267051055,0.43331825267051055,2.7586,2.7586
1,lower_back,155,neck slouch,0.43388238200058055,0.43388238200058055,1.3851666666666667,1.3851666666666667
1,lower_back,156,good+neck slouch,0.43388238200058055,0.43531225400595447,1.3851666666666667,2.607333333333333
1,lower_back,157,good+neck slouch+shoulder slouch,0.43531225400595447,0.43750733090488775,2.607333333333333,3.315
1,lower_back,158,good+neck slouch,0.43820551061061724,0.43820551061061724,1.859,1.859
1,lower_back,159,good+neck slouch+shoulder slouch,0.43820551061061724,0.43820551061061724,1.859,1.859
1,lower_back,160,good+neck slouch,0.4390042280980915,0.4396353826159912,1.5152,2.50625
1,lower_back,161,good+neck slouch+shoulder slouch,0.4396353826159912,0.4396353826159912,2.50625,2.50625
1,lower_back,162,good+neck slouch,0.4405346381515445,0.4405346381515445,2.870166666666667,2.870166666666667
1,lower_back,163,good+neck slouch+shoulder slouch,0.4405346381515445,0.44972268297241136,2.7644,3.9543333333333335
1,lower_back,164,good+neck slouch,0.45038735008422603,0.45038735008422603,2.5655,2.5655
1,lower_back,165,good+neck slouch+shoulder slouch,0.45038735008422603,0.45038735008422603,2.5655,2.5655
1,lower_back,166,good+neck slouch,0.45108552978995553,0.45108552978995553,2.238857142857143,2.238857142857143
1,lower_back,167,good+neck slouch+shoulder slouch,0.45108552978995553,0.45108552978995553,2.238857142857143,2.238857142857143
1,lower_back,168,good+neck slouch,0.45191776013767904,0.45191776013767904,2.6238333333333332,2.6238333333333332
1,lower_back,169,good+neck slouch+shoulder slouch,0.45191776013767904,0.45191776013767904,2.6238333333333332,2.6238333333333332
1,lower_back,170,good+neck slouch,0.45258242698315926,0.45348168251871257,2.259125,2.2794285714285714
1,lower_back,171,good+neck slouch+shoulder slouch,0.45348168251871257,0.45348168251871257,2.2794285714285714,2.2794285714285714
1,lower_back,172,good+neck slouch,0.45421337481835694,0.45421337481835694,2.1745714285714284,2.1745714285714284
1,lower_back,173,good+neck slouch+shoulder slouch,0.45421337481835694,0.45421337481835694,2.1745714285714284,2.1745714285714284
1,lower_back,174,good+neck slouch,0.45494506711800137,0.4620665001164426,1.6996,2.1395
1,lower_back,175,unknown,0.46269765463434237,0.46269765463434237,0.35433333333333333,0.35433333333333333
1,lower_back,176,neck slouch,0.46269765463434237,0.46269765463434237,0.35433333333333333,0.35433333333333333
1,lower_back,177,good+neck slouch,0.46269765463434237,0.46269765463434237,0.35433333333333333,0.35433333333333333
1,lower_back,178,neck slouch,0.463362321746157,0.463362321746157,0.855,0.855
1,lower_back,179,good+neck slouch,0.463362321746157,0.463362321746157,0.855,0.855
1,lower_back,180,neck slouch,0.4639934762640568,0.4639934762640568,1.1225,1.1225
1,lower_back,181,good+neck slouch,0.4639934762640568,0.4639934762640568,1.1225,1.1225
1,lower_back,182,neck slouch,0.46459670348719356,0.4691879331148838,0.4426,0.8266666666666667
1,lower_back,183,good+neck slouch,0.4691879331148838,0.47657188183182664,0.8266666666666667,2.3102857142857145
1,lower_back,184,good+neck slouch+shoulder slouch,0.47657188183182664,0.4786049810603374,2.3102857142857145,2.9154285714285715
1,lower_back,185,good+neck slouch,0.4793701859538967,0.4793701859538967,2.8995,2.8995
1,lower_back,186,good+neck slouch+shoulder slouch,0.4793701859538967,0.4793701859538967,2.8995,2.8995
1,lower_back,187,good+neck slouch,0.48006836565962624,0.48545831304112513,1.6166666666666667,2.2972
1,lower_back,188,good+neck slouch+shoulder slouch,0.48545831304112513,0.4867541346708395,2.2972,2.6855
1,lower_back,189,good+neck slouch,0.48745231437656905,0.48745231437656905,2.559833333333333,2.559833333333333
1,lower_back,190,good+neck slouch+shoulder slouch,0.48745231437656905,0.48745231437656905,2.559833333333333,2.559833333333333
1,lower_back,191,good+neck slouch,0.4880555415997059,0.48888777168109493,2.387,2.46825
1,lower_back,192,good+neck slouch+shoulder slouch,0.4896529768409887,0.4896529768409887,2.841666666666667,2.841666666666667
1,lower_back,193,good+neck slouch,0.4903176439528033,0.4903176439528033,2.310285714285714,2.310285714285714
1,lower_back,194,good+neck slouch+shoulder slouch,0.4903176439528033,0.4903176439528033,2.310285714285714,2.310285714285714
1,lower_back,195,good+neck slouch,0.4910828488463626,0.49357953935686427,1.2305,2.6346
1,lower_back,196,good+neck slouch+shoulder slouch,0.49357953935686427,0.49357953935686427,2.6346,2.6346
1,lower_back,197,good+neck slouch,0.4942442064686789,0.4942442064686789,2.649125,2.649125
1,lower_back,198,good+neck slouch+shoulder slouch,0.4942442064686789,0.5007959248378983,2.649125,3.7406
1,lower_back,199,good+neck slouch,0.5015667152969439,0.5021978698148436,2.5522,2.6124285714285715
1,lower_back,200,good+neck slouch+shoulder slouch,0.5021978698148436,0.5041583582900383,2.6124285714285715,3.280333333333333
1,lower_back,201,good+neck slouch,0.5048565379957678,0.5048565379957678,2.756666666666667,2.756666666666667
1,lower_back,202,good+neck slouch+shoulder slouch,0.5048565379957678,0.5048565379957678,2.756666666666667,2.756666666666667
1,lower_back,203,good+neck slouch,0.5054262526249897,0.5054262526249897,2.429,2.429
1,lower_back,204,good+neck slouch+shoulder slouch,0.5054262526249897,0.5054262526249897,2.429,2.429
1,lower_back,205,good+neck slouch,0.5060574071428895,0.509185252171291,2.0178,2.6283333333333334
1,lower_back,206,good+neck slouch+shoulder slouch,0.509185252171291,0.509185252171291,2.6283333333333334,2.6283333333333334
1,lower_back,207,good+neck slouch,0.5098164066891907,0.5098164066891907,2.5674,2.5674
1,lower_back,208,good+neck slouch+shoulder slouch,0.5098164066891907,0.5098164066891907,2.5674,2.5674
1,lower_back,209,good+neck slouch,0.5104140486131755,0.5104140486131755,2.3908,2.3908
1,lower_back,210,good+neck slouch+shoulder slouch,0.5104140486131755,0.5104140486131755,2.3908,2.3908
1,lower_back,211,unknown,0.5109502503821481,0.5109502503821481,0.38239999999999996,0.38239999999999996
1,lower_back,212,neck slouch,0.5109502503821481,0.5109502503821481,0.38239999999999996,0.38239999999999996
1,lower_back,213,good+neck slouch,0.5109502503821481,0.5109502503821481,0.38239999999999996,0.38239999999999996
1,lower_back,214,unknown,0.5115478923061331,0.5115478923061331,-0.2005,-0.2005
1,lower_back,215,neck slouch,0.5121790468240328,0.5121790468240328,0.7186666666666667,0.7186666666666667
1,lower_back,216,good+neck slouch,0.5121790468240328,0.5121790468240328,0.7186666666666667,0.7186666666666667
1,lower_back,217,neck slouch,0.5128772265297623,0.5128772265297623,0.6168571428571429,0.6168571428571429
1,lower_back,218,good+neck slouch,0.5128772265297623,0.5248244775796325,0.6168571428571429,2.2782857142857145
1,lower_back,219,good+neck slouch+shoulder slouch,0.5248244775796325,0.5248244775796325,2.2082,2.2082
1,lower_back,220,neck slouch,0.5254221195036173,0.5254221195036173,0.7808333333333333,0.7808333333333333
1,lower_back,221,good+neck slouch,0.5254221195036173,0.528348888702195,0.7808333333333333,2.483
1,lower_back,222,good+neck slouch+shoulder slouch,0.528348888702195,0.528348888702195,2.483,2.483
1,lower_back,223,good+neck slouch,0.528885090737502,0.528885090737502,2.5157499999999997,2.5157499999999997
1,lower_back,224,good+neck slouch+shoulder slouch,0.528885090737502,0.528885090737502,2.5157499999999997,2.5157499999999997
1,lower_back,225,good+neck slouch,0.5293821946134077,0.5367047034416728,1.427,2.2928
1,lower_back,226,good+neck slouch+shoulder slouch,0.5367047034416728,0.5388327551527763,2.2458333333333336,2.742
1,lower_back,227,good+neck slouch,0.5395309348585058,0.5395309348585058,2.5731428571428574,2.5731428571428574
1,lower_back,228,good+neck slouch+shoulder slouch,0.5395309348585058,0.5395309348585058,2.5731428571428574,2.5731428571428574
1,lower_back,229,good+neck slouch,0.5403966778001442,0.5416589865696093,2.376,2.4868333333333332
1,lower_back,230,good+neck slouch+shoulder slouch,0.5416589865696093,0.5423571662753388,2.4868333333333332,2.8708
1,lower_back,231,good+neck slouch,0.5429268809045608,0.5532431843855675,1.5436,2.56675
1,lower_back,232,good+neck slouch+shoulder slouch,0.5538073134493031,0.5538073134493031,2.7576666666666667,2.7576666666666667
1,lower_back,233,good+neck slouch,0.554404955373288,0.554404955373288,2.7686,2.7686
1,lower_back,234,good+neck slouch+shoulder slouch,0.554404955373288,0.554404955373288,2.7686,2.7686
1,lower_back,235,good+neck slouch,0.5550025972972729,0.5555723119264948,2.406,2.5031666666666665
1,lower_back,236,good+neck slouch+shoulder slouch,0.5555723119264948,0.5555723119264948,2.5031666666666665,2.5031666666666665
1,lower_back,237,good+neck slouch,0.5562369790383094,0.563587414895003,2.3381250000000002,2.557
1,lower_back,238,good+neck slouch+shoulder slouch,0.5641906421181397,0.5648217966360395,2.7634,2.8604
1,lower_back,239,unknown,0.5653859256997751,0.5653859256997751,0.9788333333333333,0.9788333333333333
1,lower_back,240,good+neck slouch,0.5653859256997751,0.5653859256997751,0.9788333333333333,0.9788333333333333
1,lower_back,241,good+neck slouch+shoulder slouch,0.5653859256997751,0.5653859256997751,0.9788333333333333,0.9788333333333333
1,lower_back,242,unknown,0.5660505928115896,0.5687148465580002,-1.7302857142857142,0.15833333333333335
1,lower_back,243,neck slouch,0.5687148465580002,0.5687148465580002,0.15833333333333335,0.15833333333333335
1,lower_back,244,good+neck slouch,0.5687148465580002,0.5693460010758999,0.15833333333333335,2.528
1,lower_back,245,good+neck slouch+shoulder slouch,0.5693460010758999,0.5705747972514502,2.528,3.5885
1,lower_back,246,good+neck slouch,0.5710774866928423,0.5710774866928423,2.4038,2.4038
1,lower_back,247,good+neck slouch+shoulder slouch,0.5710774866928423,0.5710774866928423,2.4038,2.4038
1,lower_back,248,good+neck slouch,0.5716751286168272,0.5723397957286418,2.1421666666666668,2.515857142857143
1,lower_back,249,good+neck slouch+shoulder slouch,0.5723397957286418,0.5730379754343714,2.515857142857143,2.6358333333333333
1,lower_back,250,good+neck slouch,0.5737361551401009,0.5737361551401009,2.537,2.537
1,lower_back,251,good+neck slouch+shoulder slouch,0.5737361551401009,0.5737361551401009,2.537,2.537
1,lower_back,252,good+neck slouch,0.5743058697693229,0.57556817853878794,2.4158,2.5902857142857143
1,lower_back,253,good+neck slouch+shoulder slouch,0.57556817853878794,0.5805615598261257,2.5902857142857143,3.0855
1,lower_back,254,good+neck slouch,0.5811592017501105,0.5816898182199313,1.931,2.7222857142857144
1,lower_back,255,good+neck slouch+shoulder slouch,0.5816898182199313,0.5830917631968766,2.7222857142857144,2.9488
1,lower_back,256,good+neck slouch,0.5837229177147764,0.5837229177147764,2.615666666666667,2.615666666666667
1,lower_back,257,good+neck slouch+shoulder slouch,0.5837229177147764,0.5837229177147764,2.615666666666667,2.615666666666667
1,lower_back,258,good+neck slouch,0.5843205593724269,0.5843205593724269,2.5862,2.5862
1,lower_back,259,good+neck slouch+shoulder slouch,0.5843205593724269,0.5861525830374483,2.5862,3.026666666666667
1,lower_back,260,good+neck slouch,0.5867167121011838,0.5867167121011838,2.6774,2.6774
1,lower_back,261,good+neck slouch+shoulder slouch,0.5867167121011838,0.6029200668395953,2.6085000000000003,3.8212
1,lower_back,262,good+neck slouch,0.6034562688749023,0.6034562688749023,2.7796666666666665,2.7796666666666665
1,lower_back,263,good+neck slouch+shoulder slouch,0.6034562688749023,0.6034562688749023,2.7796666666666665,2.7796666666666665
1,lower_back,264,good+neck slouch,0.6040874231264677,0.6040874231264677,2.7136,2.7136
1,lower_back,265,good+neck slouch+shoulder slouch,0.6040874231264677,0.605846836038173,2.6994000000000002,2.9786
1,lower_back,266,good+neck slouch,0.606517088715474,0.6076118345153647,2.1544,2.3783333333333334
1,lower_back,267,good+neck slouch+shoulder slouch,0.6076118345153647,0.6076118345153647,2.3783333333333334,2.3783333333333334
1,lower_back,268,good+neck slouch,0.6082429887669301,0.6082429887669301,1.7611999999999999,1.7611999999999999
1,lower_back,269,unknown,0.6087791908022371,0.6087791908022371,-0.16475,-0.16475
1,lower_back,270,neck slouch,0.6087791908022371,0.6087791908022371,-0.16475,-0.16475
1,lower_back,271,unknown,0.6092762949444773,0.6092762949444773,0.0814,0.0814
1,lower_back,272,neck slouch,0.6092762949444773,0.6092762949444773,0.0814,0.0814
1,lower_back,273,unknown,0.609806911414298,0.609806911414298,-0.2892,-0.2892
1,lower_back,274,neck slouch,0.609806911414298,0.609806911414298,-0.2892,-0.2892
1,lower_back,275,unknown,0.6104101386374348,0.6104101386374348,1.1183999999999998,1.1183999999999998
1,lower_back,276,good+neck slouch,0.6104101386374348,0.6104101386374348,1.1183999999999998,1.1183999999999998
1,lower_back,277,good+neck slouch+shoulder slouch,0.6104101386374348,0.6109742679675048,1.1183999999999998,2.808
1,lower_back,278,good+neck slouch,0.6116054222190701,0.6116054222190701,2.545,2.545
1,lower_back,279,good+neck slouch+shoulder slouch,0.6116054222190701,0.6116054222190701,2.545,2.545
1,lower_back,280,good+neck slouch,0.6123036019247996,0.6123036019247996,2.4958,2.4958
1,lower_back,281,good+neck slouch+shoulder slouch,0.6128398039601066,0.6128398039601066,2.6776,2.6776
1,lower_back,282,good+neck slouch,0.6133704206962617,0.619922139065481,1.2917999999999998,2.474666666666667
1,lower_back,283,neck slouch,0.6205588788825327,0.6205588788825327,1.0456666666666667,1.0456666666666667
1,lower_back,284,good+neck slouch,0.6205588788825327,0.6332043096381323,1.0456666666666667,2.5707999999999998
1,lower_back,285,good+neck slouch+shoulder slouch,0.6332043096381323,0.6332043096381323,2.5707999999999998,2.5707999999999998
1,lower_back,286,neck slouch,0.6337349263742875,0.6337349263742875,1.3576666666666666,1.3576666666666666
1,lower_back,287,good+neck slouch,0.6337349263742875,0.6343660806258529,1.3576666666666666,1.4707142857142856
1,lower_back,288,unknown,0.6351647983796614,0.6362316168847891,-2.3015,1.1976666666666667
1,lower_back,289,good+neck slouch,0.6362316168847891,0.6362316168847891,1.1976666666666667,1.1976666666666667
1,lower_back,290,good+neck slouch+shoulder slouch,0.6362316168847891,0.6362316168847891,1.1976666666666667,1.1976666666666667
1,lower_back,291,good+neck slouch,0.6367957462148591,0.6367957462148591,2.638,2.638
1,lower_back,292,good+neck slouch+shoulder slouch,0.6367957462148591,0.6367957462148591,2.638,2.638
1,lower_back,293,good+neck slouch,0.6374269004664245,0.6374269004664245,2.5258000000000003,2.5258000000000003
1,lower_back,294,good+neck slouch+shoulder slouch,0.6374269004664245,0.6374269004664245,2.5258000000000003,2.5258000000000003
1,lower_back,295,good+neck slouch,0.6380245423904093,0.6380245423904093,2.739333333333333,2.739333333333333
1,lower_back,296,good+neck slouch+shoulder slouch,0.6380245423904093,0.6500388188944437,2.739333333333333,4.218
1,lower_back,297,good+neck slouch,0.6506699731460089,0.6506699731460089,3.458,3.458
1,lower_back,298,good+neck slouch+shoulder slouch,0.6506699731460089,0.6506699731460089,3.458,3.458
1,lower_back,299,unknown,0.6511726625874011,0.6511726625874011,-0.17966666666666664,-0.17966666666666664
1,lower_back,300,good+neck slouch,0.6511726625874011,0.6511726625874011,-0.17966666666666664,-0.17966666666666664
1,lower_back,301,unknown,0.6518038171053009,0.6529320754991065,-3.46475,-0.8626
1,lower_back,302,neck slouch,0.6534682775344135,0.6534682775344135,0.38120000000000004,0.38120000000000004
1,lower_back,303,unknown,0.6540994320523132,0.6540994320523132,0.3976,0.3976
1,lower_back,304,good+neck slouch,0.6540994320523132,0.6540994320523132,0.3976,0.3976
1,lower_back,305,unknown,0.6546300485221339,0.6546300485221339,0.5364,0.5364
1,lower_back,306,neck slouch,0.6546300485221339,0.6546300485221339,0.5364,0.5364
1,lower_back,307,good+neck slouch,0.6546300485221339,0.6546300485221339,0.5364,0.5364
1,lower_back,308,unknown,0.6551662505574409,0.6551662505574409,0.37360000000000004,0.37360000000000004
1,lower_back,309,neck slouch,0.6551662505574409,0.6551662505574409,0.37360000000000004,0.37360000000000004
1,lower_back,310,unknown,0.6556968670272616,0.6556968670272616,-0.49175,-0.49175
1,lower_back,311,neck slouch,0.6561939711695018,0.6561939711695018,1.4456,1.4456
1,lower_back,312,good+neck slouch,0.6561939711695018,0.6561939711695018,1.4456,1.4456
1,lower_back,313,unknown,0.6567301729384745,0.6567301729384745,0.9291666666666667,0.9291666666666667
1,lower_back,314,neck slouch,0.6567301729384745,0.6567301729384745,0.9291666666666667,0.9291666666666667
1,lower_back,315,good+neck slouch,0.6567301729384745,0.6567301729384745,0.9291666666666667,0.9291666666666667
1,lower_back,316,unknown,0.657428352644204,0.657428352644204,0.32566666666666666,0.32566666666666666
1,lower_back,317,neck slouch,0.657428352644204,0.657428352644204,0.32566666666666666,0.32566666666666666
1,lower_back,318,good+neck slouch,0.657428352644204,0.657428352644204,0.32566666666666666,0.32566666666666666
1,lower_back,319,neck slouch,0.6580595071621037,0.6580595071621037,1.096,1.096
1,lower_back,320,good+neck slouch,0.6580595071621037,0.6580595071621037,1.096,1.096
1,lower_back,321,unknown,0.658556611304344,0.658556611304344,0.029599999999999998,0.029599999999999998
1,lower_back,322,neck slouch,0.658556611304344,0.658556611304344,0.029599999999999998,0.029599999999999998
1,lower_back,323,unknown,0.6590928130733166,0.6590928130733166,-0.2426,-0.2426
1,lower_back,324,neck slouch,0.6590928130733166,0.6590928130733166,-0.2426,-0.2426
1,lower_back,325,unknown,0.6596904549973014,0.6596904549973014,1.8698000000000001,1.8698000000000001
1,lower_back,326,neck slouch,0.6596904549973014,0.6596904549973014,1.8698000000000001,1.8698000000000001
1,lower_back,327,good+neck slouch,0.6596904549973014,0.6596904549973014,1.8698000000000001,1.8698000000000001
1,lower_back,328,good+neck slouch+shoulder slouch,0.6596904549973014,0.6602210714671221,1.8698000000000001,4.6486
1,lower_back,329,neck slouch+shoulder slouch,0.6602210714671221,0.6602210714671221,4.6486,4.6486
1,lower_back,330,good+neck slouch+shoulder slouch,0.660785200797192,0.660785200797192,3.629,3.629
1,lower_back,331,good+neck slouch,0.6613214028324991,0.6613214028324991,2.7303333333333333,2.7303333333333333
1,lower_back,332,good+neck slouch+shoulder slouch,0.6613214028324991,0.6619525573503989,2.7116000000000002,2.7303333333333333
1,lower_back,333,good+neck slouch,0.6625501990080493,0.6625501990080493,2.5422000000000002,2.5422000000000002
1,lower_back,334,good+neck slouch+shoulder slouch,0.6625501990080493,0.6625501990080493,2.5422000000000002,2.5422000000000002
1,lower_back,335,good+neck slouch,0.6631478409320342,0.6631478409320342,2.5581666666666667,2.5581666666666667
1,lower_back,336,good+neck slouch+shoulder slouch,0.6631478409320342,0.6631478409320342,2.5581666666666667,2.5581666666666667
1,lower_back,337,good+neck slouch,0.663751068155171,0.663751068155171,2.6948,2.6948
1,lower_back,338,good+neck slouch+shoulder slouch,0.663751068155171,0.663751068155171,2.6948,2.6948
1,lower_back,339,good+neck slouch,0.6643487100791559,0.6643487100791559,2.4051666666666667,2.4051666666666667
1,lower_back,340,good+neck slouch+shoulder slouch,0.6643487100791559,0.6643487100791559,2.4051666666666667,2.4051666666666667
1,lower_back,341,good+neck slouch,0.6649463517368063,0.6655775062547061,2.0542,2.5498
1,lower_back,342,good+neck slouch+shoulder slouch,0.6655775062547061,0.6655775062547061,2.5498,2.5498
1,lower_back,343,good+neck slouch,0.6661137082900132,0.6661137082900132,2.5965,2.5965
1,lower_back,344,good+neck slouch+shoulder slouch,0.6661137082900132,0.6680406841712928,2.5965,3.0476
1,lower_back,345,good+neck slouch,0.668571300907448,0.668571300907448,2.663,2.663
1,lower_back,346,good+neck slouch+shoulder slouch,0.668571300907448,0.668571300907448,2.663,2.663
1,lower_back,347,good+neck slouch,0.669107502942755,0.6776252953526553,0.879,2.0278333333333336
1,lower_back,348,neck slouch,0.6781894244163909,0.6781894244163909,0.7781666666666667,0.7781666666666667
1,lower_back,349,good+neck slouch,0.6781894244163909,0.6781894244163909,0.7781666666666667,0.7781666666666667
1,lower_back,350,neck slouch,0.6788540915282055,0.6796192964217648,0.6944285714285714,1.0372
1,lower_back,351,good+neck slouch,0.6796192964217648,0.6851768070391725,1.0372,2.071
1,lower_back,352,good+neck slouch+shoulder slouch,0.6851768070391725,0.6851768070391725,2.071,2.071
1,lower_back,353,good+neck slouch,0.685774448696823,0.685774448696823,2.80025,2.80025
1,lower_back,354,good+neck slouch+shoulder slouch,0.685774448696823,0.6908348554383249,2.6402,3.2462
1,lower_back,355,good+neck slouch,0.6913654719081456,0.6967554192896445,2.389666666666667,2.579833333333333
1,lower_back,356,good+neck slouch+shoulder slouch,0.6967554192896445,0.6999838020997905,2.579833333333333,2.7796666666666665
1,lower_back,357,good+neck slouch,0.7005535167290124,0.7005535167290124,2.5874,2.5874
1,lower_back,358,good+neck slouch+shoulder slouch,0.7005535167290124,0.7005535167290124,2.5874,2.5874
1,lower_back,359,unknown,0.7010841334651675,0.7010841334651675,0.759,0.759
1,lower_back,360,neck slouch,0.7010841334651675,0.7010841334651675,0.759,0.759
1,lower_back,361,good+neck slouch,0.7010841334651675,0.7010841334651675,0.759,0.759
1,lower_back,362,unknown,0.7017152879830674,0.7017152879830674,-1.1228,-1.1228
1,lower_back,363,neck slouch,0.7023464422346326,0.7023464422346326,1.5406666666666666,1.5406666666666666
1,lower_back,364,good+neck slouch,0.7023464422346326,0.7042454910874839,1.5406666666666666,2.5718
1,lower_back,365,good+neck slouch+shoulder slouch,0.7042454910874839,0.7042454910874839,2.5718,2.5718
1,lower_back,366,good+neck slouch,0.704776107823639,0.704776107823639,2.5378333333333334,2.5378333333333334
1,lower_back,367,good+neck slouch+shoulder slouch,0.704776107823639,0.7207169468435489,2.5378333333333334,3.4213333333333336
1,lower_back,368,good+neck slouch,0.7212475633133696,0.7212475633133696,2.1062857142857143,2.1062857142857143
1,lower_back,369,good+neck slouch+shoulder slouch,0.7212475633133696,0.7212475633133696,2.1062857142857143,2.1062857142857143
1,lower_back,370,good+neck slouch,0.7220462808008438,0.7226774353187435,1.6962000000000002,2.8145000000000002
1,lower_back,371,good+neck slouch+shoulder slouch,0.7226774353187435,0.7272072253240903,2.6214,2.9816666666666665
1,lower_back,372,good+neck slouch,0.7278383798419901,0.7278383798419901,2.5645714285714285,2.5645714285714285
1,lower_back,373,good+neck slouch+shoulder slouch,0.7278383798419901,0.7278383798419901,2.5645714285714285,2.5645714285714285
1,lower_back,374,good+neck slouch,0.7285700721416345,0.7838379775406505,1.6284999999999998,2.6586666666666665
1,lower_back,375,good+neck slouch+shoulder slouch,0.7838379775406505,0.7940872555674932,2.6586666666666665,3.548
1,lower_back,376,good+neck slouch,0.7950535362908762,0.7950535362908762,3.1676666666666664,3.1676666666666664
1,lower_back,377,good+neck slouch+shoulder slouch,0.7950535362908762,0.7950535362908762,3.1676666666666664,3.1676666666666664
1,lower_back,378,unknown,0.7957182034026908,0.7957182034026908,-0.44971428571428573,-0.44971428571428573
1,lower_back,379,neck slouch,0.7957182034026908,0.7957182034026908,-0.44971428571428573,-0.44971428571428573
1,lower_back,380,good+neck slouch,0.7957182034026908,0.7957182034026908,-0.44971428571428573,-0.44971428571428573
1,lower_back,381,unknown,0.7964498957023353,0.7964498957023353,-1.3876,-1.3876
1,lower_back,382,neck slouch,0.7969860977376423,0.7969860977376423,1.82225,1.82225
1,lower_back,383,good+neck slouch,0.7969860977376423,0.7984159697430163,1.82225,2.549375
1,lower_back,384,good+neck slouch+shoulder slouch,0.7984159697430163,0.7984159697430163,2.549375,2.549375
1,lower_back,385,good+neck slouch,0.7993152252785696,0.7993152252785696,2.6776666666666666,2.6776666666666666
1,lower_back,386,good+neck slouch+shoulder slouch,0.7993152252785696,0.7993152252785696,2.6776666666666666,2.6776666666666666
1,lower_back,387,good+neck slouch,0.7999128672025544,0.8005775343143691,2.0991666666666666,2.472625
1,lower_back,388,good+neck slouch+shoulder slouch,0.8005775343143691,0.8005775343143691,2.472625,2.472625
1,lower_back,389,good+neck slouch,0.8015103021775027,0.8015103021775027,2.6146666666666665,2.6146666666666665
1,lower_back,390,good+neck slouch+shoulder slouch,0.8015103021775027,0.8022084818832323,2.6146666666666665,2.6928
1,lower_back,391,good+neck slouch,0.8027726112133023,0.804805710441813,2.09,2.9785
1,lower_back,392,good+neck slouch+shoulder slouch,0.804805710441813,0.8098270190239137,2.84825,3.176857142857143
1,lower_back,393,good+neck slouch,0.8106257365113879,0.8106257365113879,2.5877,2.5877
1,lower_back,394,good+neck slouch+shoulder slouch,0.8106257365113879,0.8106257365113879,2.5877,2.5877
1,lower_back,395,good+neck slouch,0.8117595804706799,0.8159151458448077,2.4711,2.5709999999999997
1,lower_back,396,good+neck slouch+shoulder slouch,0.8159151458448077,0.8159151458448077,2.548857142857143,2.548857142857143
1,lower_back,397,good+neck slouch,0.8167138635986163,0.8167138635986163,2.5622857142857143,2.5622857142857143
1,lower_back,398,good+neck slouch+shoulder slouch,0.8167138635986163,0.8167138635986163,2.5622857142857143,2.5622857142857143
1,lower_back,399,good+neck slouch,0.8174790684921757,0.8190094785456287,2.1157272727272725,2.3648333333333333
1,lower_back,400,good+neck slouch+shoulder slouch,0.8190094785456287,0.8190094785456287,2.1157272727272725,2.1157272727272725
1,lower_back,401,neck slouch,0.8202438600203309,0.8202438600203309,1.1151428571428572,1.1151428571428572
1,lower_back,402,good+neck slouch,0.8202438600203309,0.8224054245916836,1.1151428571428572,2.511125
1,lower_back,403,good+neck slouch+shoulder slouch,0.8224054245916836,0.8464004647395029,2.511125,3.4608
1,lower_back,404,good+neck slouch,0.8468640560214938,0.8468640560214938,2.7493333333333334,2.7493333333333334
1,lower_back,405,good+neck slouch+shoulder slouch,0.8468640560214938,0.885761043712524,2.7493333333333334,4.9822
1,lower_back,406,neck slouch+shoulder slouch,0.885761043712524,0.885761043712524,4.9822,4.9822
1,lower_back,407,shoulder slouch,0.885761043712524,0.885761043712524,4.9822,4.9822
1,lower_back,408,good+neck slouch+shoulder slouch,0.8863307583417458,0.8863307583417458,4.345857142857143,4.345857142857143
1,lower_back,409,neck slouch+shoulder slouch,0.8863307583417458,0.8863307583417458,4.345857142857143,4.345857142857143
1,lower_back,410,good+neck slouch+shoulder slouch,0.8870289380474754,0.9314164111680834,2.929181818181818,4.034
1,lower_back,411,good+neck slouch,0.9326172800488706,0.9326172800488706,2.6323333333333334,2.6323333333333334
1,lower_back,412,good+neck slouch+shoulder slouch,0.9326172800488706,0.9326172800488706,2.6323333333333334,2.6323333333333334
1,lower_back,413,good+neck slouch,0.933348972348515,0.933348972348515,2.4725714285714284,2.4725714285714284
1,lower_back,414,good+neck slouch+shoulder slouch,0.933348972348515,0.933348972348515,2.4725714285714284,2.4725714285714284
1,lower_back,415,good+neck slouch,0.9340806649144939,0.9347788446202234,1.7374285714285715,1.8393333333333333
1,lower_back,416,unknown,0.9356110747016125,0.9356110747016125,0.04839999999999997,0.04839999999999997
1,lower_back,417,neck slouch,0.9356110747016125,0.9356110747016125,0.04839999999999997,0.04839999999999997
1,lower_back,418,good+neck slouch,0.9356110747016125,0.9356110747016125,0.04839999999999997,0.04839999999999997
1,lower_back,419,unknown,0.9361416911714332,0.9361416911714332,0.8306,0.8306
1,lower_back,420,good+neck slouch,0.9361416911714332,0.9431625863881298,0.8306,2.5967142857142855
1,lower_back,421,good+neck slouch+shoulder slouch,0.9431625863881298,0.9451956856166405,2.5967142857142855,2.83
1,lower_back,422,good+neck slouch,0.9459273781826193,0.9459273781826193,2.8107142857142855,2.8107142857142855
1,lower_back,423,good+neck slouch+shoulder slouch,0.9459273781826193,0.9666549370945569,2.7670000000000003,3.6037142857142856
1,lower_back,424,good+neck slouch,0.9672860916124566,0.9672860916124566,2.742,2.742
1,lower_back,425,good+neck slouch+shoulder slouch,0.9672860916124566,0.9672860916124566,2.742,2.742
1,lower_back,426,good+neck slouch,0.9678222936477637,0.9739774459228219,1.8658333333333332,2.541916666666667
1,lower_back,427,good+neck slouch+shoulder slouch,0.9739774459228219,0.9776694202812932,2.541916666666667,2.9291428571428573
1,lower_back,428,neck slouch,0.9783675999870228,0.9783675999870228,1.7698,1.7698
1,lower_back,429,good+neck slouch,0.9783675999870228,0.9783675999870228,1.7698,1.7698
1,lower_back,430,good+neck slouch+shoulder slouch,0.9783675999870228,0.9783675999870228,1.7698,1.7698
1,lower_back,431,neck slouch,0.9789317290507583,0.9789317290507583,0.677625,0.677625
1,lower_back,432,good+neck slouch,0.9789317290507583,0.9903483636308078,0.677625,1.8951428571428572
1,lower_back,433,unknown,0.9909124929608778,0.9909124929608778,0.10183333333333333,0.10183333333333333
1,lower_back,434,neck slouch,0.9909124929608778,0.9909124929608778,0.10183333333333333,0.10183333333333333
1,lower_back,435,unknown,0.991577159806358,0.9929120795954737,-3.3274999999999997,0.9015
1,lower_back,436,good+neck slouch,0.9929120795954737,0.9929120795954737,0.9015,0.9015
1,lower_back,437,unknown,0.9937778222707776,0.9937778222707776,-2.5388,-2.5388
1,lower_back,438,neck slouch,0.9937778222707776,0.9937778222707776,-2.5388,-2.5388
1,lower_back,439,good+neck slouch,0.9937778222707776,0.9937778222707776,-2.5388,-2.5388
1,lower_back,440,unknown,0.9943419516008476,0.9985980550230545,-9.0545,-0.21250000000000002
1,lower_back,441,neck slouch,0.9985980550230545,0.9985980550230545,-0.21250000000000002,-0.21250000000000002
1,lower_back,442,good+neck slouch,0.9985980550230545,0.9985980550230545,-0.21250000000000002,-0.21250000000000002
1,lower_back,443,unknown,0.9992962347287841,0.9992962347287841,-0.06742857142857141,-0.06742857142857141
1,lower_back,444,neck slouch,0.9992962347287841,0.9992962347287841,-0.06742857142857141,-0.06742857142857141
1,lower_back,445,good+neck slouch,0.9992962347287841,0.9992962347287841,-0.06742857142857141,-0.06742857142857141
1,lower_back,446,neck slouch,1,1,0.9183333333333333,0.9183333333333333
1,lower_back,447,good+neck slouch,1,1,0.9183333333333333,0.9183333333333333
1,mid_back,0,unknown,0,1,-19.49275,16.807333333333332
1,neck,0,unknown,0,1,-54.35875,-12.306799999999999
2,lower_back,0,unknown,0,0,0.173,0.173
2,lower_back,1,neck slouch,4.97668153935861e-4,0.002667278023485198,0.20866666666666667,0.41175
2,lower_back,2,unknown,0.0030978449072214084,0.0030978449072214084,0.2155,0.2155
2,lower_back,3,neck slouch,0.0030978449072214084,0.0030978449072214084,0.2155,0.2155
2,lower_back,4,unknown,0.003534003696792629,0.012492031800821856,-7.6795,-1.30025
2,lower_back,5,neck slouch,0.012492031800821856,0.012492031800821856,-1.30025,-1.30025
2,lower_back,6,good+neck slouch,0.012492031800821856,0.012961740958856157,-1.30025,2.03525
2,lower_back,7,good+neck slouch+shoulder slouch,0.012961740958856157,0.013392308109229112,2.03525,4.257
2,lower_back,8,good+neck slouch,0.013794915997063763,0.013794915997063763,2.6036666666666664,2.6036666666666664
2,lower_back,9,good+neck slouch+shoulder slouch,0.013794915997063763,0.013794915997063763,2.6036666666666664,2.6036666666666664
2,lower_back,10,unknown,0.014326134786099448,0.014326134786099448,-0.75975,-0.75975
2,lower_back,11,good+neck slouch,0.014326134786099448,0.014326134786099448,-0.75975,-0.75975
2,lower_back,12,unknown,0.014823803206672054,0.015226411094506705,-1.0070000000000001,2.5505
2,lower_back,13,neck slouch,0.015226411094506705,0.015226411094506705,2.5505,2.5505
2,lower_back,14,good+neck slouch,0.015226411094506705,0.015226411094506705,2.5505,2.5505
2,lower_back,15,good+neck slouch+shoulder slouch,0.015226411094506705,0.015226411094506705,2.5505,2.5505
2,lower_back,16,neck slouch+shoulder slouch,0.015226411094506705,0.015226411094506705,2.5505,2.5505
2,lower_back,17,shoulder slouch,0.01589183269057844,0.016288848939214822,6.10425,8.422666666666666
2,lower_back,18,unknown,0.016288848939214822,0.016288848939214822,8.422666666666666,8.422666666666666
2,lower_back,19,shoulder slouch,0.016725007462149298,0.016725007462149298,8.655199999999999,8.655199999999999
2,lower_back,20,lumbar slouch,0.016725007462149298,0.016725007462149298,8.655199999999999,8.655199999999999
2,lower_back,21,shoulder slouch,0.01718912524762208,0.020723128677777963,5.588333333333334,9.2835
2,lower_back,22,unknown,0.020723128677777963,0.020723128677777963,9.2835,9.2835
2,lower_back,23,lumbar slouch,0.020723128677777963,0.02112014492641435,9.2835,10.131
2,lower_back,24,shoulder slouch,0.02162340498618522,0.02162340498618522,9.375499999999999,9.375499999999999
2,lower_back,25,unknown,0.02162340498618522,0.02162340498618522,9.375499999999999,9.375499999999999
2,lower_back,26,lumbar slouch,0.02162340498618522,0.02162340498618522,9.375499999999999,9.375499999999999
2,lower_back,27,good+neck slouch+shoulder slouch,0.022087522505021256,0.022087522505021256,5.8076,5.8076
2,lower_back,28,neck slouch+shoulder slouch,0.022087522505021256,0.022087522505021256,5.8076,5.8076
2,lower_back,29,shoulder slouch,0.022087522505021256,0.022087522505021256,5.8076,5.8076
2,lower_back,30,unknown,0.022585190658957116,0.022585190658957116,0.6679999999999999,0.6679999999999999
2,lower_back,31,neck slouch,0.022585190658957116,0.022585190658957116,0.6679999999999999,0.6679999999999999
2,lower_back,32,good+neck slouch,0.022585190658957116,0.022585190658957116,0.6679999999999999,0.6679999999999999
2,lower_back,33,good+neck slouch+shoulder slouch,0.022585190658957116,0.022585190658957116,0.6679999999999999,0.6679999999999999
2,lower_back,34,unknown,0.023122001353827814,0.02488341142970749,-0.6426666666666667,0.121
2,lower_back,35,neck slouch,0.025286019584178886,0.025683035566178524,0.2485,0.32
2,lower_back,36,unknown,0.02615274499084957,0.05050493763152138,-3.1185,0.20850000000000002
2,lower_back,37,neck slouch,0.05050493763152138,0.05103615642055706,0.20850000000000002,0.23049999999999998
2,lower_back,38,unknown,0.05147231521012828,0.05147231521012828,0.20475,0.20475
2,lower_back,39,neck slouch,0.05147231521012828,0.05147231521012828,0.20475,0.20475
2,lower_back,40,unknown,0.05190288209386449,0.06999228338325708,-0.28300000000000003,0.2145
2,lower_back,41,neck slouch,0.06999228338325708,0.08368654720838463,0.2145,0.7758
2,lower_back,42,good+neck slouch,0.08368654720838463,0.13891653701597104,0.7758,1.8282
2,lower_back,43,unknown,0.1394197970757419,0.1394197970757419,0.7963333333333333,0.7963333333333333
2,lower_back,44,good+neck slouch,0.1394197970757419,0.1394197970757419,0.7963333333333333,0.7963333333333333
2,lower_back,45,unknown,0.1398168133243783,0.1562398648039924,-2.8102,0.20333333333333334
2,lower_back,46,neck slouch,0.1562398648039924,0.19745126771384958,0.20333333333333334,0.7758
2,lower_back,47,good+neck slouch,0.19745126771384958,0.25048368892262185,0.7758,2.0942499999999997
2,lower_back,48,unknown,0.250914255806358,0.250914255806358,0.5285,0.5285
2,lower_back,49,neck slouch,0.250914255806358,0.250914255806358,0.5285,0.5285
2,lower_back,50,good+neck slouch,0.250914255806358,0.250914255806358,0.5285,0.5285
2,lower_back,51,unknown,0.251451066234592,0.30022255278613524,-1.79075,0.2145
2,lower_back,52,neck slouch,0.30022255278613524,0.31631009764811435,0.2145,0.77075
2,lower_back,53,good+neck slouch,0.3167462564376856,0.4499983224282495,0.7845,2.3722
2,lower_back,54,neck slouch,0.45039533867688586,0.45039533867688586,0.79525,0.79525
2,lower_back,55,good+neck slouch,0.45039533867688586,0.45039533867688586,0.79525,0.79525
2,lower_back,56,neck slouch,0.4508650481015569,0.45502533085348645,0.392,0.7783333333333333
2,lower_back,57,good+neck slouch,0.45502533085348645,0.47334958685521455,0.7783333333333333,2.5942499999999997
2,lower_back,58,good+neck slouch+shoulder slouch,0.47334958685521455,0.47598331424359996,2.5942499999999997,2.6696666666666666
2,lower_back,59,good+neck slouch,0.47634677959049976,0.47634677959049976,2.586,2.586
2,lower_back,60,good+neck slouch+shoulder slouch,0.47634677959049976,0.47634677959049976,2.586,2.586
2,lower_back,61,good+neck slouch,0.4768164890151708,0.4788463044384858,2.5784,2.591
2,lower_back,62,good+neck slouch+shoulder slouch,0.4788463044384858,0.483744701695885,2.591,2.6733333333333333
2,lower_back,63,good+neck slouch,0.48420881921472103,0.48420881921472103,2.4115,2.4115
2,lower_back,64,good+neck slouch+shoulder slouch,0.48420881921472103,0.48420881921472103,2.4115,2.4115
2,lower_back,65,good+neck slouch,0.48464497800429224,0.4851090955231283,1.143,1.38
2,lower_back,66,unknown,0.48550611177176467,0.48550611177176467,0.3585,0.3585
2,lower_back,67,neck slouch,0.48550611177176467,0.48550611177176467,0.3585,0.3585
2,lower_back,68,good+neck slouch,0.48550611177176467,0.48550611177176467,0.3585,0.3585
2,lower_back,69,unknown,0.48597582119643573,0.5500016775717506,-3.9415,0.20220000000000002
2,lower_back,70,neck slouch,0.5500016775717506,0.5778207723723785,0.20220000000000002,0.77475
2,lower_back,71,good+neck slouch,0.5778207723723785,0.58328393932055,0.77475,0.85925
2,lower_back,72,neck slouch,0.5837145062042862,0.5837145062042862,0.75525,0.75525
2,lower_back,73,good+neck slouch,0.5837145062042862,0.5837145062042862,0.75525,0.75525
2,lower_back,74,neck slouch,0.5841171140921209,0.5841171140921209,0.324,0.324
2,lower_back,75,unknown,0.5845141303407572,0.5845141303407572,0.21433333333333332,0.21433333333333332
2,lower_back,76,neck slouch,0.5845141303407572,0.5849167384952286,0.21433333333333332,1.30175
2,lower_back,77,good+neck slouch,0.5849167384952286,0.5849167384952286,1.30175,1.30175
2,lower_back,78,good+neck slouch+shoulder slouch,0.5849167384952286,0.5853473053789648,1.30175,3.5869999999999997
2,lower_back,79,neck slouch,0.5858170145369991,0.5858170145369991,1.9336,1.9336
2,lower_back,80,good+neck slouch,0.5858170145369991,0.5858170145369991,1.9336,1.9336
2,lower_back,81,good+neck slouch+shoulder slouch,0.5858170145369991,0.5858170145369991,1.9336,1.9336
2,lower_back,82,unknown,0.5862475814207353,0.5871478577291426,-0.533,0.18275
2,lower_back,83,neck slouch,0.5871478577291426,0.5871478577291426,0.18275,0.18275
2,lower_back,84,unknown,0.5875784246128788,0.7579431203923717,-5.8656,0.22525
2,lower_back,85,neck slouch,0.7579431203923717,0.7693727143484854,0.22525,0.776
2,lower_back,86,good+neck slouch,0.7693727143484854,0.7889942629072572,0.776,1.4765
2,lower_back,87,neck slouch,0.7893912791558936,0.7893912791558936,0.7636666666666666,0.7636666666666666
2,lower_back,88,good+neck slouch,0.7893912791558936,0.7893912791558936,0.7636666666666666,0.7636666666666666
2,lower_back,89,neck slouch,0.7897938870437282,0.7907277139872353,0.31333333333333335,0.5788
2,lower_back,90,unknown,0.7911582808709715,0.7911582808709715,0.2145,0.2145
2,lower_back,91,neck slouch,0.7911582808709715,0.7911582808709715,0.2145,0.2145
2,lower_back,92,unknown,0.7915888477547077,1,-9.39475,0.111
2,mid_back,0,unknown,0,1,-27.4155,3.3208
2,neck,0,unknown,0,1,-63.348400000000005,1.9295
3,lower_back,0,unknown,0,0.001166776544064422,-0.0812,1.393
3,lower_back,1,neck slouch,0.001166776544064422,0.001166776544064422,1.393,1.393
3,lower_back,2,good+neck slouch,0.001166776544064422,0.001166776544064422,1.393,1.393
3,lower_back,3,good+neck slouch+shoulder slouch,0.001166776544064422,0.001166776544064422,1.393,1.393
3,lower_back,4,neck slouch,0.0016636334304862002,0.0016636334304862002,0.7424,0.7424
3,lower_back,5,good+neck slouch,0.0016636334304862002,0.0016636334304862002,0.7424,0.7424
3,lower_back,6,unknown,0.0022274824690137066,0.0027969140315988036,-1.0318,-0.179
3,lower_back,7,neck slouch,0.0027969140315988036,0.0027969140315988036,-0.179,-0.179
3,lower_back,8,unknown,0.0033607628039242186,0.0033607628039242186,1.36225,1.36225
3,lower_back,9,good+neck slouch,0.0033607628039242186,0.0033607628039242186,1.36225,1.36225
3,lower_back,10,unknown,0.0038241237473941782,0.0038241237473941782,0.14566666666666667,0.14566666666666667
3,lower_back,11,neck slouch,0.0038241237473941782,0.0038241237473941782,0.14566666666666667,0.14566666666666667
3,lower_back,12,good+neck slouch,0.0038241237473941782,0.0038241237473941782,0.14566666666666667,0.14566666666666667
3,lower_back,13,unknown,0.004427051519133186,0.014900126198212483,-12.826600000000001,-3.1462499999999998
3,lower_back,14,good+neck slouch,0.015463975236739988,0.015463975236739988,5.0384,5.0384
3,lower_back,15,neck slouch+shoulder slouch,0.015463975236739988,0.015463975236739988,5.0384,5.0384
3,lower_back,16,shoulder slouch,0.015463975236739988,0.015999910856373267,5.0384,5.8292
3,lower_back,17,neck slouch+shoulder slouch,0.01656375962869868,0.01656375962869868,5.4042,5.4042
3,lower_back,18,shoulder slouch,0.01656375962869868,0.01656375962869868,5.4042,5.4042
3,lower_back,19,neck slouch+shoulder slouch,0.01709411245807228,0.01709411245807228,4.9536,4.9536
3,lower_back,20,good+neck slouch+shoulder slouch,0.017697040229811285,0.01822739305918488,4.5352,5.2976
3,lower_back,21,shoulder slouch,0.01822739305918488,0.01875774588855848,5.2976,6.6544
3,lower_back,22,good+neck slouch+shoulder slouch,0.019293681508191756,0.0199245224326229,4.2428,5.9546
3,lower_back,23,neck slouch+shoulder slouch,0.0199245224326229,0.0199245224326229,5.9546,5.9546
3,lower_back,24,shoulder slouch,0.0199245224326229,0.02045487552819859,5.9546,8.43
3,lower_back,25,unknown,0.02045487552819859,0.02045487552819859,8.43,8.43
3,lower_back,26,good+neck slouch+shoulder slouch,0.020985228357572185,0.020985228357572185,5.6832,5.6832
3,lower_back,27,neck slouch+shoulder slouch,0.020985228357572185,0.020985228357572185,5.6832,5.6832
3,lower_back,28,shoulder slouch,0.020985228357572185,0.020985228357572185,5.6832,5.6832
3,lower_back,29,neck slouch+shoulder slouch,0.021588155863109103,0.021588155863109103,5.4174,5.4174
3,lower_back,30,shoulder slouch,0.021588155863109103,0.021588155863109103,5.4174,5.4174
3,lower_back,31,good+neck slouch+shoulder slouch,0.022118508692482698,0.022118508692482698,4.96875,4.96875
3,lower_back,32,neck slouch+shoulder slouch,0.022118508692482698,0.022118508692482698,4.96875,4.96875
3,lower_back,33,good+neck slouch+shoulder slouch,0.022581869902154748,0.022581869902154748,3.5288,3.5288
3,lower_back,34,neck slouch,0.023117805521788028,0.023117805521788028,1.907,1.907
3,lower_back,35,good+neck slouch,0.023117805521788028,0.023117805521788028,1.907,1.907
3,lower_back,36,good+neck slouch+shoulder slouch,0.023117805521788028,0.023117805521788028,1.907,1.907
3,lower_back,37,neck slouch,0.023681654294113442,0.024245503332640948,0.45920000000000005,0.5724
3,lower_back,38,unknown,0.024814934895226046,0.031994238656284764,-2.21225,-0.3318
3,lower_back,39,good+neck slouch,0.031994238656284764,0.03253017427591804,-1.0062,2.8334
3,lower_back,40,good+neck slouch+shoulder slouch,0.03253017427591804,0.03253017427591804,2.8334,2.8334
3,lower_back,41,good+neck slouch,0.03306052737149373,0.03352388831496369,2.1241666666666665,2.17375
3,lower_back,42,good+neck slouch+shoulder slouch,0.03352388831496369,0.0341268158205006,2.1241666666666665,3.3378
3,lower_back,43,good+neck slouch,0.034757656744931746,0.034757656744931746,2.4082,2.4082
3,lower_back,44,good+neck slouch+shoulder slouch,0.034757656744931746,0.034757656744931746,2.4082,2.4082
3,lower_back,45,good+neck slouch,0.03528800957430534,0.0357904492509868,2.3360000000000003,2.6454
3,lower_back,46,good+neck slouch+shoulder slouch,0.0357904492509868,0.0357904492509868,2.6454,2.6454
3,lower_back,47,good+neck slouch,0.0363208020803604,0.0363208020803604,2.4334,2.4334
3,lower_back,48,good+neck slouch+shoulder slouch,0.0363208020803604,0.0363208020803604,2.4334,2.4334
3,lower_back,49,good+neck slouch,0.036884651118887904,0.03805142766295233,1.426,1.5555999999999999
3,lower_back,50,good+neck slouch+shoulder slouch,0.038648772378229564,0.047363308588226884,2.6475,3.6408
3,lower_back,51,good+neck slouch,0.04782666953169684,0.04782666953169684,2.5982857142857143,2.5982857142857143
3,lower_back,52,good+neck slouch+shoulder slouch,0.04782666953169684,0.04782666953169684,2.5982857142857143,2.5982857142857143
3,lower_back,53,good+neck slouch,0.04859149422793526,0.06133113010923977,1.2351666666666667,2.5498
3,lower_back,54,neck slouch,0.061995466976622726,0.061995466976622726,0.9228,0.9228
3,lower_back,55,good+neck slouch,0.061995466976622726,0.061995466976622726,0.9228,0.9228
3,lower_back,56,neck slouch,0.06255931574894814,0.06568560695220964,0.218,0.3264
3,lower_back,57,unknown,0.06632203040069837,0.09941047092488423,-3.4312,1.096625
3,lower_back,58,good+neck slouch,0.09941047092488423,0.09941047092488423,1.096625,1.096625
3,lower_back,59,good+neck slouch+shoulder slouch,0.09941047092488423,0.09941047092488423,1.096625,1.096625
3,lower_back,60,unknown,0.1002757834499781,0.1002757834499781,-1.75,-1.75
3,lower_back,61,good+neck slouch,0.1002757834499781,0.1002757834499781,-1.75,-1.75
3,lower_back,62,unknown,0.10081171906961138,0.10081171906961138,1.0964,1.0964
3,lower_back,63,neck slouch,0.10081171906961138,0.10081171906961138,1.0964,1.0964
3,lower_back,64,good+neck slouch,0.10081171906961138,0.10363654652010441,1.0964,2.516
3,lower_back,65,good+neck slouch+shoulder slouch,0.10363654652010441,0.10363654652010441,2.516,2.516
3,lower_back,66,good+neck slouch,0.10409990746357438,0.10409990746357438,1.9082,1.9082
3,lower_back,67,good+neck slouch+shoulder slouch,0.10409990746357438,0.10409990746357438,1.9082,1.9082
3,lower_back,68,good+neck slouch,0.10463584308320766,0.10579703683701239,1.0602,2.8288
3,lower_back,69,good+neck slouch+shoulder slouch,0.10579703683701239,0.10632738966638598,2.8288,5.084
3,lower_back,70,neck slouch+shoulder slouch,0.10632738966638598,0.10632738966638598,5.084,5.084
3,lower_back,71,shoulder slouch,0.10632738966638598,0.11078793712847099,5.084,6.3844
3,lower_back,72,neck slouch+shoulder slouch,0.11131828995784458,0.11131828995784458,5.2756,5.2756
3,lower_back,73,shoulder slouch,0.11131828995784458,0.11131828995784458,5.2756,5.2756
3,lower_back,74,neck slouch+shoulder slouch,0.11188213899637209,0.11235108246389965,5.008,5.15
3,lower_back,75,good+neck slouch+shoulder slouch,0.11294842744537897,0.11294842744537897,4.865166666666667,4.865166666666667
3,lower_back,76,neck slouch+shoulder slouch,0.11294842744537897,0.11294842744537897,4.865166666666667,4.865166666666667
3,lower_back,77,good+neck slouch+shoulder slouch,0.11371325214161739,0.1225952680663738,3.2835,4.7594
3,lower_back,78,neck slouch,0.12312562116194949,0.12312562116194949,1.4117142857142857,1.4117142857142857
3,lower_back,79,good+neck slouch,0.12312562116194949,0.12312562116194949,1.4117142857142857,1.4117142857142857
3,lower_back,80,good+neck slouch+shoulder slouch,0.12312562116194949,0.12312562116194949,1.4117142857142857,1.4117142857142857
3,lower_back,81,good+neck slouch,0.12385694991523609,0.1244207986875615,0.91,1.0284
3,lower_back,82,neck slouch,0.12505722240225234,0.12505722240225234,0.7832,0.7832
3,lower_back,83,good+neck slouch,0.12505722240225234,0.12505722240225234,0.7832,0.7832
3,lower_back,84,neck slouch,0.12565456711752956,0.12911023522625165,0.307875,0.7645
3,lower_back,85,good+neck slouch,0.12911023522625165,0.12911023522625165,0.7645,0.7645
3,lower_back,86,unknown,0.12981365082684612,0.12981365082684612,0.1428,0.1428
3,lower_back,87,good+neck slouch,0.12981365082684612,0.12981365082684612,0.1428,0.1428
3,lower_back,88,unknown,0.1303440036562197,0.1303440036562197,1.4744,1.4744
3,lower_back,89,neck slouch,0.1303440036562197,0.1303440036562197,1.4744,1.4744
3,lower_back,90,good+neck slouch,0.1303440036562197,0.1303440036562197,1.4744,1.4744
3,lower_back,91,good+neck slouch+shoulder slouch,0.1303440036562197,0.1303440036562197,1.4744,1.4744
3,lower_back,92,unknown,0.1308743567517954,0.1432455367282257,-3.5454,0.2394
3,lower_back,93,neck slouch,0.1432455367282257,0.14384846423376263,0.2394,0.5284
3,lower_back,94,good+neck slouch,0.14384846423376263,0.15542132357100272,0.5284,2.6038
3,lower_back,95,good+neck slouch+shoulder slouch,0.15542132357100272,0.15601866855248203,2.6038,2.6782857142857144
3,lower_back,96,good+neck slouch,0.15681698919167228,0.15681698919167228,2.3554,2.3554
3,lower_back,97,good+neck slouch+shoulder slouch,0.15681698919167228,0.15681698919167228,2.3554,2.3554
3,lower_back,98,good+neck slouch,0.15738083823019977,0.15738083823019977,3.043166666666667,3.043166666666667
3,lower_back,99,good+neck slouch+shoulder slouch,0.15738083823019977,0.1611100566727961,3.043166666666667,4.149166666666667
3,lower_back,100,good+neck slouch,0.16177439354017906,0.16177439354017906,2.9848,2.9848
3,lower_back,101,good+neck slouch+shoulder slouch,0.16177439354017906,0.16177439354017906,2.9848,2.9848
3,lower_back,102,good+neck slouch,0.1624052344646102,0.1635050188565689,1.853,2.1158
3,lower_back,103,unknown,0.1640688678950964,0.1640688678950964,1.4074,1.4074
3,lower_back,104,neck slouch,0.1640688678950964,0.1640688678950964,1.4074,1.4074
3,lower_back,105,good+neck slouch,0.1640688678950964,0.1640688678950964,1.4074,1.4074
3,lower_back,106,unknown,0.16459922072447,0.16972410478773586,-3.3205,0.228
3,lower_back,107,neck slouch,0.16972410478773586,0.16972410478773586,0.228,0.228
3,lower_back,108,good+neck slouch,0.16972410478773586,0.17128725038936662,0.228,2.4005
3,lower_back,109,good+neck slouch+shoulder slouch,0.17128725038936662,0.17617208006171006,2.4005,5.0385
3,lower_back,110,shoulder slouch,0.17617208006171006,0.18069961940969873,5.0385,8.877
3,lower_back,111,unknown,0.18069961940969873,0.18069961940969873,8.877,8.877
3,lower_back,112,lumbar slouch,0.18069961940969873,0.18069961940969873,8.877,8.877
3,lower_back,113,shoulder slouch,0.18126346818202413,0.18126346818202413,8.874166666666667,8.874166666666667
3,lower_back,114,unknown,0.18126346818202413,0.18126346818202413,8.874166666666667,8.874166666666667
3,lower_back,115,lumbar slouch,0.18126346818202413,0.18126346818202413,8.874166666666667,8.874166666666667
3,lower_back,116,shoulder slouch,0.18189430910645527,0.23171398897409892,7.4542,8.732
3,lower_back,117,unknown,0.23228342053668402,0.23228342053668402,2.8473333333333333,2.8473333333333333
3,lower_back,118,good+neck slouch,0.23228342053668402,0.23228342053668402,2.8473333333333333,2.8473333333333333
3,lower_back,119,good+neck slouch+shoulder slouch,0.23228342053668402,0.23228342053668402,2.8473333333333333,2.8473333333333333
3,lower_back,120,shoulder slouch,0.23228342053668402,0.23228342053668402,2.8473333333333333,2.8473333333333333
3,lower_back,121,unknown,0.23291426146111516,0.24814376483099032,-4.4361999999999995,1.4712
3,lower_back,122,neck slouch,0.24814376483099032,0.24814376483099032,1.4712,1.4712
3,lower_back,123,good+neck slouch,0.24814376483099032,0.24814376483099032,1.4712,1.4712
3,lower_back,124,good+neck slouch+shoulder slouch,0.24814376483099032,0.24871319639357542,1.4712,4.0286
3,lower_back,125,good+neck slouch,0.249243549222949,0.249243549222949,2.049,2.049
3,lower_back,126,good+neck slouch+shoulder slouch,0.249243549222949,0.249243549222949,2.049,2.049
3,lower_back,127,neck slouch,0.2497404061093708,0.2497404061093708,0.683,0.683
3,lower_back,128,good+neck slouch,0.2497404061093708,0.2497404061093708,0.683,0.683
3,lower_back,129,neck slouch,0.2503433338811098,0.2508736867104834,0.357,0.4646
3,lower_back,130,unknown,0.2514710316919627,0.2514710316919627,0.2396,0.2396
3,lower_back,131,neck slouch,0.2514710316919627,0.2514710316919627,0.2396,0.2396
3,lower_back,132,unknown,0.2520404632545478,0.2561604679644508,-0.07275,0.1296
3,lower_back,133,neck slouch,0.2561604679644508,0.26451213105983357,0.055999999999999994,0.547
3,lower_back,134,unknown,0.2651094760413129,0.2651094760413129,0.2306,0.2306
3,lower_back,135,neck slouch,0.2651094760413129,0.2651094760413129,0.2306,0.2306
3,lower_back,136,unknown,0.26567332507984043,0.26776682351084474,-0.6054999999999999,0.0484
3,lower_back,137,neck slouch,0.26776682351084474,0.26833625507342984,0.0484,0.7132000000000001
3,lower_back,138,good+neck slouch,0.26833625507342984,0.26833625507342984,0.7132000000000001,0.7132000000000001
3,lower_back,139,neck slouch,0.2689001038457553,0.2689001038457553,0.7682,0.7682
3,lower_back,140,good+neck slouch,0.2689001038457553,0.2689001038457553,0.7682,0.7682
3,lower_back,141,neck slouch,0.2694304566751289,0.27179192291594984,0.654,1.1086
3,lower_back,142,good+neck slouch,0.27179192291594984,0.2723278585355831,1.1086,4.6474
3,lower_back,143,good+neck slouch+shoulder slouch,0.2723278585355831,0.2723278585355831,4.6474,4.6474
3,lower_back,144,shoulder slouch,0.2723278585355831,0.2815057556890504,4.6474,6.4735000000000005
3,lower_back,145,good+neck slouch+shoulder slouch,0.2820696047275779,0.2820696047275779,4.5183333333333335,4.5183333333333335
3,lower_back,146,neck slouch+shoulder slouch,0.2820696047275779,0.2820696047275779,4.5183333333333335,4.5183333333333335
3,lower_back,147,good+neck slouch+shoulder slouch,0.2827339415949609,0.2838337259869196,4.4034,5.1345
3,lower_back,148,neck slouch+shoulder slouch,0.2838337259869196,0.2838337259869196,5.1345,5.1345
3,lower_back,149,shoulder slouch,0.2838337259869196,0.2838337259869196,5.1345,5.1345
3,lower_back,150,good+neck slouch+shoulder slouch,0.2842970869303895,0.2842970869303895,4.912,4.912
3,lower_back,151,shoulder slouch,0.2842970869303895,0.3012627984069142,4.912,8.0185
3,lower_back,152,neck slouch+shoulder slouch,0.3018266471792396,0.3018266471792396,5.2416,5.2416
3,lower_back,153,shoulder slouch,0.3018266471792396,0.3018266471792396,5.2416,5.2416
3,lower_back,154,neck slouch+shoulder slouch,0.30239049621776715,0.3107756552561018,4.8132,5.152
3,lower_back,155,good+neck slouch+shoulder slouch,0.311372999971379,0.311372999971379,4.8095,4.8095
3,lower_back,156,neck slouch+shoulder slouch,0.311372999971379,0.311372999971379,4.8095,4.8095
3,lower_back,157,good+neck slouch+shoulder slouch,0.31197034495285836,0.31383495430725755,4.797666666666667,4.8068333333333335
3,lower_back,158,neck slouch+shoulder slouch,0.31383495430725755,0.3404754195574692,4.8068333333333335,5.153
3,lower_back,159,good+neck slouch+shoulder slouch,0.34113975642485217,0.34113975642485217,4.7756,4.7756
3,lower_back,160,neck slouch+shoulder slouch,0.34113975642485217,0.34113975642485217,4.7756,4.7756
3,lower_back,161,shoulder slouch,0.34113975642485217,0.34280338985533837,4.7756,6.7774
3,lower_back,162,unknown,0.34333374268471195,0.34333374268471195,0.4054,0.4054
3,lower_back,163,good+neck slouch,0.34333374268471195,0.34333374268471195,0.4054,0.4054
3,lower_back,164,good+neck slouch+shoulder slouch,0.34333374268471195,0.34333374268471195,0.4054,0.4054
3,lower_back,165,unknown,0.34389759172323947,0.3609302948194657,-3.6706,-0.6438
3,lower_back,166,neck slouch,0.3609302948194657,0.3609302948194657,-0.7504,-0.7504
3,lower_back,167,good+neck slouch,0.3609302948194657,0.3609302948194657,-0.7504,-0.7504
3,lower_back,168,good+neck slouch+shoulder slouch,0.3614606479150414,0.3614606479150414,5.0592,5.0592
3,lower_back,169,neck slouch+shoulder slouch,0.3614606479150414,0.3614606479150414,5.0592,5.0592
3,lower_back,170,shoulder slouch,0.3614606479150414,0.3614606479150414,5.0592,5.0592
3,lower_back,171,good+neck slouch+shoulder slouch,0.361991000744415,0.361991000744415,4.922000000000001,4.922000000000001
3,lower_back,172,neck slouch+shoulder slouch,0.361991000744415,0.3629902973075182,4.922000000000001,5.1878
3,lower_back,173,shoulder slouch,0.3635541463460457,0.37206770663213007,5.2705,5.784888888888888
3,lower_back,174,good+neck slouch+shoulder slouch,0.3730670031952333,0.3730670031952333,5.1746,5.1746
3,lower_back,175,neck slouch+shoulder slouch,0.3730670031952333,0.3730670031952333,5.1746,5.1746
3,lower_back,176,shoulder slouch,0.3730670031952333,0.3730670031952333,5.1746,5.1746
3,lower_back,177,good+neck slouch+shoulder slouch,0.37359735602460686,0.37359735602460686,4.3991999999999996,4.3991999999999996
3,lower_back,178,neck slouch+shoulder slouch,0.3742002835301438,0.3742002835301438,5.1284,5.1284
3,lower_back,179,shoulder slouch,0.3742002835301438,0.37522749351214124,5.1284,10.935285714285714
3,lower_back,180,unknown,0.37522749351214124,0.37522749351214124,10.935285714285714,10.935285714285714
3,lower_back,181,lumbar slouch,0.37522749351214124,0.37835378444920065,10.935285714285714,12.997833333333332
3,lower_back,182,shoulder slouch,0.37895671195473757,0.37895671195473757,10.651399999999999,10.651399999999999
3,lower_back,183,lumbar slouch,0.37895671195473757,0.37895671195473757,10.651399999999999,10.651399999999999
3,lower_back,184,good+neck slouch+shoulder slouch,0.3795540569362169,0.3795540569362169,5.378,5.378
3,lower_back,185,shoulder slouch,0.3795540569362169,0.3795540569362169,5.378,5.378
3,lower_back,186,unknown,0.3800844097655905,0.3800844097655905,2.314,2.314
3,lower_back,187,good+neck slouch,0.3800844097655905,0.3800844097655905,2.314,2.314
3,lower_back,188,good+neck slouch+shoulder slouch,0.3800844097655905,0.3800844097655905,2.314,2.314
3,lower_back,189,unknown,0.38054777097526254,0.38054777097526254,-1.2842,-1.2842
3,lower_back,190,neck slouch,0.38054777097526254,0.38054777097526254,-1.2842,-1.2842
3,lower_back,191,unknown,0.38111720253784764,0.3816475553672212,-7.5806,-0.38439999999999996
3,lower_back,192,good+neck slouch+shoulder slouch,0.3816475553672212,0.3816475553672212,-0.38439999999999996,-0.38439999999999996
3,lower_back,193,shoulder slouch,0.3816475553672212,0.38274733975917996,-0.38439999999999996,9.5658
3,lower_back,194,unknown,0.38274733975917996,0.38274733975917996,9.5658,9.5658
3,lower_back,195,lumbar slouch,0.38274733975917996,0.48504962975425875,9.5658,10.56
3,lower_back,196,shoulder slouch,0.4857139666216417,0.4857139666216417,9.697333333333333,9.697333333333333
3,lower_back,197,lumbar slouch,0.4857139666216417,0.4857139666216417,9.697333333333333,9.697333333333333
3,lower_back,198,shoulder slouch,0.4864117994319765,0.49778926563556325,5.4722,7.1611666666666665
3,lower_back,199,good+neck slouch,0.49831961846493683,0.49831961846493683,3.2244,3.2244
3,lower_back,200,good+neck slouch+shoulder slouch,0.49831961846493683,0.49831961846493683,3.2244,3.2244
3,lower_back,201,neck slouch+shoulder slouch,0.49831961846493683,0.49831961846493683,3.2244,3.2244
3,lower_back,202,unknown,0.49888346750346435,0.49888346750346435,0.5780000000000001,0.5780000000000001
3,lower_back,203,neck slouch,0.49888346750346435,0.49888346750346435,0.5780000000000001,0.5780000000000001
3,lower_back,204,good+neck slouch,0.49888346750346435,0.49888346750346435,0.5780000000000001,0.5780000000000001
3,lower_back,205,unknown,0.499352411237194,0.5006140928198541,-0.4692,-0.26525
3,lower_back,206,neck slouch,0.5011165324965356,0.5011165324965356,2.9588,2.9588
3,lower_back,207,good+neck slouch,0.5011165324965356,0.5011165324965356,2.9588,2.9588
3,lower_back,208,good+neck slouch+shoulder slouch,0.5011165324965356,0.5011165324965356,2.9588,2.9588
3,lower_back,209,neck slouch+shoulder slouch,0.5011165324965356,0.5011165324965356,2.9588,2.9588
3,lower_back,210,shoulder slouch,0.5016468853259093,0.5090941571629867,6.791333333333333,8.34825
3,lower_back,211,unknown,0.5090941571629867,0.5090941571629867,8.34825,8.34825
3,lower_back,212,lumbar slouch,0.5090941571629867,0.5163795318093626,8.34825,13.1714
3,lower_back,213,unknown,0.5169768765246399,0.5169768765246399,9.3152,9.3152
3,lower_back,214,lumbar slouch,0.5169768765246399,0.5169768765246399,9.3152,9.3152
3,lower_back,215,unknown,0.517546308087225,0.5200361755757956,8.885285714285715,9.2428
3,lower_back,216,shoulder slouch,0.5209014883670916,0.5209014883670916,8.8342,8.8342
3,lower_back,217,unknown,0.5209014883670916,0.5209014883670916,8.8342,8.8342
3,lower_back,218,shoulder slouch,0.5214709199296766,0.5449850942428289,8.672799999999999,8.834
3,lower_back,219,unknown,0.5449850942428289,0.5542299832821999,8.834,9.770333333333333
3,lower_back,220,lumbar slouch,0.5542299832821999,0.5594162767073118,9.392333333333333,9.990166666666667
3,lower_back,221,unknown,0.5600806135746947,0.5600806135746947,9.3448,9.3448
3,lower_back,222,lumbar slouch,0.5600806135746947,0.5600806135746947,9.3448,9.3448
3,lower_back,223,unknown,0.5606500451372799,0.5749137478870036,9.168,9.340399999999999
3,lower_back,224,lumbar slouch,0.5749137478870036,0.5980985450284931,9.340399999999999,9.702666666666667
3,lower_back,225,unknown,0.5987293859529244,0.5987293859529244,9.422833333333333,9.422833333333333
3,lower_back,226,lumbar slouch,0.5987293859529244,0.5987293859529244,9.422833333333333,9.422833333333333
3,lower_back,227,shoulder slouch,0.5993267309344036,0.5993267309344036,8.7486,8.7486
3,lower_back,228,unknown,0.5993267309344036,0.5993267309344036,8.7486,8.7486
3,lower_back,229,good+neck slouch+shoulder slouch,0.5999575718588348,0.5999575718588348,6.3015,6.3015
3,lower_back,230,shoulder slouch,0.5999575718588348,0.5999575718588348,6.3015,6.3015
3,lower_back,231,good+neck slouch,0.6005604993643717,0.610771189023894,1.2055,3.9568333333333334
3,lower_back,232,good+neck slouch+shoulder slouch,0.610771189023894,0.610771189023894,3.9568333333333334,3.9568333333333334
3,lower_back,233,neck slouch+shoulder slouch,0.610771189023894,0.610771189023894,3.9568333333333334,3.9568333333333334
3,lower_back,234,shoulder slouch,0.610771189023894,0.610771189023894,3.9568333333333334,3.9568333333333334
3,lower_back,235,good+neck slouch+shoulder slouch,0.6114020299483252,0.6114020299483252,5.178166666666667,5.178166666666667
3,lower_back,236,shoulder slouch,0.6114020299483252,0.6114020299483252,5.178166666666667,5.178166666666667
3,lower_back,237,good+neck slouch+shoulder slouch,0.6120663665495061,0.6126972074739372,4.0266,4.7076
3,lower_back,238,neck slouch+shoulder slouch,0.6126972074739372,0.6132331430935705,4.7076,5.0384
3,lower_back,239,good+neck slouch+shoulder slouch,0.6137634961891462,0.6137634961891462,4.9042,4.9042
3,lower_back,240,neck slouch+shoulder slouch,0.6137634961891462,0.6137634961891462,4.9042,4.9042
3,lower_back,241,shoulder slouch,0.6137634961891462,0.6137634961891462,4.9042,4.9042
3,lower_back,242,good+neck slouch,0.6143273449614716,0.6143273449614716,2.5192,2.5192
3,lower_back,243,good+neck slouch+shoulder slouch,0.6143273449614716,0.6143273449614716,2.5192,2.5192
3,lower_back,244,good+neck slouch,0.6149246899429509,0.6149246899429509,2.8476,2.8476
3,lower_back,245,good+neck slouch+shoulder slouch,0.6149246899429509,0.6154606255625842,2.8476,5.147166666666667
3,lower_back,246,neck slouch+shoulder slouch,0.6154606255625842,0.6154606255625842,5.147166666666667,5.147166666666667
3,lower_back,247,shoulder slouch,0.6154606255625842,0.61725266024082,5.147166666666667,5.4394
3,lower_back,248,good+neck slouch+shoulder slouch,0.6179225796322606,0.6179225796322606,4.7798,4.7798
3,lower_back,249,neck slouch+shoulder slouch,0.6179225796322606,0.6179225796322606,4.7798,4.7798
3,lower_back,250,shoulder slouch,0.6179225796322606,0.6179225796322606,4.7798,4.7798
3,lower_back,251,good+neck slouch+shoulder slouch,0.6184529324616342,0.6277648136531109,3.3972,26.051499999999997
3,lower_back,252,unknown,0.6277648136531109,0.6277648136531109,26.051499999999997,26.051499999999997
3,lower_back,253,good+neck slouch+shoulder slouch,0.6284291505204939,0.6499838101744491,3.9433333333333334,4.4448
3,lower_back,254,good+neck slouch,0.6505141632700246,0.6505141632700246,3.2565,3.2565
3,lower_back,255,good+neck slouch+shoulder slouch,0.6505141632700246,0.6505141632700246,3.2565,3.2565
3,lower_back,256,good+neck slouch,0.6511785001374076,0.6517088529667813,2.5312,2.5992
3,lower_back,257,good+neck slouch+shoulder slouch,0.6517088529667813,0.6575985619924877,2.5992,4.337
3,lower_back,258,neck slouch+shoulder slouch,0.6575985619924877,0.6581289148218612,4.337,5.391
3,lower_back,259,shoulder slouch,0.6581289148218612,0.6598595401382511,5.3304,9.536
3,lower_back,260,lumbar slouch,0.6598595401382511,0.7401493920599623,9.534333333333333,15.325800000000001
3,lower_back,261,shoulder slouch,0.7408472248702971,0.7408472248702971,7.437,7.437
3,lower_back,262,unknown,0.7415115617376801,0.7415115617376801,3.6189999999999998,3.6189999999999998
3,lower_back,263,good+neck slouch,0.7415115617376801,0.7415115617376801,3.6189999999999998,3.6189999999999998
3,lower_back,264,good+neck slouch+shoulder slouch,0.7415115617376801,0.7415115617376801,3.6189999999999998,3.6189999999999998
3,lower_back,265,shoulder slouch,0.7415115617376801,0.7415115617376801,3.6189999999999998,3.6189999999999998
3,lower_back,266,unknown,0.7420754105100055,0.7420754105100055,-0.9348333333333333,-0.9348333333333333
3,lower_back,267,neck slouch,0.7426727554914848,0.7432756829970217,0.6206,0.6952
3,lower_back,268,good+neck slouch,0.7432756829970217,0.7443698848649228,0.6952,2.9422
3,lower_back,269,good+neck slouch+shoulder slouch,0.7443698848649228,0.7499246339287068,2.9422,4.7836
3,lower_back,270,neck slouch+shoulder slouch,0.7499246339287068,0.7516552595112987,4.7836,5.0428
3,lower_back,271,good+neck slouch,0.752252604226576,0.752252604226576,3.866,3.866
3,lower_back,272,good+neck slouch+shoulder slouch,0.752252604226576,0.752252604226576,3.866,3.866
3,lower_back,273,neck slouch+shoulder slouch,0.752252604226576,0.752252604226576,3.866,3.866
3,lower_back,274,good+neck slouch,0.7528164532651035,0.7528164532651035,2.471,2.471
3,lower_back,275,good+neck slouch+shoulder slouch,0.7528164532651035,0.7528164532651035,2.471,2.471
3,lower_back,276,good+neck slouch,0.7534863726565441,0.7545805745244452,1.5624,2.998
3,lower_back,277,good+neck slouch+shoulder slouch,0.7545805745244452,0.7551444235629726,2.998,3.8846
3,lower_back,278,good+neck slouch,0.7556803589164038,0.7556803589164038,2.12575,2.12575
3,lower_back,279,good+neck slouch+shoulder slouch,0.7556803589164038,0.7556803589164038,2.12575,2.12575
3,lower_back,280,unknown,0.7561437201260759,0.7574054017087362,-1.2323333333333333,0.261
3,lower_back,281,neck slouch,0.7574054017087362,0.7574054017087362,0.261,0.261
3,lower_back,282,unknown,0.758008329214273,0.764059935430681,-1.866857142857143,0.969
3,lower_back,283,neck slouch,0.764059935430681,0.764059935430681,0.969,0.969
3,lower_back,284,good+neck slouch,0.764059935430681,0.764059935430681,0.969,0.969
3,lower_back,285,good+neck slouch+shoulder slouch,0.7646237844692084,0.7653216172795432,3.1446666666666667,3.6934
3,lower_back,286,neck slouch+shoulder slouch,0.7658240566900225,0.7658240566900225,5.1318,5.1318
3,lower_back,287,shoulder slouch,0.7658240566900225,0.7658240566900225,5.1318,5.1318
3,lower_back,288,neck slouch+shoulder slouch,0.7664214016715019,0.7664214016715019,5.844833333333334,5.844833333333334
3,lower_back,289,shoulder slouch,0.7664214016715019,0.7670187466529812,5.844833333333334,8.1856
3,lower_back,290,unknown,0.7670187466529812,0.7676160913682585,8.1856,9.478
3,lower_back,291,lumbar slouch,0.7676160913682585,0.7676160913682585,9.478,9.478
3,lower_back,292,shoulder slouch,0.7682525150829492,0.7682525150829492,7.567,7.567
3,lower_back,293,unknown,0.7682525150829492,0.7689168516841302,1.1724285714285714,7.567
3,lower_back,294,good+neck slouch+shoulder slouch,0.7689168516841302,0.7689168516841302,1.1724285714285714,1.1724285714285714
3,lower_back,295,neck slouch+shoulder slouch,0.7689168516841302,0.7689168516841302,1.1724285714285714,1.1724285714285714
3,lower_back,296,unknown,0.7696816766465706,0.7720431428873916,-18.2682,-7.110833333333334
3,lower_back,297,neck slouch,0.7726404876026689,0.7726404876026689,2.57475,2.57475
3,lower_back,298,good+neck slouch+shoulder slouch,0.7726404876026689,0.7726404876026689,2.57475,2.57475
3,lower_back,299,unknown,0.7731038485461388,0.7731038485461388,-2.4772499999999997,-2.4772499999999997
3,lower_back,300,neck slouch,0.7731038485461388,0.7731038485461388,-2.4772499999999997,-2.4772499999999997
3,lower_back,301,unknown,0.7735727922798684,0.8320400164716057,-14.733,0.2472
3,lower_back,302,good+neck slouch,0.8320400164716057,0.8320400164716057,0.2472,0.2472
3,lower_back,303,good+neck slouch+shoulder slouch,0.8320400164716057,0.8320400164716057,0.2472,0.2472
3,lower_back,304,unknown,0.832575952091239,0.832575952091239,3.0376,3.0376
3,lower_back,305,good+neck slouch+shoulder slouch,0.832575952091239,0.832575952091239,3.0376,3.0376
3,lower_back,306,unknown,0.8331732970727184,0.8490392236248802,-9.756,0.6352
3,lower_back,307,good+neck slouch,0.8490392236248802,0.8501334254927813,0.6352,2.46375
3,lower_back,308,good+neck slouch+shoulder slouch,0.8501334254927813,0.8501334254927813,2.46375,2.46375
3,lower_back,309,neck slouch,0.850602369226511,0.850602369226511,1.951,1.951
3,lower_back,310,good+neck slouch,0.850602369226511,0.850602369226511,1.951,1.951
3,lower_back,311,good+neck slouch+shoulder slouch,0.850602369226511,0.850602369226511,1.951,1.951
3,lower_back,312,unknown,0.8511327220558845,0.8511327220558845,-2.0896,-2.0896
3,lower_back,313,neck slouch,0.8511327220558845,0.8511327220558845,-2.0896,-2.0896
3,lower_back,314,unknown,0.8516965710944121,0.86669718512148,-8.978200000000001,1.7478
3,lower_back,315,good+neck slouch,0.86669718512148,0.86669718512148,1.7478,1.7478
3,lower_back,316,good+neck slouch+shoulder slouch,0.86669718512148,0.8683608185519662,1.7478,5.248833333333334
3,lower_back,317,shoulder slouch,0.8683608185519662,0.8690251554193491,5.248833333333334,10.8415
3,lower_back,318,unknown,0.8690251554193491,0.8690251554193491,10.8415,10.8415
3,lower_back,319,lumbar slouch,0.8690251554193491,0.9422641045615493,10.8415,14.898333333333333
3,lower_back,320,good+neck slouch,0.942961937371884,0.942961937371884,7.4383333333333335,7.4383333333333335
3,lower_back,321,neck slouch+shoulder slouch,0.942961937371884,0.942961937371884,7.4383333333333335,7.4383333333333335
3,lower_back,322,shoulder slouch,0.942961937371884,0.942961937371884,7.4383333333333335,7.4383333333333335
3,lower_back,323,unknown,0.942961937371884,0.942961937371884,7.4383333333333335,7.4383333333333335
3,lower_back,324,lumbar slouch,0.942961937371884,0.942961937371884,7.4383333333333335,7.4383333333333335
3,lower_back,325,unknown,0.9438886592588239,0.9438886592588239,-2.3125999999999998,-2.3125999999999998
3,lower_back,326,neck slouch,0.9438886592588239,0.9438886592588239,-2.3125999999999998,-2.3125999999999998
3,lower_back,327,unknown,0.9444915867643608,1,-7.325166666666666,-2.3136
3,mid_back,0,unknown,0,0.37780805558395403,-24.94033333333333,22.9704
3,mid_back,1,shoulder slouch,0.37780805558395403,0.3783106156363144,22.9704,26.24925
3,mid_back,2,unknown,0.37877408810471097,0.6603809407731744,-23.334666666666667,22.286
3,mid_back,3,shoulder slouch,0.6603809407731744,0.6612464610704465,22.286,27.81625
3,mid_back,4,unknown,0.6616429253010978,0.6616429253010978,24.17375,24.17375
3,mid_back,5,shoulder slouch,0.6616429253010978,0.6616429253010978,24.17375,24.17375
3,mid_back,6,unknown,0.6621063975032283,0.6657024954340731,15.459,24.73975
3,mid_back,7,shoulder slouch,0.6661659676362036,0.6769486772979818,24.93225,27.822499999999998
3,mid_back,8,unknown,0.6773786457806388,0.8942110642454414,-30.796666666666667,24.4655
3,mid_back,9,shoulder slouch,0.8946801203120622,0.8987006025948077,24.9686,28.1996
3,mid_back,10,unknown,0.8987006025948077,0.8987006025948077,28.1996,28.1996
3,mid_back,11,shoulder slouch,0.8991696586614284,0.9001356911821854,28.043400000000002,28.2448
3,mid_back,12,unknown,0.9005991636505819,0.9005991636505819,25.766666666666666,25.766666666666666
3,mid_back,13,shoulder slouch,0.9005991636505819,0.9005991636505819,25.766666666666666,25.766666666666666
3,mid_back,14,unknown,0.9010012117457235,0.9010012117457235,24.761333333333333,24.761333333333333
3,mid_back,15,shoulder slouch,0.9010012117457235,0.9010012117457235,24.761333333333333,24.761333333333333
3,mid_back,16,unknown,0.9013641719906351,0.9148048669174845,16.02625,25.263
3,mid_back,17,shoulder slouch,0.9148048669174845,0.9188309330647202,25.263,28.39975
3,mid_back,18,unknown,0.9192944052668507,0.9238509518539623,28.448,28.5422
3,mid_back,19,shoulder slouch,0.9242865039348435,0.9242865039348435,28.425666666666665,28.425666666666665
3,mid_back,20,unknown,0.9242865039348435,0.9242865039348435,28.425666666666665,28.425666666666665
3,mid_back,21,shoulder slouch,0.9246829681654947,0.9288765545076946,28.3216,28.39675
3,mid_back,22,unknown,0.9293735306955647,0.9424177616580288,25.29325,29.03125
3,mid_back,23,shoulder slouch,0.9424177616580288,0.9424177616580288,25.29325,25.29325
3,mid_back,24,unknown,0.9424177616580288,1,-23.54375,25.29325
3,neck,0,unknown,0,1,-39.04816666666667,7.7092
4,lower_back,0,unknown,0,0.0042433840753375125,-0.005,0.10516666666666666
4,lower_back,1,neck slouch,0.0042433840753375125,0.0062674947698763825,0.10516666666666666,0.784625
4,lower_back,2,good+neck slouch,0.0062674947698763825,0.00782879253753086,0.784625,1.6316
4,lower_back,3,unknown,0.008397550960654473,0.008397550960654473,0.8197,0.8197
4,lower_back,4,neck slouch,0.008397550960654473,0.008397550960654473,0.8197,0.8197
4,lower_back,5,good+neck slouch,0.008397550960654473,0.008397550960654473,0.8197,0.8197
4,lower_back,6,unknown,0.009457002998285197,0.012378859922519761,-14.287833333333333,0.07928571428571426
4,lower_back,7,neck slouch,0.012378859922519761,0.012378859922519761,0.07928571428571426,0.07928571428571426
4,lower_back,8,good+neck slouch,0.012378859922519761,0.012378859922519761,0.07928571428571426,0.07928571428571426
4,lower_back,9,unknown,0.013209693459115598,0.013209693459115598,-0.2818888888888889,-0.2818888888888889
4,lower_back,10,neck slouch,0.013209693459115598,0.013209693459115598,-0.2818888888888889,-0.2818888888888889
4,lower_back,11,good+neck slouch,0.013209693459115598,0.013209693459115598,-0.2818888888888889,-0.2818888888888889
4,lower_back,12,unknown,0.01420780872846108,0.12668815298194852,-1.9995714285714286,0.19866666666666669
4,lower_back,13,neck slouch,0.12668815298194852,0.130412963286931,0.19866666666666669,0.2494
4,lower_back,14,unknown,0.1309761455193526,0.1309761455193526,0.2284,0.2284
4,lower_back,15,neck slouch,0.1309761455193526,0.1309761455193526,0.2284,0.2284
4,lower_back,16,unknown,0.13150587167111166,0.13260435598010695,-0.1318,0.17800000000000002
4,lower_back,17,neck slouch,0.13260435598010695,0.21468958054419993,0.157875,0.659
4,lower_back,18,unknown,0.21528621938905884,0.21528621938905884,0.08057142857142857,0.08057142857142857
4,lower_back,19,neck slouch,0.21528621938905884,0.21528621938905884,0.08057142857142857,0.08057142857142857
4,lower_back,20,unknown,0.21598322727356756,0.216613322199089,-0.6626,0.022000000000000002
4,lower_back,21,neck slouch,0.21724899358119987,0.21724899358119987,0.3144,0.3144
4,lower_back,22,unknown,0.21781217581362147,0.21781217581362147,0.09659999999999999,0.09659999999999999
4,lower_back,23,neck slouch,0.21781217581362147,0.21781217581362147,0.09659999999999999,0.09659999999999999
4,lower_back,24,unknown,0.21837535831193045,0.25687807369265925,-0.9206666666666666,0.1565
4,lower_back,25,neck slouch,0.25687807369265925,0.2587404788451505,0.1565,0.2703333333333333
4,lower_back,26,unknown,0.25933711769000944,0.25933711769000944,0.12166666666666667,0.12166666666666667
4,lower_back,27,neck slouch,0.25933711769000944,0.25933711769000944,0.12166666666666667,0.12166666666666667
4,lower_back,28,unknown,0.25996721261553085,0.2622924309607939,0.1152,0.2
4,lower_back,29,neck slouch,0.2622924309607939,0.30411848022201865,0.2,0.3435
4,lower_back,30,unknown,0.3046816624544402,0.3046816624544402,0.17425,0.17425
4,lower_back,31,neck slouch,0.3046816624544402,0.3046816624544402,0.17425,0.17425
4,lower_back,32,unknown,0.305177931993762,0.305177931993762,0.17566666666666667,0.17566666666666667
4,lower_back,33,neck slouch,0.305177931993762,0.305177931993762,0.17566666666666667,0.17566666666666667
4,lower_back,34,unknown,0.30584148353172075,0.30584148353172075,0.13,0.13
4,lower_back,35,neck slouch,0.30584148353172075,0.31026330172121197,0.13,0.3215
4,lower_back,36,unknown,0.3110941349919204,0.3110941349919204,0.18525,0.18525
4,lower_back,37,neck slouch,0.3110941349919204,0.3110941349919204,0.18525,0.18525
4,lower_back,38,unknown,0.31159040453124215,0.3121201306830012,0.0878,0.2895
4,lower_back,39,neck slouch,0.3121201306830012,0.3158449407220963,0.20980000000000001,0.4056
4,lower_back,40,unknown,0.31637466687385535,0.33979413179334805,0.022,0.2921666666666667
4,lower_back,41,neck slouch,0.33979413179334805,0.34049113967785677,0.2921666666666667,0.5071666666666667
4,lower_back,42,unknown,0.34112123460337823,0.34112123460337823,0.21080000000000002,0.21080000000000002
4,lower_back,43,neck slouch,0.34112123460337823,0.34112123460337823,0.21080000000000002,0.21080000000000002
4,lower_back,44,unknown,0.3416899930265018,0.3427494450641326,0.1164,0.2866666666666667
4,lower_back,45,neck slouch,0.3427494450641326,0.4039077050526329,0.21275,0.42633333333333334
4,lower_back,46,unknown,0.40440397459195465,0.40440397459195465,0.19842857142857143,0.19842857142857143
4,lower_back,47,neck slouch,0.40440397459195465,0.40440397459195465,0.19842857142857143,0.19842857142857143
4,lower_back,48,unknown,0.40517347136026527,0.40643366147719556,0.049166666666666664,0.28885714285714287
4,lower_back,49,neck slouch,0.40643366147719556,0.4087254234759087,0.2198,0.533375
4,lower_back,50,unknown,0.4093555186673175,0.4093555186673175,0.1858,0.1858
4,lower_back,51,neck slouch,0.4093555186673175,0.4093555186673175,0.1858,0.1858
4,lower_back,52,unknown,0.4098852445531892,0.4098852445531892,0.18666666666666668,0.18666666666666668
4,lower_back,53,neck slouch,0.4098852445531892,0.4098852445531892,0.18666666666666668,0.18666666666666668
4,lower_back,54,unknown,0.4105209156694127,0.462673833736883,0.022500000000000003,0.16566666666666668
4,lower_back,55,neck slouch,0.462673833736883,0.4642685878510874,0.03528571428571429,0.7548
4,lower_back,56,good+neck slouch,0.4642685878510874,0.4642685878510874,0.7548,0.7548
4,lower_back,57,neck slouch,0.46483177008350895,0.4654005285066326,0.3614,0.6208
4,lower_back,58,unknown,0.4659971673514915,0.4659971673514915,0.201,0.201
4,lower_back,59,neck slouch,0.4659971673514915,0.4659971673514915,0.201,0.201
4,lower_back,60,unknown,0.4667610879291001,0.5575170906828364,-1.0698571428571428,-0.06422222222222224
4,lower_back,61,neck slouch,0.5575170906828364,0.5575170906828364,-0.06422222222222224,-0.06422222222222224
4,lower_back,62,unknown,0.5584817496056319,0.5584817496056319,0.2881111111111111,0.2881111111111111
4,lower_back,63,neck slouch,0.5584817496056319,0.5584817496056319,0.2881111111111111,0.2881111111111111
4,lower_back,64,unknown,0.5594742886842754,0.5730966106833942,-0.027,0.196
4,lower_back,65,neck slouch,0.5730966106833942,0.5840256945252007,0.196,0.4084
4,lower_back,66,unknown,0.5846557894507222,0.5846557894507222,0.20485714285714285,0.20485714285714285
4,lower_back,67,neck slouch,0.5846557894507222,0.5846557894507222,0.20485714285714285,0.20485714285714285
4,lower_back,68,unknown,0.5853527973352309,0.5853527973352309,0.19340000000000002,0.19340000000000002
4,lower_back,69,neck slouch,0.5859550123707918,0.5859550123707918,0.2066,0.2066
4,lower_back,70,unknown,0.5865181946032134,0.5865181946032134,0.20320000000000002,0.20320000000000002
4,lower_back,71,neck slouch,0.5865181946032134,0.5917318135261611,0.20320000000000002,0.29219999999999996
4,lower_back,72,unknown,0.5923953650641199,0.6005029607554543,0.12628571428571428,0.20885714285714285
4,lower_back,73,neck slouch,0.6005029607554543,0.6162832193670864,0.20885714285714285,0.2286
4,lower_back,74,unknown,0.6168798579460579,0.6168798579460579,0.201,0.201
4,lower_back,75,neck slouch,0.6168798579460579,0.6168798579460579,0.201,0.201
4,lower_back,76,unknown,0.6175099531374668,0.6609976692059958,-0.034666666666666665,0.20133333333333334
4,lower_back,77,neck slouch,0.6609976692059958,0.6647838160133761,0.20133333333333334,0.21485714285714286
4,lower_back,78,unknown,0.6655811929375346,0.6655811929375346,0.20157142857142857,0.20157142857142857
4,lower_back,79,neck slouch,0.6655811929375346,0.6655811929375346,0.20157142857142857,0.20157142857142857
4,lower_back,80,unknown,0.6663116571685933,0.6671090343586392,0.18914285714285714,0.20700000000000002
4,lower_back,81,neck slouch,0.6671090343586392,0.6774414790896994,0.20700000000000002,0.343
4,lower_back,82,unknown,0.6779712052414585,0.6779712052414585,0.224,0.224
4,lower_back,83,neck slouch,0.6779712052414585,0.6779712052414585,0.224,0.224
4,lower_back,84,unknown,0.6785343874738801,0.6785343874738801,0.20716666666666667,0.20716666666666667
4,lower_back,85,neck slouch,0.6785343874738801,0.6785343874738801,0.20716666666666667,0.20716666666666667
4,lower_back,86,unknown,0.6791979390118388,0.6831848241644062,0.06116666666666667,0.19216666666666668
4,lower_back,87,neck slouch,0.6831848241644062,0.7006936622764425,0.19216666666666668,0.443
4,lower_back,88,unknown,0.7013572135485139,0.7013572135485139,0.16933333333333334,0.16933333333333334
4,lower_back,89,neck slouch,0.7020207650864726,0.7072678406218577,0.23424999999999999,0.317
4,lower_back,90,unknown,0.7080317611994662,0.7080317611994662,0.19371428571428573,0.19371428571428573
4,lower_back,91,neck slouch,0.7080317611994662,0.7080317611994662,0.19371428571428573,0.19371428571428573
4,lower_back,92,unknown,0.7088291381236247,0.7094982658522855,-0.07766666666666668,0.289
4,lower_back,93,neck slouch,0.7094982658522855,0.710094904431257,0.289,0.4137
4,lower_back,94,unknown,0.7111543564688878,0.7111543564688878,0.167,0.167
4,lower_back,95,neck slouch,0.7111543564688878,0.7111543564688878,0.167,0.167
4,lower_back,96,unknown,0.7119851900054835,0.7126208611217071,0.1795,0.21416666666666667
4,lower_back,97,neck slouch,0.7126208611217071,0.7486645327709731,0.21416666666666667,0.352
4,lower_back,98,unknown,0.7495901591565167,0.7495901591565167,0.19625,0.19625
4,lower_back,99,neck slouch,0.7495901591565167,0.7495901591565167,0.19625,0.19625
4,lower_back,100,unknown,0.7501254612330904,0.8202834869519188,-0.358,0.20455555555555555
4,lower_back,101,neck slouch,0.8202834869519188,0.8202834869519188,0.20455555555555555,0.20455555555555555
4,lower_back,102,unknown,0.8212146895281643,0.8212146895281643,0.14350000000000002,0.14350000000000002
4,lower_back,103,neck slouch,0.8212146895281643,0.8212146895281643,0.14350000000000002,0.14350000000000002
4,lower_back,104,unknown,0.8220789791454227,0.8362310272963006,-0.3362,0.1675
4,lower_back,105,neck slouch,0.8362310272963006,0.8362310272963006,0.1675,0.1675
4,lower_back,106,unknown,0.8368611224877095,0.9270873990896867,-1.1984000000000001,-0.028333333333333342
4,lower_back,107,neck slouch,0.9270873990896867,0.9270873990896867,-0.028333333333333342,-0.028333333333333342
4,lower_back,108,unknown,0.9277844069741954,0.9478470819325296,-0.4524,0.0998
4,lower_back,109,neck slouch,0.9484437207773886,0.9518005107385471,0.401,0.5646
4,lower_back,110,unknown,0.9525644313161556,0.9525644313161556,0.2902,0.2902
4,lower_back,111,neck slouch,0.9525644313161556,0.9525644313161556,0.2902,0.2902
4,lower_back,112,unknown,0.9531945265075645,0.9549231060079686,0.1274,0.1992857142857143
4,lower_back,113,neck slouch,0.9549231060079686,0.9596069990450447,0.1992857142857143,0.264
4,lower_back,114,unknown,0.9604378323157531,0.9604378323157531,0.20120000000000002,0.20120000000000002
4,lower_back,115,neck slouch,0.9604378323157531,0.9604378323157531,0.20120000000000002,0.20120000000000002
4,lower_back,116,unknown,0.9610010148140621,0.971634566929959,-0.0010000000000000002,0.179
4,lower_back,117,neck slouch,0.971634566929959,0.971634566929959,0.179,0.179
4,lower_back,118,unknown,0.9721642930817181,0.9721642930817181,0.234,0.234
4,lower_back,119,neck slouch,0.9721642930817181,0.9721642930817181,0.234,0.234
4,lower_back,120,unknown,0.9727609316606897,1,-0.198,0.18016666666666667
4,mid_back,0,unknown,0,1,-27.701999999999998,7.68075
4,neck,0,unknown,0,0.0033910804934315464,-5.324,10.57725
4,neck,1,good,0.0033910804934315464,0.0033910804934315464,10.57725,10.57725
4,neck,2,unknown,0.0038938763853892415,1,-40.8792,9.2758
5,lower_back,0,unknown,0,0.002063523206663902,-1.7395,0.20699999999999996
5,lower_back,1,good+neck slouch,0.002063523206663902,0.002063523206663902,0.20699999999999996,0.20699999999999996
5,lower_back,2,shoulder slouch,0.002063523206663902,0.002063523206663902,0.20699999999999996,0.20699999999999996
5,lower_back,3,unknown,0.0027941218752120128,0.0027941218752120128,1.8063333333333333,1.8063333333333333
5,lower_back,4,neck slouch,0.0027941218752120128,0.0027941218752120128,1.8063333333333333,1.8063333333333333
5,lower_back,5,good+neck slouch,0.0027941218752120128,0.0027941218752120128,1.8063333333333333,1.8063333333333333
5,lower_back,6,neck slouch+shoulder slouch,0.0027941218752120128,0.0027941218752120128,1.8063333333333333,1.8063333333333333
5,lower_back,7,shoulder slouch,0.0027941218752120128,0.0027941218752120128,1.8063333333333333,1.8063333333333333
5,lower_back,8,unknown,0.0035247205437601236,0.0041549317003484595,-2.7119999999999997,0.28
5,lower_back,9,neck slouch,0.0041549317003484595,0.0041549317003484595,0.28,0.28
5,lower_back,10,good+neck slouch,0.0041549317003484595,0.0041549317003484595,0.28,0.28
5,lower_back,11,unknown,0.0048520678649099785,0.0048520678649099785,0.012400000000000003,0.012400000000000003
5,lower_back,12,neck slouch,0.0048520678649099785,0.0048520678649099785,0.012400000000000003,0.012400000000000003
5,lower_back,13,good+neck slouch,0.0048520678649099785,0.0048520678649099785,0.012400000000000003,0.012400000000000003
5,lower_back,14,unknown,0.005354005690645198,0.006614428003821869,-1.8071666666666666,3.78275
5,lower_back,15,good+neck slouch,0.006614428003821869,0.006614428003821869,3.78275,3.78275
5,lower_back,16,good+neck slouch+shoulder slouch,0.006614428003821869,0.006614428003821869,3.78275,3.78275
5,lower_back,17,neck slouch+shoulder slouch,0.006614428003821869,0.006614428003821869,3.78275,3.78275
5,lower_back,18,shoulder slouch,0.006614428003821869,0.006614428003821869,3.78275,3.78275
5,lower_back,19,good+neck slouch+shoulder slouch,0.007411951680343164,0.007941775324971723,2.7882,3.03625
5,lower_back,20,good+neck slouch,0.00851063842461647,0.00851063842461647,2.5828,2.5828
5,lower_back,21,good+neck slouch+shoulder slouch,0.00851063842461647,0.00851063842461647,2.5828,2.5828
5,lower_back,22,good+neck slouch,0.009073924307295278,0.030902652083519732,1.581,2.56775
5,lower_back,23,good+neck slouch+shoulder slouch,0.030902652083519732,0.059976018488281706,2.56775,3.5532
5,lower_back,24,good+neck slouch,0.06057276714088345,0.06057276714088345,2.4138,2.4138
5,lower_back,25,good+neck slouch+shoulder slouch,0.06057276714088345,0.06057276714088345,2.4138,2.4138
5,lower_back,26,good+neck slouch,0.06116951579348519,0.0628649509244239,2.2104,2.4671666666666665
5,lower_back,27,good+neck slouch+shoulder slouch,0.0628649509244239,0.06349516181507589,2.4671666666666665,3.3518333333333334
5,lower_back,28,good+neck slouch,0.06416441269261676,0.06416441269261676,2.9865,2.9865
5,lower_back,29,good+neck slouch+shoulder slouch,0.06416441269261676,0.06416441269261676,2.9865,2.9865
5,lower_back,30,good+neck slouch,0.06482808635319168,0.0664900589801438,2.3194,2.6006
5,lower_back,31,good+neck slouch+shoulder slouch,0.0664900589801438,0.08350018139544486,2.6006,3.73
5,lower_back,32,good+neck slouch,0.08399654227015049,0.08399654227015049,2.6402,2.6402
5,lower_back,33,good+neck slouch+shoulder slouch,0.08399654227015049,0.08399654227015049,2.6402,2.6402
5,lower_back,34,good+neck slouch,0.0845598281528293,0.09672346018612267,0.9878333333333333,2.5827999999999998
5,lower_back,35,good+neck slouch+shoulder slouch,0.09672346018612267,0.13536711203882187,2.5827999999999998,4.7645
5,lower_back,36,neck slouch+shoulder slouch,0.13536711203882187,0.13536711203882187,4.7645,4.7645
5,lower_back,37,good+neck slouch+shoulder slouch,0.13596386042548728,0.13596386042548728,4.899,4.899
5,lower_back,38,neck slouch+shoulder slouch,0.13596386042548728,0.13891971786960267,4.832142857142857,4.899
5,lower_back,39,good+neck slouch+shoulder slouch,0.1395833915301776,0.1395833915301776,4.805777777777778,4.805777777777778
5,lower_back,40,neck slouch+shoulder slouch,0.1395833915301776,0.1395833915301776,4.805777777777778,4.805777777777778
5,lower_back,41,good+neck slouch+shoulder slouch,0.14058169049655478,0.1412788266611163,4.74,4.752666666666666
5,lower_back,42,neck slouch+shoulder slouch,0.1412788266611163,0.14340369765878744,4.752666666666666,4.871166666666666
5,lower_back,43,good+neck slouch+shoulder slouch,0.1440060232624188,0.1440060232624188,4.8055,4.8055
5,lower_back,44,neck slouch+shoulder slouch,0.1440060232624188,0.1440060232624188,4.8055,4.8055
5,lower_back,45,good+neck slouch+shoulder slouch,0.14446892163313782,0.14446892163313782,4.7948,4.7948
5,lower_back,46,neck slouch+shoulder slouch,0.14503220778175296,0.1456958814423279,4.846666666666667,4.8685
5,lower_back,47,good+neck slouch+shoulder slouch,0.14633166954994584,0.14633166954994584,4.9912,4.9912
5,lower_back,48,neck slouch+shoulder slouch,0.14633166954994584,0.14633166954994584,4.9912,4.9912
5,lower_back,49,shoulder slouch,0.14633166954994584,0.16633111191334887,4.9912,6.295333333333333
5,lower_back,50,neck slouch+shoulder slouch,0.16716209809385674,0.16716209809385674,5.5614,5.5614
5,lower_back,51,shoulder slouch,0.16716209809385674,0.16716209809385674,5.5614,5.5614
5,lower_back,52,good+neck slouch+shoulder slouch,0.16779230925044508,0.16779230925044508,4.896571428571429,4.896571428571429
5,lower_back,53,neck slouch+shoulder slouch,0.16779230925044508,0.16779230925044508,4.896571428571429,4.896571428571429
5,lower_back,54,good+neck slouch+shoulder slouch,0.1685563704229798,0.1685563704229798,4.7406,4.7406
5,lower_back,55,neck slouch+shoulder slouch,0.1685563704229798,0.1685563704229798,4.7406,4.7406
5,lower_back,56,good+neck slouch+shoulder slouch,0.16908619406760836,0.16908619406760836,4.811,4.811
5,lower_back,57,neck slouch+shoulder slouch,0.16908619406760836,0.16968851967123968,4.811,5.226166666666667
5,lower_back,58,shoulder slouch,0.16968851967123968,0.17444019975825353,5.226166666666667,6.812125
5,lower_back,59,neck slouch+shoulder slouch,0.17503694814491894,0.17503694814491894,6.060666666666667,6.060666666666667
5,lower_back,60,shoulder slouch,0.17503694814491894,0.17503694814491894,6.060666666666667,6.060666666666667
5,lower_back,61,good+neck slouch+shoulder slouch,0.17573408430948045,0.17573408430948045,4.256333333333333,4.256333333333333
5,lower_back,62,shoulder slouch,0.1763642954660688,0.18510359446756183,5.477666666666667,6.394166666666667
5,lower_back,63,good+neck slouch+shoulder slouch,0.18573380562415015,0.18573380562415015,5.179,5.179
5,lower_back,64,neck slouch+shoulder slouch,0.18573380562415015,0.18573380562415015,5.179,5.179
5,lower_back,65,shoulder slouch,0.18573380562415015,0.18573380562415015,5.179,5.179
5,lower_back,66,good+neck slouch+shoulder slouch,0.1863640167807385,0.1863640167807385,5.3385,5.3385
5,lower_back,67,neck slouch+shoulder slouch,0.1863640167807385,0.1863640167807385,5.3385,5.3385
5,lower_back,68,shoulder slouch,0.1863640167807385,0.1870946154492866,5.3385,6.752571428571429
5,lower_back,69,neck slouch+shoulder slouch,0.1878307910688643,0.1878307910688643,5.6042000000000005,5.6042000000000005
5,lower_back,70,shoulder slouch,0.1878307910688643,0.1878307910688643,5.6042000000000005,5.6042000000000005
5,lower_back,71,good+neck slouch+shoulder slouch,0.18842753972146606,0.1920136080562334,3.8104999999999998,4.5263333333333335
5,lower_back,72,neck slouch+shoulder slouch,0.1920136080562334,0.19447310462564318,4.5263333333333335,5.005333333333333
5,lower_back,73,good+neck slouch+shoulder slouch,0.19513677802028176,0.19992192087721855,4.710142857142857,4.782166666666667
5,lower_back,74,neck slouch+shoulder slouch,0.20045174425591078,0.2020133293709031,4.864,5.214
5,lower_back,75,shoulder slouch,0.2020133293709031,0.22441091998083595,5.214,7.9748
5,lower_back,76,neck slouch+shoulder slouch,0.2250411311374243,0.2250411311374243,5.236666666666666,5.236666666666666
5,lower_back,77,shoulder slouch,0.2250411311374243,0.2250411311374243,5.236666666666666,5.236666666666666
5,lower_back,78,neck slouch+shoulder slouch,0.2256378795240897,0.22610635511177468,5.14475,5.2756
5,lower_back,79,shoulder slouch,0.22610635511177468,0.23148824635537688,5.2756,6.313428571428571
5,lower_back,80,good+neck slouch+shoulder slouch,0.2321519200159518,0.23451102880746544,4.2936,4.956
5,lower_back,81,neck slouch+shoulder slouch,0.23451102880746544,0.23451102880746544,4.956,4.956
5,lower_back,82,shoulder slouch,0.23451102880746544,0.23451102880746544,4.956,4.956
5,lower_back,83,good+neck slouch+shoulder slouch,0.23507431469014425,0.23507431469014425,5.344,5.344
5,lower_back,84,shoulder slouch,0.23507431469014425,0.23507431469014425,5.344,5.344
5,lower_back,85,good+neck slouch+shoulder slouch,0.23567106334274598,0.23567106334274598,4.7374,4.7374
5,lower_back,86,neck slouch+shoulder slouch,0.23567106334274598,0.23567106334274598,4.7374,4.7374
5,lower_back,87,good+neck slouch+shoulder slouch,0.23623992644239072,0.24072390623157552,4.082,4.489
5,lower_back,88,neck slouch+shoulder slouch,0.2412871921142543,0.24185047826286948,5.079,5.2164
5,lower_back,89,shoulder slouch,0.24238587885852764,0.274415102707405,5.261,7.4278
5,lower_back,90,neck slouch+shoulder slouch,0.2749783888560201,0.2749783888560201,5.276,5.276
5,lower_back,91,shoulder slouch,0.2749783888560201,0.2749783888560201,5.276,5.276
5,lower_back,92,good+neck slouch+shoulder slouch,0.27560860001260845,0.27560860001260845,3.899166666666667,3.899166666666667
5,lower_back,93,neck slouch+shoulder slouch,0.27560860001260845,0.27560860001260845,3.899166666666667,3.899166666666667
5,lower_back,94,good+neck slouch,0.27630573617716997,0.2769749867887745,2.3053333333333335,2.8520000000000003
5,lower_back,95,good+neck slouch+shoulder slouch,0.2769749867887745,0.2857087085733016,2.8520000000000003,4.8144285714285715
5,lower_back,96,neck slouch+shoulder slouch,0.2857087085733016,0.2886032179604734,4.8144285714285715,5.333
5,lower_back,97,shoulder slouch,0.2886032179604734,0.3313627617925685,5.333,7.898
5,lower_back,98,unknown,0.3313627617925685,0.3313627617925685,7.898,7.898
5,lower_back,99,lumbar slouch,0.33199297294915686,0.33199297294915686,10.700666666666667,10.700666666666667
5,lower_back,100,shoulder slouch,0.3325952985527882,0.3325952985527882,9.64175,9.64175
5,lower_back,101,lumbar slouch,0.3325952985527882,0.3325952985527882,9.64175,9.64175
5,lower_back,102,good+neck slouch+shoulder slouch,0.3334876327902397,0.3334876327902397,4.898,4.898
5,lower_back,103,shoulder slouch,0.3334876327902397,0.3334876327902397,4.898,4.898
5,lower_back,104,good+neck slouch+shoulder slouch,0.33421823145878776,0.33478709455843253,3.8912,4.7615
5,lower_back,105,neck slouch+shoulder slouch,0.33478709455843253,0.33478709455843253,4.7615,4.7615
5,lower_back,106,good+neck slouch+shoulder slouch,0.3353503807070477,0.3353503807070477,5.1626666666666665,5.1626666666666665
5,lower_back,107,neck slouch+shoulder slouch,0.3353503807070477,0.3353503807070477,5.1626666666666665,5.1626666666666665
5,lower_back,108,shoulder slouch,0.3353503807070477,0.3353503807070477,5.1626666666666665,5.1626666666666665
5,lower_back,109,good+neck slouch,0.3360140543676226,0.3360140543676226,2.8391,2.8391
5,lower_back,110,good+neck slouch+shoulder slouch,0.3360140543676226,0.3360140543676226,2.8391,2.8391
5,lower_back,111,unknown,0.3371796658539328,0.33764256449058816,-1.39275,-1.0621666666666667
5,lower_back,112,good+neck slouch,0.33764256449058816,0.34196480871086954,-1.0621666666666667,3.525666666666667
5,lower_back,113,good+neck slouch+shoulder slouch,0.34196480871086954,0.34196480871086954,3.525666666666667,3.525666666666667
5,lower_back,114,shoulder slouch,0.34196480871086954,0.3646914476755751,3.525666666666667,8.797166666666666
5,lower_back,115,unknown,0.3646914476755751,0.368974652174904,8.797166666666666,9.251285714285714
5,lower_back,116,shoulder slouch,0.3695714008275057,0.3695714008275057,8.931833333333334,8.931833333333334
5,lower_back,117,unknown,0.3695714008275057,0.37020718893512367,8.931833333333334,9.3736
5,lower_back,118,lumbar slouch,0.37020718893512367,0.37020718893512367,9.3736,9.3736
5,lower_back,119,unknown,0.37077047481780245,0.37077047481780245,9.345666666666666,9.345666666666666
5,lower_back,120,lumbar slouch,0.37077047481780245,0.37077047481780245,9.345666666666666,9.345666666666666
5,lower_back,121,unknown,0.3714006859743908,0.3721312846429389,9.170833333333334,9.8426
5,lower_back,122,lumbar slouch,0.3721312846429389,0.37335824445212895,9.731166666666667,9.903333333333332
5,lower_back,123,unknown,0.37396057005576033,0.37396057005576033,9.436,9.436
5,lower_back,124,lumbar slouch,0.37396057005576033,0.375187529599014,9.436,11.1302
5,lower_back,125,shoulder slouch,0.3757842782516158,0.3757842782516158,9.287625,9.287625
5,lower_back,126,unknown,0.3757842782516158,0.3757842782516158,9.287625,9.287625
5,lower_back,127,lumbar slouch,0.3757842782516158,0.3757842782516158,9.287625,9.287625
5,lower_back,128,unknown,0.37668218970603323,0.37737932587059475,8.869,8.890666666666666
5,lower_back,129,shoulder slouch,0.3779147262003165,0.3779147262003165,8.8146,8.8146
5,lower_back,130,unknown,0.3779147262003165,0.3779147262003165,8.8146,8.8146
5,lower_back,131,shoulder slouch,0.3784445498449451,0.4001728898432734,6.6578333333333335,8.760833333333334
5,lower_back,132,unknown,0.4001728898432734,0.4001728898432734,7.38,7.38
5,lower_back,133,lumbar slouch,0.40110426380167746,0.40871141355491053,9.9098,11.955428571428572
5,lower_back,134,shoulder slouch,0.4093137391585419,0.4093137391585419,8.622333333333334,8.622333333333334
5,lower_back,135,lumbar slouch,0.4093137391585419,0.4093137391585419,8.622333333333334,8.622333333333334
5,lower_back,136,good+neck slouch+shoulder slouch,0.4099774128191168,0.4099774128191168,5.186285714285714,5.186285714285714
5,lower_back,137,neck slouch+shoulder slouch,0.4099774128191168,0.4099774128191168,5.186285714285714,5.186285714285714
5,lower_back,138,shoulder slouch,0.4099774128191168,0.4099774128191168,5.186285714285714,5.186285714285714
5,lower_back,139,neck slouch+shoulder slouch,0.4107414739916515,0.4107414739916515,5.812,5.812
5,lower_back,140,shoulder slouch,0.4107414739916515,0.4107414739916515,5.812,5.812
5,lower_back,141,good+neck slouch+shoulder slouch,0.41140514765222647,0.41140514765222647,4.822,4.822
5,lower_back,142,neck slouch+shoulder slouch,0.41140514765222647,0.41140514765222647,4.822,4.822
5,lower_back,143,shoulder slouch,0.4119349710309187,0.4124982571795338,6.1324,9.3805
5,lower_back,144,lumbar slouch,0.4124982571795338,0.4124982571795338,9.3805,9.3805
5,lower_back,145,shoulder slouch,0.41313404528715175,0.41313404528715175,8.170857142857143,8.170857142857143
5,lower_back,146,unknown,0.41313404528715175,0.41313404528715175,8.170857142857143,8.170857142857143
5,lower_back,147,lumbar slouch,0.41313404528715175,0.41313404528715175,8.170857142857143,8.170857142857143
5,lower_back,148,shoulder slouch,0.41389810645968644,0.43994311372726663,5.932714285714286,9.146142857142857
5,lower_back,149,unknown,0.43994311372726663,0.43994311372726663,9.146142857142857,9.146142857142857
5,lower_back,150,lumbar slouch,0.43994311372726663,0.4426033853205959,9.146142857142857,9.713799999999999
5,lower_back,151,unknown,0.44316667120327474,0.4455257799947884,8.884599999999999,9.2448
5,lower_back,152,shoulder slouch,0.4460611805904465,0.45868213377749295,7.5407142857142855,8.8494
5,lower_back,153,unknown,0.45868213377749295,0.4650623239874724,8.8494,9.016399999999999
5,lower_back,154,shoulder slouch,0.46559772458313053,0.46559772458313053,8.5166,8.5166
5,lower_back,155,unknown,0.46559772458313053,0.46559772458313053,8.5166,8.5166
5,lower_back,156,shoulder slouch,0.4661275479618227,0.4699478540904326,8.095666666666666,8.225999999999999
5,lower_back,157,unknown,0.4706449902549941,0.4706449902549941,3.2483333333333335,3.2483333333333335
5,lower_back,158,good+neck slouch,0.4706449902549941,0.4706449902549941,3.2483333333333335,3.2483333333333335
5,lower_back,159,good+neck slouch+shoulder slouch,0.4706449902549941,0.4706449902549941,3.2483333333333335,3.2483333333333335
5,lower_back,160,shoulder slouch,0.4706449902549941,0.4706449902549941,3.2483333333333335,3.2483333333333335
5,lower_back,161,unknown,0.47120827640360924,0.4717436769992674,-5.151,-3.9386666666666668
5,lower_back,162,good+neck slouch,0.47237388815585574,0.47237388815585574,4.0956,4.0956
5,lower_back,163,good+neck slouch+shoulder slouch,0.47237388815585574,0.47237388815585574,4.0956,4.0956
5,lower_back,164,shoulder slouch,0.47237388815585574,0.5026407518658212,4.0956,8.865833333333333
5,lower_back,165,unknown,0.5026407518658212,0.5033044255263961,8.865833333333333,9.1715
5,lower_back,166,lumbar slouch,0.5033044255263961,0.5033044255263961,9.1715,9.1715
5,lower_back,167,unknown,0.5039067511300275,0.5039067511300275,9.132666666666667,9.132666666666667
5,lower_back,168,shoulder slouch,0.5046373497985756,0.5046373497985756,8.6176,8.6176
5,lower_back,169,unknown,0.5046373497985756,0.5046373497985756,8.6176,8.6176
5,lower_back,170,shoulder slouch,0.5051671731772678,0.5195560637201921,7.8532,9.2034
5,lower_back,171,unknown,0.5195560637201921,0.5195560637201921,9.2034,9.2034
5,lower_back,172,lumbar slouch,0.5195560637201921,0.5219151725117057,9.2034,10.6304
5,lower_back,173,unknown,0.522444995890398,0.522444995890398,9.4636,9.4636
5,lower_back,174,lumbar slouch,0.522444995890398,0.522444995890398,9.4636,9.4636
5,lower_back,175,unknown,0.5230417445429997,0.5230417445429997,9.2614,9.2614
5,lower_back,176,shoulder slouch,0.5236050304256785,0.5236050304256785,8.3605,8.3605
5,lower_back,177,unknown,0.5236050304256785,0.5236050304256785,8.3605,8.3605
5,lower_back,178,shoulder slouch,0.5242073562952462,0.5248710296898847,6.8884,9.1695
5,lower_back,179,unknown,0.5248710296898847,0.5248710296898847,9.1695,9.1695
5,lower_back,180,lumbar slouch,0.5248710296898847,0.5248710296898847,9.1695,9.1695
5,lower_back,181,unknown,0.5256350911283558,0.5275591868361711,9.0535,9.06525
5,lower_back,182,shoulder slouch,0.5282284374477756,0.5282284374477756,8.821,8.821
5,lower_back,183,unknown,0.5282284374477756,0.5282284374477756,8.821,8.821
5,lower_back,184,shoulder slouch,0.5288586486043639,0.5301859959255137,8.756166666666667,8.760666666666667
5,lower_back,185,unknown,0.5301859959255137,0.5301859959255137,8.760666666666667,8.760666666666667
5,lower_back,186,shoulder slouch,0.5308162070821021,0.5316137307586234,6.971571428571428,7.940333333333333
5,lower_back,187,unknown,0.5316137307586234,0.5316137307586234,7.940333333333333,7.940333333333333
5,lower_back,188,lumbar slouch,0.5322439419152117,0.5328797300228296,9.6295,9.734
5,lower_back,189,unknown,0.5334764786754315,0.5334764786754315,9.068000000000001,9.068000000000001
5,lower_back,190,shoulder slouch,0.5340063020541236,0.5347369007226718,8.154142857142858,8.531
5,lower_back,191,unknown,0.5347369007226718,0.5347369007226718,8.531,8.531
5,lower_back,192,lumbar slouch,0.5347369007226718,0.5347369007226718,8.531,8.531
5,lower_back,193,good+neck slouch+shoulder slouch,0.5353671118792601,0.5353671118792601,7.988,7.988
5,lower_back,194,neck slouch+shoulder slouch,0.5353671118792601,0.5353671118792601,7.988,7.988
5,lower_back,195,shoulder slouch,0.5353671118792601,0.5353671118792601,7.988,7.988
5,lower_back,196,lumbar slouch,0.5353671118792601,0.5353671118792601,7.988,7.988
5,lower_back,197,shoulder slouch,0.5361646355557814,0.5361646355557814,8.7908333333333335,8.7908333333333335
5,lower_back,198,lumbar slouch,0.5361646355557814,0.5361646355557814,8.7908333333333335,8.7908333333333335
5,lower_back,199,shoulder slouch,0.5368952344902659,0.5460026213015478,6.5752,8.326666666666666
5,lower_back,200,unknown,0.5460026213015478,0.5466662949621226,8.326666666666666,9.39
5,lower_back,201,lumbar slouch,0.5466662949621226,0.5466662949621226,9.39,9.39
5,lower_back,202,unknown,0.5472295808448014,0.5472295808448014,9.439166666666667,9.439166666666667
5,lower_back,203,lumbar slouch,0.5472295808448014,0.5503192883048632,9.439166666666667,9.7602
5,lower_back,204,unknown,0.5509216139084945,0.5509216139084945,9.5022,9.5022
5,lower_back,205,lumbar slouch,0.5509216139084945,0.5509216139084945,9.5022,9.5022
5,lower_back,206,shoulder slouch,0.5514849000571097,0.5573631521754175,6.45875,8.8034
5,lower_back,207,unknown,0.5573631521754175,0.5579320152750622,8.8034,9.3382
5,lower_back,208,lumbar slouch,0.5579320152750622,0.5585287639276639,9.3382,9.384833333333333
5,lower_back,209,unknown,0.5591924375882389,0.5591924375882389,9.3316,9.3316
5,lower_back,210,lumbar slouch,0.5591924375882389,0.5652714647304663,9.3316,9.824
5,lower_back,211,unknown,0.5658737903340976,0.5658737903340976,9.615428571428572,9.615428571428572
5,lower_back,212,lumbar slouch,0.5658737903340976,0.5658737903340976,9.615428571428572,9.615428571428572
5,lower_back,213,unknown,0.566604389268582,0.566604389268582,9.236875,9.236875
5,lower_back,214,lumbar slouch,0.566604389268582,0.566604389268582,9.236875,9.236875
5,lower_back,215,unknown,0.5674967235060335,0.5674967235060335,9.465,9.465
5,lower_back,216,lumbar slouch,0.5674967235060335,0.5674967235060335,9.465,9.465
5,lower_back,217,unknown,0.5681325116136515,0.5681325116136515,9.365,9.365
5,lower_back,218,lumbar slouch,0.5681325116136515,0.5699227573055203,9.365,10.00242857142857
5,lower_back,219,unknown,0.5706533559740685,0.5706533559740685,10.242333333333333,10.242333333333333
5,lower_back,220,lumbar slouch,0.5706533559740685,0.576933158672088,10.1052,11.272
5,lower_back,221,shoulder slouch,0.5774685592677462,0.5774685592677462,8.712200000000001,8.712200000000001
5,lower_back,222,unknown,0.5774685592677462,0.5774685592677462,8.712200000000001,8.712200000000001
5,lower_back,223,lumbar slouch,0.5774685592677462,0.5774685592677462,8.712200000000001,8.712200000000001
5,lower_back,224,shoulder slouch,0.578031845150425,0.5785616685291173,7.1696,8.341
5,lower_back,225,unknown,0.5785616685291173,0.5785616685291173,8.341,8.341
5,lower_back,226,lumbar slouch,0.5790970691247754,0.5889294776535758,9.7045,10.8054
5,lower_back,227,shoulder slouch,0.5895262263061776,0.5895262263061776,8.971,8.971
5,lower_back,228,unknown,0.5895262263061776,0.5895262263061776,8.971,8.971
5,lower_back,229,lumbar slouch,0.5895262263061776,0.5895262263061776,8.971,8.971
5,lower_back,230,shoulder slouch,0.5901564374627659,0.5939153955344322,7.7,9.1252
5,lower_back,231,unknown,0.5939153955344322,0.5944786816830473,9.1252,9.3956
5,lower_back,232,lumbar slouch,0.5944786816830473,0.5944786816830473,9.3956,9.3956
5,lower_back,233,unknown,0.5950754300697128,0.5955439056573977,9.26,9.323571428571428
5,lower_back,234,lumbar slouch,0.5955439056573977,0.5963079668299324,9.323571428571428,9.4465
5,lower_back,235,unknown,0.5969716404905073,0.5969716404905073,9.827333333333334,9.827333333333334
5,lower_back,236,lumbar slouch,0.5969716404905073,0.6183318926790468,9.827333333333334,11.4038
5,lower_back,237,unknown,0.6189676807866648,0.6189676807866648,9.645,9.645
5,lower_back,238,lumbar slouch,0.6189676807866648,0.6189676807866648,9.645,9.645
5,lower_back,239,unknown,0.6196313544472396,0.6196313544472396,9.3064,9.3064
5,lower_back,240,lumbar slouch,0.6196313544472396,0.6207244639745471,9.3064,10.615333333333334
5,lower_back,241,shoulder slouch,0.6214550626430951,0.6214550626430951,8.450142857142858,8.450142857142858
5,lower_back,242,unknown,0.6214550626430951,0.6214550626430951,8.450142857142858,8.450142857142858
5,lower_back,243,shoulder slouch,0.6222191238156298,0.6290343268433712,6.3644,7.953166666666667
5,lower_back,244,unknown,0.6290343268433712,0.6290343268433712,7.953166666666667,7.953166666666667
5,lower_back,245,lumbar slouch,0.6290343268433712,0.6290343268433712,7.953166666666667,7.953166666666667
5,lower_back,246,unknown,0.6295976129919864,0.6295976129919864,9.591000000000001,9.591000000000001
5,lower_back,247,lumbar slouch,0.6295976129919864,0.6295976129919864,9.591000000000001,9.591000000000001
5,lower_back,248,shoulder slouch,0.6301608991406016,0.6301608991406016,8.477833333333333,8.477833333333333
5,lower_back,249,unknown,0.6301608991406016,0.6301608991406016,8.477833333333333,8.477833333333333
5,lower_back,250,shoulder slouch,0.6307966872482195,0.6510303671395287,5.5151666666666666,8.257714285714286
5,lower_back,251,good+neck slouch+shoulder slouch,0.6517609658080767,0.6517609658080767,5.510666666666666,5.510666666666666
5,lower_back,252,neck slouch+shoulder slouch,0.6517609658080767,0.6517609658080767,5.510666666666666,5.510666666666666
5,lower_back,253,shoulder slouch,0.6517609658080767,0.665413680465487,5.510666666666666,8.648833333333334
5,lower_back,254,unknown,0.6660160063350546,0.6779732855955899,8.9768,9.336
5,lower_back,255,lumbar slouch,0.6779732855955899,0.6779732855955899,9.336,9.336
5,lower_back,256,unknown,0.6785421489611709,0.6785421489611709,9.260666666666667,9.260666666666667
5,lower_back,257,lumbar slouch,0.6785421489611709,0.6785421489611709,9.260666666666667,9.260666666666667
5,lower_back,258,unknown,0.679172359851823,0.6820947547919518,8.948166666666667,9.2702
5,lower_back,259,shoulder slouch,0.6826915031786172,0.6826915031786172,8.8188,8.8188
5,lower_back,260,unknown,0.6826915031786172,0.6826915031786172,8.8188,8.8188
5,lower_back,261,shoulder slouch,0.6832882518312189,0.6832882518312189,8.9076,8.9076
5,lower_back,262,unknown,0.6832882518312189,0.6832882518312189,8.9076,8.9076
5,lower_back,263,shoulder slouch,0.6838905774348503,0.6867460471010695,7.6724,8.625
5,lower_back,264,unknown,0.6867460471010695,0.6867460471010695,8.625,8.625
5,lower_back,265,lumbar slouch,0.687443183265631,0.6943197346162524,9.4726,10.082
5,lower_back,266,unknown,0.6949220602198837,0.6949220602198837,9.718555555555556,9.718555555555556
5,lower_back,267,lumbar slouch,0.6949220602198837,0.6971473187295146,9.718555555555556,11.873333333333333
5,lower_back,268,shoulder slouch,0.6977106048781297,0.6977106048781297,9.544714285714285,9.544714285714285
5,lower_back,269,lumbar slouch,0.6977106048781297,0.6977106048781297,9.544714285714285,9.544714285714285
5,lower_back,270,shoulder slouch,0.6984746660506644,0.6990714147032663,7.6398,8.8395
5,lower_back,271,unknown,0.6990714147032663,0.6996737403068976,8.8395,9.2075
5,lower_back,272,lumbar slouch,0.6996737403068976,0.6996737403068976,9.2075,9.2075
5,lower_back,273,unknown,0.7004378014794322,0.7024622849651436,9.262166666666666,9.397
5,lower_back,274,lumbar slouch,0.7024622849651436,0.7096734613556309,9.397,9.9154
5,lower_back,275,unknown,0.710236747504246,0.710236747504246,9.722,9.722
5,lower_back,276,lumbar slouch,0.710236747504246,0.710236747504246,9.722,9.722
5,lower_back,277,unknown,0.7108000333869249,0.7108000333869249,9.054,9.054
5,lower_back,278,lumbar slouch,0.7114358214945428,0.711999107643158,10.370000000000001,11.2402
5,lower_back,279,shoulder slouch,0.7125623937917731,0.7125623937917731,10.1294,10.1294
5,lower_back,280,lumbar slouch,0.7125623937917731,0.7125623937917731,10.1294,10.1294
5,lower_back,281,shoulder slouch,0.7130922171704653,0.7148545773093772,7.7762,8.844
5,lower_back,282,unknown,0.7148545773093772,0.7148545773093772,8.844,8.844
5,lower_back,283,shoulder slouch,0.7154847884659655,0.7184796853650971,8.317666666666668,8.89
5,lower_back,284,unknown,0.7184796853650971,0.7196731826703006,8.883625,8.9125
5,lower_back,285,shoulder slouch,0.7206045563627683,0.7256183597965816,8.019333333333334,8.8364
5,lower_back,286,unknown,0.7256183597965816,0.7274811077133896,8.8364,8.993400000000001
5,lower_back,287,shoulder slouch,0.7280443935960684,0.7280443935960684,8.9045,8.9045
5,lower_back,288,unknown,0.7280443935960684,0.7398734000576231,8.886,9.3372
5,lower_back,289,lumbar slouch,0.7398734000576231,0.7434985081133431,9.3372,9.565800000000001
5,lower_back,290,unknown,0.7440952567659448,0.7475140123148429,9.0045,9.306166666666666
5,lower_back,291,lumbar slouch,0.7475140123148429,0.7494102227356375,9.306166666666666,9.495000000000001
5,lower_back,292,unknown,0.7500738963962125,0.7500738963962125,9.341800000000001,9.341800000000001
5,lower_back,293,lumbar slouch,0.7500738963962125,0.7500738963962125,9.341800000000001,9.341800000000001
5,lower_back,294,unknown,0.7507041075528008,0.7507041075528008,9.227142857142857,9.227142857142857
5,lower_back,295,lumbar slouch,0.7507041075528008,0.7507041075528008,9.227142857142857,9.227142857142857
5,lower_back,296,unknown,0.751501631229322,0.751501631229322,9.9318,9.9318
5,lower_back,297,lumbar slouch,0.751501631229322,0.7898775827841922,9.601333333333333,12.032
5,lower_back,298,unknown,0.7905077939407805,0.7905077939407805,9.6196,9.6196
5,lower_back,299,lumbar slouch,0.7905077939407805,0.7958283371274392,9.6196,10.184999999999999
5,lower_back,300,shoulder slouch,0.7964250857800409,0.7964250857800409,8.599,8.599
5,lower_back,301,unknown,0.7964250857800409,0.7964250857800409,8.599,8.599
5,lower_back,302,shoulder slouch,0.7969549091587331,0.7969549091587331,8.8254,8.8254
5,lower_back,303,unknown,0.7969549091587331,0.798087058406993,8.8254,9.1555
5,lower_back,304,lumbar slouch,0.7987841945715545,0.7994478682321294,9.407666666666668,9.4712
5,lower_back,305,unknown,0.7999776916108217,0.8005465547104664,9.2166,9.2988
5,lower_back,306,lumbar slouch,0.8010763780891587,0.8563620645473701,9.3714,10.9605
5,lower_back,307,unknown,0.856997852654988,0.856997852654988,9.489714285714285,9.489714285714285
5,lower_back,308,lumbar slouch,0.856997852654988,0.933448593228849,9.489714285714285,12.337833333333334
5,lower_back,309,unknown,0.9341791918973971,0.9341791918973971,9.316166666666668,9.316166666666668
5,lower_back,310,lumbar slouch,0.9341791918973971,0.9341791918973971,9.316166666666668,9.316166666666668
5,lower_back,311,unknown,0.9348094030539854,0.9374027493734052,8.9435,9.175666666666666
5,lower_back,312,shoulder slouch,0.9378991105140472,0.9378991105140472,8.770666666666667,8.770666666666667
5,lower_back,313,unknown,0.9378991105140472,0.9378991105140472,8.770666666666667,8.770666666666667
5,lower_back,314,shoulder slouch,0.9385627839086857,0.9554780960289929,5.625,8.712250000000001
5,lower_back,315,good+neck slouch+shoulder slouch,0.956108306919645,0.956108306919645,5.9152000000000005,5.9152000000000005
5,lower_back,316,shoulder slouch,0.956108306919645,0.956108306919645,5.9152000000000005,5.9152000000000005
5,lower_back,317,neck slouch+shoulder slouch,0.9567050555722467,0.9567050555722467,5.0169999999999995,5.0169999999999995
5,lower_back,318,shoulder slouch,0.9567050555722467,0.9710604836111844,5.0169999999999995,8.343166666666667
5,lower_back,319,unknown,0.9717910822797325,0.9717910822797325,9.3528,9.3528
5,lower_back,320,lumbar slouch,0.9717910822797325,0.977039123241452,9.3528,11.3918
5,lower_back,321,shoulder slouch,0.9775689466201443,0.9775689466201443,9.511714285714286,9.511714285714286
5,lower_back,322,unknown,0.9775689466201443,0.9775689466201443,9.511714285714286,9.511714285714286
5,lower_back,323,lumbar slouch,0.9775689466201443,0.9775689466201443,9.511714285714286,9.511714285714286
5,lower_back,324,shoulder slouch,0.9782716600016717,0.9782716600016717,8.9492,8.9492
5,lower_back,325,unknown,0.9782716600016717,0.9782716600016717,8.9492,8.9492
5,lower_back,326,lumbar slouch,0.9788684086542734,1,9.56225,10.3438
5,mid_back,0,unknown,0,1,-44.88466666666667,-1.044
5,neck,0,unknown,0,8.646852494668747e-4,-1.20275,9.19975
5,neck,1,good,8.646852494668747e-4,0.0012942385034450362,9.19975,12.6
5,neck,2,good+laying back,0.0012942385034450362,0.0012942385034450362,12.6,12.6
5,neck,3,good+laying back+lumbar slouch,0.0012942385034450362,0.002158923752911911,12.6,23.68042857142857
5,neck,4,laying back+lumbar slouch+shoulder slouch,0.002158923752911911,0.002158923752911911,23.68042857142857,23.68042857142857
5,neck,5,shoulder slouch,0.002158923752911911,0.002158923752911911,23.68042857142857,23.68042857142857
5,neck,6,unknown,0.002158923752911911,0.002158923752911911,23.68042857142857,23.68042857142857
5,neck,7,good+laying back+lumbar slouch,0.0028562504811887337,0.0028562504811887337,22.093249999999998,22.093249999999998
5,neck,8,lumbar slouch+shoulder slouch,0.0028562504811887337,0.0028562504811887337,22.093249999999998,22.093249999999998
5,neck,9,shoulder slouch,0.0028562504811887337,0.0028562504811887337,22.093249999999998,22.093249999999998
5,neck,10,unknown,0.0028562504811887337,0.0033248538617046135,12.16025,22.093249999999998
5,neck,11,good+laying back+lumbar slouch,0.0033248538617046135,0.0033248538617046135,12.16025,12.16025
5,neck,12,unknown,0.003754407115682775,0.006716651025481634,-3.8134,11.029
5,neck,13,good,0.006716651025481634,0.006716651025481634,11.029,11.029
5,neck,14,unknown,0.007112732628423592,0.013695497049760414,7.148333333333333,10.9795
5,neck,15,good,0.014125050303738574,0.014621546859789142,11.70425,12.753
5,neck,16,good+laying back+lumbar slouch,0.014621546859789142,0.014621546859789142,12.753,12.753
5,neck,17,good+laying back,0.015123622157350261,0.015123622157350261,13.500333333333334,13.500333333333334
5,neck,18,good+laying back+lumbar slouch,0.015123622157350261,0.015123622157350261,13.500333333333334,13.500333333333334
5,neck,19,good+laying back,0.015553175411328423,0.015553175411328423,12.8516,12.8516
5,neck,20,good+laying back+lumbar slouch,0.015553175411328423,0.015553175411328423,12.8516,12.8516
5,neck,21,good,0.01602177905785334,0.01602177905785334,12.621333333333334,12.621333333333334
5,neck,22,good+laying back,0.01602177905785334,0.01602177905785334,12.621333333333334,12.621333333333334
5,neck,23,good+laying back+lumbar slouch,0.01602177905785334,0.01602177905785334,12.621333333333334,12.621333333333334
5,neck,24,good,0.016417860660795296,0.016417860660795296,12.9105,12.9105
5,neck,25,good+laying back,0.016417860660795296,0.016417860660795296,12.9105,12.9105
5,neck,26,good+laying back+lumbar slouch,0.016417860660795296,0.016417860660795296,12.9105,12.9105
5,neck,27,unknown,0.016819520739238772,0.016819520739238772,11.997,11.997
5,neck,28,good,0.016819520739238772,0.016819520739238772,11.997,11.997
5,neck,29,good+laying back,0.016819520739238772,0.016819520739238772,11.997,11.997
5,neck,30,good+laying back+lumbar slouch,0.016819520739238772,0.016819520739238772,11.997,11.997
5,neck,31,unknown,0.01738296086337078,0.01738296086337078,11.3278,11.3278
5,neck,32,good,0.01738296086337078,0.01738296086337078,11.3278,11.3278
5,neck,33,unknown,0.01787945741942135,0.01787945741942135,11.378,11.378
5,neck,34,good,0.01787945741942135,0.018744142402879187,11.378,11.913499999999999
5,neck,35,unknown,0.019212746049404105,0.019212746049404105,11.6696,11.6696
5,neck,36,good,0.019212746049404105,0.019212746049404105,11.6696,11.6696
5,neck,37,unknown,0.01967577095441847,0.01967577095441847,9.843666666666667,9.843666666666667
5,neck,38,good+laying back,0.02010532420839663,0.02010532420839663,16.8506,16.8506
5,neck,39,good+laying back+lumbar slouch,0.02010532420839663,0.02010532420839663,16.8506,16.8506
5,neck,40,laying back+lumbar slouch+shoulder slouch,0.02010532420839663,0.02060739950595775,16.8506,17.8714
5,neck,41,good+laying back+lumbar slouch,0.021137367979053558,0.021137367979053558,16.279,16.279
5,neck,42,laying back+lumbar slouch,0.021137367979053558,0.021137367979053558,16.279,16.279
5,neck,43,laying back+lumbar slouch+shoulder slouch,0.021137367979053558,0.021137367979053558,16.279,16.279
5,neck,44,good,0.021600392884067923,0.021600392884067923,12.7895,12.7895
5,neck,45,good+laying back,0.021600392884067923,0.021600392884067923,12.7895,12.7895
5,neck,46,good+laying back+lumbar slouch,0.021600392884067923,0.021600392884067923,12.7895,12.7895
5,neck,47,unknown,0.0220355246135476,0.0220355246135476,11.4444,11.4444
5,neck,48,good,0.0220355246135476,0.0220355246135476,11.4444,11.4444
5,neck,49,good+laying back,0.0220355246135476,0.0220355246135476,11.4444,11.4444
5,neck,50,good,0.022565493086643407,0.022565493086643407,12.154333333333334,12.154333333333334
5,neck,51,good+laying back,0.022565493086643407,0.023000624816123083,12.154333333333334,13.256666666666666
5,neck,52,good+laying back+lumbar slouch,0.023000624816123083,0.02416097644941427,13.256666666666666,13.931750000000001
5,neck,53,unknown,0.02456263679386678,0.02456263679386678,11.882666666666667,11.882666666666667
5,neck,54,good,0.02456263679386678,0.02456263679386678,11.882666666666667,11.882666666666667
5,neck,55,good+laying back,0.02456263679386678,0.02456263679386678,11.882666666666667,11.882666666666667
5,neck,56,good+laying back+lumbar slouch,0.02456263679386678,0.02456263679386678,11.882666666666667,11.882666666666667
5,neck,57,unknown,0.025193020220071197,0.025589101823013154,10.669333333333334,11.3642
5,neck,58,good,0.025589101823013154,0.026057705203529034,11.3642,12.015333333333333
5,neck,59,good+laying back,0.026487258457507195,0.026487258457507195,14.315199999999999,14.315199999999999
5,neck,60,good+laying back+lumbar slouch,0.026487258457507195,0.026955862104032113,14.315199999999999,16.988333333333333
5,neck,61,laying back+lumbar slouch,0.026955862104032113,0.026955862104032113,16.988333333333333,16.988333333333333
5,neck,62,laying back+lumbar slouch+shoulder slouch,0.026955862104032113,0.026955862104032113,16.988333333333333,16.988333333333333
5,neck,63,good+laying back+lumbar slouch,0.02735194370697407,0.02735194370697407,15.71075,15.71075
5,neck,64,laying back+lumbar slouch,0.02735194370697407,0.02735194370697407,15.71075,15.71075
5,neck,65,unknown,0.027753603785417545,0.027753603785417545,10.486333333333333,10.486333333333333
5,neck,66,good+laying back+lumbar slouch,0.027753603785417545,0.027753603785417545,10.486333333333333,10.486333333333333
5,neck,67,unknown,0.0281162137373233,0.04018275550726761,4.59375,11.347
5,neck,68,good+laying back,0.04018275550726761,0.04018275550726761,11.347,11.347
5,neck,69,unknown,0.040545365459173366,0.040545365459173366,12.1564,12.1564
5,neck,70,good,0.040545365459173366,0.040545365459173366,12.1564,12.1564
5,neck,71,good+laying back,0.040545365459173366,0.040545365459173366,12.1564,12.1564
5,neck,72,unknown,0.04104744049072545,0.04104744049072545,10.036,10.036
5,neck,73,good,0.04154393731278505,0.04154393731278505,12.297666666666666,12.297666666666666
5,neck,74,good+laying back,0.04154393731278505,0.04154393731278505,12.297666666666666,12.297666666666666
5,neck,75,good+laying back+lumbar slouch,0.04194001891572701,0.044171464446212845,13.33,14.081
5,neck,76,good,0.04466796100226341,0.04466796100226341,13.041,13.041
5,neck,77,good+laying back,0.04466796100226341,0.04466796100226341,13.041,13.041
5,neck,78,good+laying back+lumbar slouch,0.04466796100226341,0.04466796100226341,13.041,13.041
5,neck,79,good,0.04513098590727777,0.04513098590727777,12.568249999999999,12.568249999999999
5,neck,80,good+laying back,0.04513098590727777,0.04513098590727777,12.568249999999999,12.568249999999999
5,neck,81,good+laying back+lumbar slouch,0.04513098590727777,0.04513098590727777,12.568249999999999,12.568249999999999
5,neck,82,good,0.04556611790276649,0.04596219950570844,11.878,12.536750000000001
5,neck,83,good+laying back+lumbar slouch,0.04596219950570844,0.04922010979933162,12.536750000000001,14.5744
5,neck,84,good,0.049688713445856535,0.049688713445856535,12.824,12.824
5,neck,85,good+laying back,0.049688713445856535,0.049688713445856535,12.824,12.824
5,neck,86,good+laying back+lumbar slouch,0.049688713445856535,0.049688713445856535,12.824,12.824
5,neck,87,good,0.05011826669983469,0.05011826669983469,12.31,12.31
5,neck,88,good+laying back,0.05011826669983469,0.05011826669983469,12.31,12.31
5,neck,89,good+laying back+lumbar slouch,0.05058129160484906,0.05370531529432742,14.201,15.6952
5,neck,90,laying back+lumbar slouch+shoulder slouch,0.05370531529432742,0.054173918940852335,15.6952,19.45125
5,neck,91,shoulder slouch,0.054173918940852335,0.054173918940852335,19.45125,19.45125
5,neck,92,good+laying back+lumbar slouch,0.0546704154969029,0.0546704154969029,15.60475,15.60475
5,neck,93,laying back+lumbar slouch,0.0546704154969029,0.0546704154969029,15.60475,15.60475
5,neck,94,unknown,0.055072075841355414,0.055072075841355414,10.8522,10.8522
5,neck,95,good+laying back+lumbar slouch,0.055072075841355414,0.055072075841355414,10.8522,10.8522
5,neck,96,unknown,0.05566898735051459,0.06062279649203531,5.2666,10.26375
5,neck,97,good,0.06062279649203531,0.06062279649203531,10.26375,10.26375
5,neck,98,unknown,0.061052349746013465,0.06288213519805583,6.013,10.933
5,neck,99,good,0.06288213519805583,0.06288213519805583,9.8465,9.8465
5,neck,100,unknown,0.06334516010307019,0.06334516010307019,11.446,11.446
5,neck,101,good,0.06334516010307019,0.06334516010307019,11.446,11.446
5,neck,102,good+laying back,0.06374682018151366,0.06374682018151366,13.8975,13.8975
5,neck,103,good+laying back+lumbar slouch,0.06374682018151366,0.06417637343549183,13.8975,14.2536
5,neck,104,unknown,0.06467287025755143,0.06467287025755143,10.617,10.617
5,neck,105,good,0.06467287025755143,0.06467287025755143,10.617,10.617
5,neck,106,unknown,0.06510800198703111,0.07480921135633574,2.763,11.055250000000001
5,neck,107,good,0.07480921135633574,0.07480921135633574,11.055250000000001,11.055250000000001
5,neck,108,unknown,0.07524434335182445,0.07524434335182445,11.162,11.162
5,neck,109,good,0.07524434335182445,0.07524434335182445,11.162,11.162
5,neck,110,unknown,0.0756404249547664,0.0756404249547664,12.1025,12.1025
5,neck,111,good,0.0756404249547664,0.0756404249547664,12.1025,12.1025
5,neck,112,good+laying back,0.0756404249547664,0.0756404249547664,12.1025,12.1025
5,neck,113,good+laying back+lumbar slouch,0.07604208503320987,0.07653858185526949,14.903,17.169999999999998
5,neck,114,laying back+lumbar slouch+shoulder slouch,0.07653858185526949,0.07653858185526949,17.169999999999998,17.169999999999998
5,neck,115,good+laying back+lumbar slouch,0.07694024193371296,0.07694024193371296,17.00275,17.00275
5,neck,116,laying back+lumbar slouch+shoulder slouch,0.07694024193371296,0.07694024193371296,17.00275,17.00275
5,neck,117,unknown,0.07740326683872732,0.07740326683872732,11.559,11.559
5,neck,118,good,0.07740326683872732,0.07740326683872732,11.559,11.559
5,neck,119,good+laying back+lumbar slouch,0.07740326683872732,0.07740326683872732,11.559,11.559
5,neck,120,unknown,0.07787187048525224,0.08009773727422752,7.42375,11.5882
5,neck,121,good,0.08009773727422752,0.08059423409628712,11.5882,12.3885
5,neck,122,good+laying back,0.08059423409628712,0.08195541590180457,12.3885,12.6495
5,neck,123,good+laying back+lumbar slouch,0.08195541590180457,0.0828201008852624,12.636,16.0782
5,neck,124,good+laying back,0.08335564783385972,0.08335564783385972,14.38525,14.38525
5,neck,125,good+laying back+lumbar slouch,0.08335564783385972,0.08335564783385972,14.38525,14.38525
5,neck,126,unknown,0.0838521443899103,0.0838521443899103,11.713333333333335,11.713333333333335
5,neck,127,good,0.0838521443899103,0.08428169764388846,11.713333333333335,12.0124
5,neck,128,good+laying back,0.08428169764388846,0.08428169764388846,12.0124,12.0124
5,neck,129,good+laying back+lumbar slouch,0.08475030129041337,0.08475030129041337,13.650333333333332,13.650333333333332
5,neck,130,unknown,0.08514638289335533,0.08514638289335533,12.15225,12.15225
5,neck,131,good,0.08514638289335533,0.08514638289335533,12.15225,12.15225
5,neck,132,good+laying back,0.08514638289335533,0.08514638289335533,12.15225,12.15225
5,neck,133,good+laying back+lumbar slouch,0.08514638289335533,0.08514638289335533,12.15225,12.15225
5,neck,134,unknown,0.0855480429717988,0.085977596491786,9.97575,10.3215
5,neck,135,good,0.08641272822126568,0.08641272822126568,12.22925,12.22925
5,neck,136,good+laying back,0.08641272822126568,0.08687575312628004,12.22925,13.15775
5,neck,137,good+laying back+lumbar slouch,0.08687575312628004,0.0873387780312944,13.027,13.15775
5,neck,138,good,0.08774043837574692,0.08774043837574692,12.026,12.026
5,neck,139,good+laying back,0.08774043837574692,0.08774043837574692,12.026,12.026
5,neck,140,unknown,0.08816999162972508,0.08816999162972508,11.4795,11.4795
5,neck,141,good,0.08816999162972508,0.08816999162972508,11.4795,11.4795
5,neck,142,unknown,0.08863859527625,0.08863859527625,11.440750000000001,11.440750000000001
5,neck,143,good,0.08863859527625,0.08863859527625,11.440750000000001,11.440750000000001
5,neck,144,unknown,0.08910162018126436,0.08910162018126436,11.361666666666666,11.361666666666666
5,neck,145,good,0.08950328025970783,0.08950328025970783,12.77575,12.77575
5,neck,146,good+laying back+lumbar slouch,0.08950328025970783,0.08950328025970783,12.77575,12.77575
5,neck,147,good+laying back,0.0898993618626498,0.0898993618626498,12.93925,12.93925
5,neck,148,good+laying back+lumbar slouch,0.0898993618626498,0.0898993618626498,12.93925,12.93925
5,neck,149,good,0.0903344938581385,0.09073057546108046,11.6375,11.81
5,neck,150,good+laying back+lumbar slouch,0.09119917884159634,0.09119917884159634,13.262,13.262
5,neck,151,good+laying back,0.0915952604445383,0.0915952604445383,13.232166666666666,13.232166666666666
5,neck,152,good+laying back+lumbar slouch,0.0915952604445383,0.0915952604445383,13.232166666666666,13.232166666666666
5,neck,153,good,0.09219217221970652,0.09219217221970652,12.096,12.096
5,neck,154,unknown,0.0926607756002224,0.0926607756002224,11.12375,11.12375
5,neck,155,good,0.0926607756002224,0.0926607756002224,11.12375,11.12375
5,neck,156,unknown,0.09309032912020959,0.09770942121935021,9.922666666666666,11.334333333333333
5,neck,157,good+laying back+lumbar slouch,0.09770942121935021,0.1003704200038142,11.334333333333333,16.18975
5,neck,158,good,0.10076650160675617,0.10076650160675617,12.366200000000001,12.366200000000001
5,neck,159,good+laying back,0.10076650160675617,0.10076650160675617,12.366200000000001,12.366200000000001
5,neck,160,good+laying back+lumbar slouch,0.10076650160675617,0.10076650160675617,12.366200000000001,12.366200000000001
5,neck,161,unknown,0.10130204855535348,0.10130204855535348,12.1202,12.1202
5,neck,162,good+laying back,0.10130204855535348,0.10130204855535348,12.1202,12.1202
5,neck,163,good+laying back+lumbar slouch,0.10130204855535348,0.10130204855535348,12.1202,12.1202
5,neck,164,unknown,0.10176507346036785,0.10176507346036785,12.206,12.206
5,neck,165,good,0.10176507346036785,0.10176507346036785,12.206,12.206
5,neck,166,good+laying back,0.10176507346036785,0.10176507346036785,12.206,12.206
5,neck,167,good+laying back+lumbar slouch,0.10176507346036785,0.10222809836538221,12.206,14.948666666666666
5,neck,168,laying back+lumbar slouch+shoulder slouch,0.10222809836538221,0.10222809836538221,14.948666666666666,14.948666666666666
5,neck,169,good+laying back+lumbar slouch,0.10266323036087092,0.10266323036087092,16.39575,16.39575
5,neck,170,laying back+lumbar slouch+shoulder slouch,0.10266323036087092,0.10266323036087092,16.39575,16.39575
5,neck,171,unknown,0.10309278361484908,0.1036283305634464,9.0706,10.31625
5,neck,172,good,0.1036283305634464,0.1036283305634464,10.31625,10.31625
5,neck,173,good+laying back,0.10402441216638837,0.10402441216638837,13.041,13.041
5,neck,174,good+laying back+lumbar slouch,0.10402441216638837,0.10402441216638837,13.041,13.041
5,neck,175,good,0.10445954389586805,0.10445954389586805,12.75375,12.75375
5,neck,176,good+laying back,0.10445954389586805,0.10445954389586805,12.75375,12.75375
5,neck,177,good+laying back+lumbar slouch,0.10445954389586805,0.10445954389586805,12.75375,12.75375
5,neck,178,unknown,0.10492256880088241,0.10492256880088241,11.37925,11.37925
5,neck,179,good,0.10492256880088241,0.10492256880088241,11.37925,11.37925
5,neck,180,unknown,0.10535212205486057,0.10661846764877995,10.158,12.2166
5,neck,181,good,0.10661846764877995,0.10661846764877995,12.2166,12.2166
5,neck,182,good+laying back,0.10661846764877995,0.10661846764877995,12.2166,12.2166
5,neck,183,good+laying back+lumbar slouch,0.10661846764877995,0.10714843585586672,12.2166,13.311666666666667
5,neck,184,unknown,0.1075500959343102,0.1075500959343102,11.975333333333333,11.975333333333333
5,neck,185,good,0.1075500959343102,0.1075500959343102,11.975333333333333,11.975333333333333
5,neck,186,good+laying back,0.1075500959343102,0.1075500959343102,11.975333333333333,11.975333333333333
5,neck,187,unknown,0.10791270588621596,0.10871044783361042,10.14875,11.083333333333334
5,neck,188,good+laying back+lumbar slouch,0.1091121079120539,0.10947471786395965,14.406666666666666,15.561
5,neck,189,laying back+lumbar slouch+shoulder slouch,0.10994332124447553,0.10994332124447553,19.0545,19.0545
5,neck,190,lumbar slouch+shoulder slouch,0.10994332124447553,0.10994332124447553,19.0545,19.0545
5,neck,191,shoulder slouch,0.10994332124447553,0.10994332124447553,19.0545,19.0545
5,neck,192,good+laying back+lumbar slouch,0.11033940284741749,0.11033940284741749,16.4685,16.4685
5,neck,193,laying back+lumbar slouch,0.11033940284741749,0.11033940284741749,16.4685,16.4685
5,neck,194,lumbar slouch+shoulder slouch,0.11033940284741749,0.11033940284741749,16.4685,16.4685
5,neck,195,good+laying back+lumbar slouch,0.11074106319187,0.11074106319187,13.661249999999999,13.661249999999999
5,neck,196,good+laying back,0.11117061644584816,0.11117061644584816,12.815666666666667,12.815666666666667
5,neck,197,good+laying back+lumbar slouch,0.11117061644584816,0.11117061644584816,12.815666666666667,12.815666666666667
5,neck,198,good+laying back,0.11156669804879012,0.11156669804879012,12.58625,12.58625
5,neck,199,good,0.11196835812723359,0.11196835812723359,12.55,12.55
5,neck,200,good+laying back,0.11196835812723359,0.11236443973017556,12.55,13.1594
5,neck,201,good+laying back+lumbar slouch,0.11236443973017556,0.11286651502773667,13.1594,13.751333333333333
5,neck,202,good+laying back,0.11326259663067863,0.11326259663067863,13.506666666666668,13.506666666666668
5,neck,203,good+laying back+lumbar slouch,0.11326259663067863,0.11326259663067863,13.506666666666668,13.506666666666668
5,neck,204,unknown,0.11386508688134836,0.11386508688134836,11.52725,11.52725
5,neck,205,good,0.11386508688134836,0.11386508688134836,11.52725,11.52725
5,neck,206,unknown,0.11429464013532652,0.11429464013532652,11.36125,11.36125
5,neck,207,good,0.11429464013532652,0.11482460834241329,11.36125,12.379999999999999
5,neck,208,good+laying back,0.11482460834241329,0.11482460834241329,12.379999999999999,12.379999999999999
5,neck,209,good,0.11529321198893822,0.11529321198893822,11.8454,11.8454
5,neck,210,unknown,0.11575623689395258,0.11575623689395258,11.70175,11.70175
5,neck,211,good,0.11575623689395258,0.11575623689395258,11.70175,11.70175
5,neck,212,unknown,0.11625273371601218,0.11625273371601218,11.49025,11.49025
5,neck,213,good,0.11625273371601218,0.11721783391858766,11.49025,12.8112
5,neck,214,good+laying back+lumbar slouch,0.11721783391858766,0.12173651106461966,12.8112,15.28925
5,neck,215,laying back+lumbar slouch,0.12217164279409934,0.1226346676991137,16.842,16.8955
5,neck,216,good+laying back+lumbar slouch,0.12303632804356622,0.12303632804356622,16.571,16.571
5,neck,217,laying back+lumbar slouch,0.12303632804356622,0.12303632804356622,16.571,16.571
5,neck,218,good+laying back+lumbar slouch,0.12339893799547197,0.13190632408044922,14.57875,16.429
5,neck,219,laying back+lumbar slouch,0.13190632408044922,0.13190632408044922,15.065666666666667,15.065666666666667
5,neck,220,good+laying back+lumbar slouch,0.1323414558099289,0.13277100906390704,13.609,14.326
5,neck,221,good+laying back,0.13317266940835956,0.13317266940835956,12.817333333333334,12.817333333333334
5,neck,222,good+laying back+lumbar slouch,0.13317266940835956,0.13317266940835956,12.817333333333334,12.817333333333334
5,neck,223,unknown,0.13356875101130153,0.13356875101130153,10.848,10.848
5,neck,224,good,0.13356875101130153,0.13356875101130153,10.848,10.848
5,neck,225,unknown,0.1340373543918174,0.14137881036800193,1.69875,12.3344
5,neck,226,good,0.14137881036800193,0.14137881036800193,12.3344,12.3344
5,neck,227,good+laying back,0.14137881036800193,0.14137881036800193,12.3344,12.3344
5,neck,228,good+laying back+lumbar slouch,0.14137881036800193,0.14137881036800193,12.3344,12.3344
5,neck,229,unknown,0.14191435731659927,0.14191435731659927,12.2894,12.2894
5,neck,230,good,0.14191435731659927,0.14191435731659927,12.2894,12.2894
5,neck,231,good+laying back,0.14191435731659927,0.14191435731659927,12.2894,12.2894
5,neck,232,good+laying back+lumbar slouch,0.14191435731659927,0.14191435731659927,12.2894,12.2894
5,neck,233,good,0.14244432552368602,0.14244432552368602,11.8322,11.8322
5,neck,234,unknown,0.1429742937307728,0.1429742937307728,11.4545,11.4545
5,neck,235,good,0.1429742937307728,0.14383897898023967,11.4545,13.969
5,neck,236,good+laying back+lumbar slouch,0.14383897898023967,0.14383897898023967,13.969,13.969
5,neck,237,good,0.14430758262676457,0.14430758262676457,14.2998,14.2998
5,neck,238,good+laying back+lumbar slouch,0.14430758262676457,0.14477060753177895,13.950999999999999,14.2998
5,neck,239,good,0.14516668913472092,0.14516668913472092,12.70025,12.70025
5,neck,240,good+laying back+lumbar slouch,0.14516668913472092,0.14516668913472092,12.70025,12.70025
5,neck,241,good,0.14553487756212818,0.14553487756212818,12.740666666666668,12.740666666666668
5,neck,242,good+laying back+lumbar slouch,0.14553487756212818,0.14633261924351362,12.740666666666668,14.8135
5,neck,243,good+laying back,0.14672870084645556,0.14672870084645556,12.877,12.877
5,neck,244,good+laying back+lumbar slouch,0.14672870084645556,0.14672870084645556,12.877,12.877
5,neck,245,good,0.1472977194460891,0.1472977194460891,12.0938,12.0938
5,neck,246,good+laying back,0.1472977194460891,0.1472977194460891,12.0938,12.0938
5,neck,247,unknown,0.1477942162681487,0.1477942162681487,11.3555,11.3555
5,neck,248,good,0.1477942162681487,0.1477942162681487,11.3555,11.3555
5,neck,249,unknown,0.14822934799762838,0.14869237290264276,10.9175,12.9902
5,neck,250,good+laying back,0.14869237290264276,0.14869237290264276,12.9902,12.9902
5,neck,251,good+laying back+lumbar slouch,0.14869237290264276,0.15184986850916635,12.9902,14.6105
5,neck,252,unknown,0.1523463650652169,0.1523463650652169,11.495666666666667,11.495666666666667
5,neck,253,good,0.1523463650652169,0.1523463650652169,11.495666666666667,11.495666666666667
5,neck,254,good+laying back,0.1523463650652169,0.1523463650652169,11.495666666666667,11.495666666666667
5,neck,255,unknown,0.15278149706070562,0.15278149706070562,10.663166666666667,10.663166666666667
5,neck,256,good,0.15278149706070562,0.15278149706070562,10.663166666666667,10.663166666666667
5,neck,257,unknown,0.15327799361675618,0.15374659699727206,10.735666666666667,11.242999999999999
5,neck,258,good,0.15374659699727206,0.15414267860021402,11.242999999999999,12.1495
5,neck,259,good+laying back,0.15414267860021402,0.15460570377123742,12.1495,12.82375
5,neck,260,good+laying back+lumbar slouch,0.15460570377123742,0.15460570377123742,12.82375,12.82375
5,neck,261,unknown,0.1550408355007171,0.1550408355007171,11.741,11.741
5,neck,262,good,0.1550408355007171,0.15633507400416213,11.741,13.935
5,neck,263,good+laying back,0.15633507400416213,0.15633507400416213,13.935,13.935
5,neck,264,good+laying back+lumbar slouch,0.15633507400416213,0.15633507400416213,13.935,13.935
5,neck,265,laying back+lumbar slouch+shoulder slouch,0.15633507400416213,0.15633507400416213,13.935,13.935
5,neck,266,lumbar slouch+shoulder slouch,0.15680367738467801,0.15680367738467801,20.359,20.359
5,neck,267,shoulder slouch,0.15680367738467801,0.15680367738467801,20.359,20.359
5,neck,268,good+laying back+lumbar slouch,0.1572667025557014,0.1572667025557014,16.943,16.943
5,neck,269,laying back+lumbar slouch,0.1572667025557014,0.1572667025557014,16.943,16.943
5,neck,270,laying back+lumbar slouch+shoulder slouch,0.1572667025557014,0.1572667025557014,16.943,16.943
5,neck,271,good+laying back+lumbar slouch,0.15766836263414488,0.15766836263414488,16.987000000000002,16.987000000000002
5,neck,272,laying back+lumbar slouch+shoulder slouch,0.15766836263414488,0.15766836263414488,16.987000000000002,16.987000000000002
5,neck,273,good+laying back+lumbar slouch,0.15816485919019546,0.1592303746118886,14.573,15.929
5,neck,274,laying back+lumbar slouch,0.1592303746118886,0.1592303746118886,15.929,15.929
5,neck,275,good+laying back+lumbar slouch,0.15972687116793916,0.15972687116793916,16.758000000000003,16.758000000000003
5,neck,276,laying back+lumbar slouch,0.15972687116793916,0.16065849971947843,16.758000000000003,16.90925
5,neck,277,good+laying back+lumbar slouch,0.1610545813224204,0.16235439830136694,14.5988,16.124
5,neck,278,unknown,0.16285089485741752,0.16690654709843517,4.4093333333333335,10.611
5,neck,279,good,0.1673361003524133,0.1673361003524133,14.6695,14.6695
5,neck,280,good+laying back+lumbar slouch,0.1673361003524133,0.1673361003524133,14.6695,14.6695
5,neck,281,unknown,0.16780470399893824,0.16780470399893824,12.3555,12.3555
5,neck,282,good,0.16780470399893824,0.16780470399893824,12.3555,12.3555
5,neck,283,good+laying back,0.16780470399893824,0.16780470399893824,12.3555,12.3555
5,neck,284,good+laying back+lumbar slouch,0.16780470399893824,0.16780470399893824,12.3555,12.3555
5,neck,285,unknown,0.1682007856018802,0.1682007856018802,13.366666666666667,13.366666666666667
5,neck,286,good,0.1682007856018802,0.1682007856018802,13.366666666666667,13.366666666666667
5,neck,287,good+laying back+lumbar slouch,0.1682007856018802,0.16860244568032368,13.366666666666667,18.4955
5,neck,288,laying back+lumbar slouch+shoulder slouch,0.16860244568032368,0.16860244568032368,18.4955,18.4955
5,neck,289,shoulder slouch,0.16860244568032368,0.16860244568032368,18.4955,18.4955
5,neck,290,good,0.1689650556322294,0.1689650556322294,12.52575,12.52575
5,neck,291,good+laying back+lumbar slouch,0.1689650556322294,0.1689650556322294,12.52575,12.52575
5,neck,292,good+laying back,0.16940018762771814,0.16940018762771814,14.223666666666666,14.223666666666666
5,neck,293,good+laying back+lumbar slouch,0.16940018762771814,0.16940018762771814,14.223666666666666,14.223666666666666
5,neck,294,unknown,0.1698297408816963,0.1698297408816963,12.6572,12.6572
5,neck,295,good+laying back+lumbar slouch,0.1698297408816963,0.1698297408816963,12.6572,12.6572
5,neck,296,unknown,0.17029276578671065,0.17029276578671065,12.751000000000001,12.751000000000001
5,neck,297,good+laying back+lumbar slouch,0.17029276578671065,0.17029276578671065,12.751000000000001,12.751000000000001
5,neck,298,unknown,0.1707948410842718,0.1707948410842718,11.406500000000001,11.406500000000001
5,neck,299,good,0.1707948410842718,0.1707948410842718,11.406500000000001,11.406500000000001
5,neck,300,good+laying back+lumbar slouch,0.1707948410842718,0.1707948410842718,11.406500000000001,11.406500000000001
5,neck,301,unknown,0.17119092268721375,0.17159258276565723,9.071,10.809000000000001
5,neck,302,good,0.17159258276565723,0.17159258276565723,10.809000000000001,10.809000000000001
5,neck,303,unknown,0.17202213601963537,0.17202213601963537,12.5325,12.5325
5,neck,304,good+laying back,0.17202213601963537,0.17202213601963537,12.5325,12.5325
5,neck,305,good+laying back+lumbar slouch,0.17202213601963537,0.17202213601963537,12.5325,12.5325
5,neck,306,good+laying back,0.17242379609807884,0.17242379609807884,13.131499999999999,13.131499999999999
5,neck,307,good+laying back+lumbar slouch,0.17242379609807884,0.17242379609807884,13.131499999999999,13.131499999999999
5,neck,308,unknown,0.17288682126910226,0.17328848134754574,8.15,11.7476
5,neck,309,laying back+lumbar slouch,0.17328848134754574,0.17328848134754574,11.7476,11.7476
5,neck,310,laying back+lumbar slouch+shoulder slouch,0.1737849779035963,0.1737849779035963,19.174666666666667,19.174666666666667
5,neck,311,lumbar slouch+shoulder slouch,0.1737849779035963,0.1737849779035963,19.174666666666667,19.174666666666667
5,neck,312,shoulder slouch,0.1737849779035963,0.1737849779035963,19.174666666666667,19.174666666666667
5,neck,313,good+laying back+lumbar slouch,0.17418105950653825,0.17464966315306316,15.418,15.9865
5,neck,314,laying back+lumbar slouch,0.17507921640704133,0.17507921640704133,18.04925,18.04925
5,neck,315,laying back+lumbar slouch+shoulder slouch,0.17507921640704133,0.17554782005356626,18.04925,18.6776
5,neck,316,lumbar slouch+shoulder slouch,0.17554782005356626,0.17554782005356626,18.6776,18.6776
5,neck,317,shoulder slouch,0.17554782005356626,0.1760443166096168,18.6776,19.965400000000002
5,neck,318,laying back+lumbar slouch+shoulder slouch,0.1765408131656674,0.1765408131656674,19.24675,19.24675
5,neck,319,lumbar slouch+shoulder slouch,0.1765408131656674,0.1765408131656674,19.24675,19.24675
5,neck,320,shoulder slouch,0.1765408131656674,0.1765408131656674,19.24675,19.24675
5,neck,321,laying back+lumbar slouch+shoulder slouch,0.1770428884632285,0.17743897006617046,18.180666666666667,18.63275
5,neck,322,good+laying back+lumbar slouch,0.17784063014461393,0.17784063014461393,17.26775,17.26775
5,neck,323,laying back+lumbar slouch,0.17784063014461393,0.17784063014461393,17.26775,17.26775
5,neck,324,laying back+lumbar slouch+shoulder slouch,0.17784063014461393,0.17784063014461393,17.26775,17.26775
5,neck,325,good+laying back+lumbar slouch,0.1782367117475559,0.1819297543026768,14.2922,16.03875
5,neck,326,laying back+lumbar slouch+shoulder slouch,0.1819297543026768,0.1819297543026768,16.03875,16.03875
5,neck,327,good+laying back+lumbar slouch,0.18232583563960975,0.18232583563960975,17.71525,17.71525
5,neck,328,laying back+lumbar slouch,0.18232583563960975,0.18232583563960975,17.71525,17.71525
5,neck,329,laying back+lumbar slouch+shoulder slouch,0.18232583563960975,0.18232583563960975,17.71525,17.71525
5,neck,330,lumbar slouch+shoulder slouch,0.18232583563960975,0.18232583563960975,17.71525,17.71525
5,neck,331,laying back+lumbar slouch+shoulder slouch,0.18278886081063314,0.18278886081063314,18.027,18.027
5,neck,332,good+laying back+lumbar slouch,0.18322399254011282,0.18322399254011282,17.6675,17.6675
5,neck,333,laying back+lumbar slouch+shoulder slouch,0.18322399254011282,0.18322399254011282,17.6675,17.6675
5,neck,334,shoulder slouch,0.18322399254011282,0.18322399254011282,17.6675,17.6675
5,neck,335,laying back+lumbar slouch+shoulder slouch,0.18362007414305476,0.18362007414305476,19.314,19.314
5,neck,336,lumbar slouch+shoulder slouch,0.18362007414305476,0.18362007414305476,19.314,19.314
5,neck,337,shoulder slouch,0.18362007414305476,0.18362007414305476,19.314,19.314
5,neck,338,good+laying back+lumbar slouch,0.18402173448750728,0.18402173448750728,17.0795,17.0795
5,neck,339,laying back+lumbar slouch+shoulder slouch,0.18402173448750728,0.18402173448750728,17.0795,17.0795
5,neck,340,good+laying back+lumbar slouch,0.18445128774148545,0.18445128774148545,15.32175,15.32175
5,neck,341,laying back+lumbar slouch,0.18445128774148545,0.18445128774148545,15.32175,15.32175
5,neck,342,good+laying back+lumbar slouch,0.18491989112200133,0.18531597272494327,14.6655,14.738
5,neck,343,good,0.1857845763714682,0.1857845763714682,13.696000000000002,13.696000000000002
5,neck,344,good+laying back+lumbar slouch,0.1857845763714682,0.1857845763714682,13.696000000000002,13.696000000000002
5,neck,345,good,0.18614718632337396,0.18614718632337396,12.248,12.248
5,neck,346,good+laying back,0.18614718632337396,0.18614718632337396,12.248,12.248
5,neck,347,unknown,0.18654884640181743,0.187776141337181,6.094,13.20975
5,neck,348,good+laying back,0.187776141337181,0.187776141337181,13.20975,13.20975
5,neck,349,good+laying back+lumbar slouch,0.187776141337181,0.18947204018507857,13.20975,16.4055
5,neck,350,laying back+lumbar slouch,0.18947204018507857,0.18947204018507857,16.4055,16.4055
5,neck,351,good+laying back+lumbar slouch,0.1898681215220115,0.19026978186646398,14.37575,15.860666666666667
5,neck,352,unknown,0.19069933512044215,0.19069933512044215,11.66475,11.66475
5,neck,353,good,0.19069933512044215,0.19069933512044215,11.66475,11.66475
5,neck,354,good+laying back,0.19069933512044215,0.19069933512044215,11.66475,11.66475
5,neck,355,unknown,0.19110099519888563,0.19412460393525538,4.350499999999999,11.28975
5,neck,356,good,0.19412460393525538,0.19412460393525538,11.28975,11.28975
5,neck,357,good+laying back+lumbar slouch,0.19412460393525538,0.19412460393525538,11.28975,11.28975
5,neck,358,good,0.19455415718923355,0.19455415718923355,12.826333333333332,12.826333333333332
5,neck,359,good+laying back+lumbar slouch,0.19455415718923355,0.19455415718923355,12.826333333333332,12.826333333333332
5,neck,360,unknown,0.19495581753368604,0.19495581753368604,11.416,11.416
5,neck,361,good,0.19495581753368604,0.19495581753368604,11.416,11.416
5,neck,362,unknown,0.19538537078766421,0.1958539741681801,10.82425,11.176400000000001
5,neck,363,good,0.1958539741681801,0.1958539741681801,11.176400000000001,11.176400000000001
5,neck,364,unknown,0.1963169993392035,0.1963169993392035,11.557666666666668,11.557666666666668
5,neck,365,good,0.1963169993392035,0.1963169993392035,11.557666666666668,11.557666666666668
5,neck,366,unknown,0.19671865941764696,0.19671865941764696,11.618,11.618
5,neck,367,good,0.19671865941764696,0.19671865941764696,11.618,11.618
5,neck,368,unknown,0.19708126936955273,0.19708126936955273,11.33125,11.33125
5,neck,369,good,0.1975164010990324,0.19884411125351364,11.68275,12.308
5,neck,370,good+laying back,0.19884411125351364,0.199307136158528,12.308,12.760666666666667
5,neck,371,good+laying back+lumbar slouch,0.199307136158528,0.1997087965029805,12.760666666666667,17.250333333333334
5,neck,372,laying back+lumbar slouch+shoulder slouch,0.1997087965029805,0.1997087965029805,17.250333333333334,17.250333333333334
5,neck,373,shoulder slouch,0.1997087965029805,0.1997087965029805,17.250333333333334,17.250333333333334
5,neck,374,good+laying back+lumbar slouch,0.20007140645488627,0.20007140645488627,16.912399999999998,16.912399999999998
5,neck,375,lumbar slouch+shoulder slouch,0.20007140645488627,0.20007140645488627,16.912399999999998,16.912399999999998
5,neck,376,shoulder slouch,0.20007140645488627,0.20007140645488627,16.912399999999998,16.912399999999998
5,neck,377,unknown,0.20057348148643836,0.20057348148643836,13.53525,13.53525
5,neck,378,good+laying back,0.20057348148643836,0.20057348148643836,13.53525,13.53525
5,neck,379,good+laying back+lumbar slouch,0.20057348148643836,0.20057348148643836,13.53525,13.53525
5,neck,380,unknown,0.2010030347404165,0.2010030347404165,12.916333333333334,12.916333333333334
5,neck,381,good+laying back+lumbar slouch,0.2010030347404165,0.2010030347404165,12.916333333333334,12.916333333333334
5,neck,382,good,0.20140469508486902,0.20140469508486902,12.463750000000001,12.463750000000001
5,neck,383,good+laying back,0.20140469508486902,0.20140469508486902,12.463750000000001,12.463750000000001
5,neck,384,good+laying back+lumbar slouch,0.20140469508486902,0.20140469508486902,12.463750000000001,12.463750000000001
5,neck,385,unknown,0.20176730503677479,0.20176730503677479,10.8065,10.8065
5,neck,386,good+laying back+lumbar slouch,0.20176730503677479,0.20176730503677479,10.8065,10.8065
5,neck,387,unknown,0.20220243676625446,0.20821618258795777,0.864,11.996
5,neck,388,good,0.20821618258795777,0.20821618258795777,11.996,11.996
5,neck,389,good+laying back,0.20821618258795777,0.20821618258795777,11.996,11.996
5,neck,390,good+laying back+lumbar slouch,0.2086792074929721,0.20944347752332135,13.015,15.57325
5,neck,391,laying back+lumbar slouch+shoulder slouch,0.20944347752332135,0.20944347752332135,15.57325,15.57325
5,neck,392,laying back+lumbar slouch,0.20991208116984625,0.20991208116984625,18.3516,18.3516
5,neck,393,laying back+lumbar slouch+shoulder slouch,0.20991208116984625,0.20991208116984625,18.3516,18.3516
5,neck,394,lumbar slouch+shoulder slouch,0.20991208116984625,0.20991208116984625,18.3516,18.3516
5,neck,395,shoulder slouch,0.20991208116984625,0.20991208116984625,18.3516,18.3516
5,neck,396,laying back+lumbar slouch,0.21037510607486062,0.21037510607486062,17.961,17.961
5,neck,397,laying back+lumbar slouch+shoulder slouch,0.21037510607486062,0.21037510607486062,17.961,17.961
5,neck,398,lumbar slouch+shoulder slouch,0.21037510607486062,0.21037510607486062,17.961,17.961
5,neck,399,good+laying back+lumbar slouch,0.2107767661533041,0.2107767661533041,17.714,17.714
5,neck,400,laying back+lumbar slouch,0.2107767661533041,0.2107767661533041,17.714,17.714
5,neck,401,laying back+lumbar slouch+shoulder slouch,0.2107767661533041,0.2107767661533041,17.714,17.714
5,neck,402,good+laying back+lumbar slouch,0.21113937610520986,0.21113937610520986,16.55225,16.55225
5,neck,403,laying back+lumbar slouch,0.21113937610520986,0.21113937610520986,16.55225,16.55225
5,neck,404,laying back+lumbar slouch+shoulder slouch,0.21113937610520986,0.21113937610520986,16.55225,16.55225
5,neck,405,good+laying back+lumbar slouch,0.21160797975173476,0.2129022182551798,13.3692,15.40175
5,neck,406,good+laying back,0.21339871481123038,0.21339871481123038,13.33325,13.33325
5,neck,407,good+laying back+lumbar slouch,0.21339871481123038,0.21595929864258576,13.064333333333334,13.33325
5,neck,408,good,0.21635537997951867,0.21635537997951867,12.495750000000001,12.495750000000001
5,neck,409,good+laying back,0.21635537997951867,0.2168239836260436,12.495750000000001,12.87875
5,neck,410,good+laying back+lumbar slouch,0.2168239836260436,0.2168239836260436,12.87875,12.87875
5,neck,411,good,0.21725353688002175,0.21725353688002175,12.2608,12.2608
5,neck,412,good+laying back,0.21725353688002175,0.21725353688002175,12.2608,12.2608
5,neck,413,good,0.21778908382861908,0.21778908382861908,12.38175,12.38175
5,neck,414,good+laying back,0.21778908382861908,0.21908332233206412,12.372,12.383333333333333
5,neck,415,good,0.2194849824105076,0.2194849824105076,12.369,12.369
5,neck,416,good+laying back,0.2194849824105076,0.22037756056950011,12.369,14.26425
5,neck,417,good+laying back+lumbar slouch,0.22037756056950011,0.22077922091395263,14.26425,16.5125
5,neck,418,laying back+lumbar slouch+shoulder slouch,0.22077922091395263,0.22077922091395263,16.5125,16.5125
5,neck,419,unknown,0.2211753025168946,0.2211753025168946,12.863333333333333,12.863333333333333
5,neck,420,good+laying back+lumbar slouch,0.2211753025168946,0.2211753025168946,12.863333333333333,12.863333333333333
5,neck,421,unknown,0.22157696259533807,0.22483487315497028,-1.3841999999999999,11.39425
5,neck,422,good,0.22483487315497028,0.22483487315497028,11.39425,11.39425
5,neck,423,unknown,0.225197483106876,0.225197483106876,12.68525,12.68525
5,neck,424,good+laying back,0.225197483106876,0.225197483106876,12.68525,12.68525
5,neck,425,good+laying back+lumbar slouch,0.225197483106876,0.2273229349427427,12.68525,15.73075
5,neck,426,good+laying back,0.22775806667222237,0.22775806667222237,12.67125,12.67125
5,neck,427,good+laying back+lumbar slouch,0.22825456349428197,0.22825456349428197,13.29875,13.29875
5,neck,428,unknown,0.22872316687479785,0.22872316687479785,10.20775,10.20775
5,neck,429,good,0.22872316687479785,0.22872316687479785,10.20775,10.20775
5,neck,430,unknown,0.22915272012877602,0.2317802472622038,6.5015,11.2378
5,neck,431,good,0.2317802472622038,0.2317802472622038,11.2378,11.2378
5,neck,432,unknown,0.23224327216721818,0.23224327216721818,10.337,10.337
5,neck,433,good,0.23224327216721818,0.23224327216721818,10.337,10.337
5,neck,434,unknown,0.23267840416270688,0.2336044539727356,9.52125,11.154
5,neck,435,good+laying back+lumbar slouch,0.2336044539727356,0.2336044539727356,11.154,11.154
5,neck,436,good,0.23403958596822433,0.23403958596822433,14.689,14.689
5,neck,437,good+laying back+lumbar slouch,0.23403958596822433,0.23403958596822433,14.689,14.689
5,neck,438,laying back+lumbar slouch,0.23403958596822433,0.23403958596822433,14.689,14.689
5,neck,439,good,0.2344356675711663,0.2344356675711663,13.936,13.936
5,neck,440,good+laying back,0.2344356675711663,0.2344356675711663,13.936,13.936
5,neck,441,good+laying back+lumbar slouch,0.2344356675711663,0.23536729612270557,13.936,17.2155
5,neck,442,laying back+lumbar slouch,0.23536729612270557,0.23536729612270557,17.2155,17.2155
5,neck,443,laying back+lumbar slouch+shoulder slouch,0.23536729612270557,0.23583589950322145,17.2155,19.1985
5,neck,444,lumbar slouch+shoulder slouch,0.23583589950322145,0.23583589950322145,19.1985,19.1985
5,neck,445,shoulder slouch,0.23583589950322145,0.23583589950322145,19.1985,19.1985
5,neck,446,lumbar slouch+shoulder slouch,0.2362654527571996,0.2362654527571996,19.359666666666666,19.359666666666666
5,neck,447,laying back+lumbar slouch+shoulder slouch,0.23666711310165212,0.23666711310165212,18.8018,18.8018
5,neck,448,lumbar slouch+shoulder slouch,0.23666711310165212,0.23666711310165212,18.8018,18.8018
5,neck,449,laying back+lumbar slouch+shoulder slouch,0.2371636096577027,0.2371636096577027,19.6585,19.6585
5,neck,450,lumbar slouch+shoulder slouch,0.2371636096577027,0.2371636096577027,19.6585,19.6585
5,neck,451,shoulder slouch,0.2371636096577027,0.2371636096577027,19.6585,19.6585
5,neck,452,laying back+lumbar slouch,0.23762663456271704,0.23762663456271704,17.402250000000002,17.402250000000002
5,neck,453,laying back+lumbar slouch+shoulder slouch,0.23762663456271704,0.23762663456271704,17.402250000000002,17.402250000000002
5,neck,454,good+laying back+lumbar slouch,0.23809523820924197,0.23809523820924197,16.475250000000003,16.475250000000003
5,neck,455,laying back+lumbar slouch,0.23809523820924197,0.23849131981218394,16.475250000000003,17.277666666666665
5,neck,456,laying back+lumbar slouch+shoulder slouch,0.23849131981218394,0.2388929798906274,17.277666666666665,18.7195
5,neck,457,lumbar slouch+shoulder slouch,0.2388929798906274,0.23925558984253315,18.7195,19.271666666666665
5,neck,458,shoulder slouch,0.23925558984253315,0.23925558984253315,19.271666666666665,19.271666666666665
5,neck,459,laying back+lumbar slouch+shoulder slouch,0.23965724992097662,0.23965724992097662,19.2292,19.2292
5,neck,460,lumbar slouch+shoulder slouch,0.23965724992097662,0.23965724992097662,19.2292,19.2292
5,neck,461,shoulder slouch,0.23965724992097662,0.23965724992097662,19.2292,19.2292
5,neck,462,good+laying back+lumbar slouch,0.24015374674303624,0.24015374674303624,15.95625,15.95625
5,neck,463,laying back+lumbar slouch,0.24015374674303624,0.24015374674303624,15.95625,15.95625
5,neck,464,good+laying back+lumbar slouch,0.2406167716480506,0.2406167716480506,17.4585,17.4585
5,neck,465,laying back+lumbar slouch,0.2406167716480506,0.2406167716480506,17.4585,17.4585
5,neck,466,laying back+lumbar slouch+shoulder slouch,0.2406167716480506,0.24101843172649406,17.4585,19.1355
5,neck,467,lumbar slouch+shoulder slouch,0.24101843172649406,0.24188311697596093,19.1355,19.6435
5,neck,468,shoulder slouch,0.24188311697596093,0.24188311697596093,19.6435,19.6435
5,neck,469,lumbar slouch+shoulder slouch,0.2423126702299391,0.2423126702299391,19.429333333333332,19.429333333333332
5,neck,470,shoulder slouch,0.2423126702299391,0.2423126702299391,19.429333333333332,19.429333333333332
5,neck,471,lumbar slouch+shoulder slouch,0.24271433030838258,0.24317735547940597,19.2338,19.27166666666667
5,neck,472,good+laying back+lumbar slouch,0.24357901555784944,0.24357901555784944,16.7088,16.7088
5,neck,473,laying back+lumbar slouch,0.24357901555784944,0.24357901555784944,16.7088,16.7088
5,neck,474,laying back+lumbar slouch+shoulder slouch,0.24357901555784944,0.24357901555784944,16.7088,16.7088
5,neck,475,good+laying back+lumbar slouch,0.24407551211390002,0.24447717245835254,14.241999999999999,15.7775
5,neck,476,laying back+lumbar slouch+shoulder slouch,0.24447717245835254,0.24447717245835254,15.7775,15.7775
5,neck,477,lumbar slouch+shoulder slouch,0.2449401973633669,0.2449401973633669,20.05275,20.05275
5,neck,478,shoulder slouch,0.2449401973633669,0.2449401973633669,20.05275,20.05275
5,neck,479,lumbar slouch+shoulder slouch,0.24536975061734506,0.24536975061734506,19.8764,19.8764
5,neck,480,shoulder slouch,0.24536975061734506,0.24536975061734506,19.8764,19.8764
5,neck,481,lumbar slouch+shoulder slouch,0.24590529756594237,0.24590529756594237,19.67125,19.67125
5,neck,482,shoulder slouch,0.24590529756594237,0.24590529756594237,19.67125,19.67125
5,neck,483,laying back+lumbar slouch+shoulder slouch,0.24633485081992054,0.24633485081992054,19.101,19.101
5,neck,484,lumbar slouch+shoulder slouch,0.24633485081992054,0.24633485081992054,19.101,19.101
5,neck,485,laying back+lumbar slouch+shoulder slouch,0.24689829067804353,0.24689829067804353,19.655749999999998,19.655749999999998
5,neck,486,shoulder slouch,0.24689829067804353,0.24689829067804353,19.655749999999998,19.655749999999998
5,neck,487,laying back+lumbar slouch+shoulder slouch,0.24740036597560464,0.24740036597560464,19.386400000000002,19.386400000000002
5,neck,488,lumbar slouch+shoulder slouch,0.24740036597560464,0.24740036597560464,19.386400000000002,19.386400000000002
5,neck,489,shoulder slouch,0.24740036597560464,0.24740036597560464,19.386400000000002,19.386400000000002
5,neck,490,laying back+lumbar slouch+shoulder slouch,0.24793033444870044,0.24793033444870044,19.1615,19.1615
5,neck,491,lumbar slouch+shoulder slouch,0.24793033444870044,0.24793033444870044,19.1615,19.1615
5,neck,492,shoulder slouch,0.24793033444870044,0.24793033444870044,19.1615,19.1615
5,neck,493,laying back+lumbar slouch+shoulder slouch,0.24836546617818012,0.24836546617818012,19.54325,19.54325
5,neck,494,lumbar slouch+shoulder slouch,0.24836546617818012,0.24836546617818012,19.54325,19.54325
5,neck,495,shoulder slouch,0.24836546617818012,0.24836546617818012,19.54325,19.54325
5,neck,496,laying back+lumbar slouch+shoulder slouch,0.24876154778112208,0.24876154778112208,18.402,18.402
5,neck,497,lumbar slouch+shoulder slouch,0.24876154778112208,0.24876154778112208,18.402,18.402
5,neck,498,laying back+lumbar slouch,0.24919667977661078,0.24919667977661078,17.7935,17.7935
5,neck,499,laying back+lumbar slouch+shoulder slouch,0.24919667977661078,0.24919667977661078,17.7935,17.7935
5,neck,500,lumbar slouch+shoulder slouch,0.24919667977661078,0.24919667977661078,17.7935,17.7935
5,neck,501,laying back+lumbar slouch,0.24969317633266136,0.24969317633266136,18.21125,18.21125
5,neck,502,laying back+lumbar slouch+shoulder slouch,0.24969317633266136,0.24969317633266136,18.21125,18.21125
5,neck,503,lumbar slouch+shoulder slouch,0.24969317633266136,0.24969317633266136,18.21125,18.21125
5,neck,504,good+laying back+lumbar slouch,0.2501227295866395,0.2501227295866395,17.4435,17.4435
5,neck,505,laying back+lumbar slouch,0.2501227295866395,0.2501227295866395,17.4435,17.4435
5,neck,506,laying back+lumbar slouch+shoulder slouch,0.2501227295866395,0.2501227295866395,17.4435,17.4435
5,neck,507,lumbar slouch+shoulder slouch,0.2501227295866395,0.2501227295866395,17.4435,17.4435
5,neck,508,good+laying back+lumbar slouch,0.25059133323316446,0.25059133323316446,14.373000000000001,14.373000000000001
5,neck,509,laying back+lumbar slouch,0.2510543581381788,0.2510543581381788,16.9285,16.9285
5,neck,510,good+laying back+lumbar slouch,0.2514560182166223,0.2514560182166223,15.296,15.296
5,neck,511,laying back+lumbar slouch,0.2514560182166223,0.2514560182166223,15.296,15.296
5,neck,512,good+laying back+lumbar slouch,0.2518855714706004,0.2528172000221397,14.1175,15.0248
5,neck,513,unknown,0.25321328162508167,0.25321328162508167,12.167666666666667,12.167666666666667
5,neck,514,good,0.25321328162508167,0.25321328162508167,12.167666666666667,12.167666666666667
5,neck,515,good+laying back+lumbar slouch,0.25321328162508167,0.25321328162508167,12.167666666666667,12.167666666666667
5,neck,516,unknown,0.2536484136205704,0.2536484136205704,11.6116,11.6116
5,neck,517,good,0.2536484136205704,0.2536484136205704,11.6116,11.6116
5,neck,518,good+laying back,0.25411143852558477,0.25411143852558477,14.534749999999999,14.534749999999999
5,neck,519,good+laying back+lumbar slouch,0.25411143852558477,0.25411143852558477,14.534749999999999,14.534749999999999
5,neck,520,laying back+lumbar slouch,0.25411143852558477,0.2545800419061006,14.534749999999999,17.19375
5,neck,521,laying back+lumbar slouch+shoulder slouch,0.2545800419061006,0.2545800419061006,17.19375,17.19375
5,neck,522,unknown,0.2550095954260878,0.2550095954260878,12.497,12.497
5,neck,523,good,0.2550095954260878,0.2550095954260878,12.497,12.497
5,neck,524,good+laying back+lumbar slouch,0.2550095954260878,0.2550095954260878,12.497,12.497
5,neck,525,unknown,0.2554781988066037,0.2558742804095457,7.383,11.305250000000001
5,neck,526,good,0.2558742804095457,0.2558742804095457,11.305250000000001,11.305250000000001
5,neck,527,good+laying back,0.2558742804095457,0.2558742804095457,11.305250000000001,11.305250000000001
5,neck,528,unknown,0.25633730531456006,0.2572354622150631,7.94575,11.397
5,neck,529,good,0.2572354622150631,0.2572354622150631,11.397,11.397
5,neck,530,good+laying back,0.2572354622150631,0.2572354622150631,11.397,11.397
5,neck,531,unknown,0.257704065861588,0.257704065861588,10.345,10.345
5,neck,532,good+laying back,0.257704065861588,0.257704065861588,10.345,10.345
5,neck,533,good+laying back+lumbar slouch,0.2581670907666024,0.2581670907666024,17.964,17.964
5,neck,534,laying back+lumbar slouch+shoulder slouch,0.2581670907666024,0.2581670907666024,17.964,17.964
5,neck,535,shoulder slouch,0.2581670907666024,0.2581670907666024,17.964,17.964
5,neck,536,laying back+lumbar slouch+shoulder slouch,0.25860222249608206,0.25860222249608206,18.72225,18.72225
5,neck,537,lumbar slouch+shoulder slouch,0.25860222249608206,0.25860222249608206,18.72225,18.72225
5,neck,538,good+laying back+lumbar slouch,0.2590652476671055,0.2590652476671055,17.198,17.198
5,neck,539,laying back+lumbar slouch,0.2590652476671055,0.2590652476671055,17.198,17.198
5,neck,540,laying back+lumbar slouch+shoulder slouch,0.2590652476671055,0.2590652476671055,17.198,17.198
5,neck,541,good+laying back+lumbar slouch,0.2594613290040384,0.2594613290040384,15.913499999999999,15.913499999999999
5,neck,542,unknown,0.2599968759526357,0.26302048468900546,3.07175,12.6205
5,neck,543,good+laying back+lumbar slouch,0.26302048468900546,0.26302048468900546,12.6205,12.6205
5,neck,544,unknown,0.2634500379429836,0.2634500379429836,12.028500000000001,12.028500000000001
5,neck,545,good,0.2634500379429836,0.2634500379429836,12.028500000000001,12.028500000000001
5,neck,546,good+laying back,0.2634500379429836,0.2634500379429836,12.028500000000001,12.028500000000001
5,neck,547,unknown,0.26388516993847233,0.26388516993847233,11.338000000000001,11.338000000000001
5,neck,548,good,0.26388516993847233,0.26388516993847233,11.338000000000001,11.338000000000001
5,neck,549,unknown,0.26431472319245053,0.26959767036883175,0.9558000000000001,10.087
5,neck,550,good+laying back,0.26959767036883175,0.26959767036883175,10.087,10.087
5,neck,551,unknown,0.2700328023643204,0.2700328023643204,11.57275,11.57275
5,neck,552,good,0.2700328023643204,0.2700328023643204,11.57275,11.57275
5,neck,553,good+laying back+lumbar slouch,0.2700328023643204,0.2700328023643204,11.57275,11.57275
5,neck,554,unknown,0.2704958272693348,0.27096443091585976,10.29275,10.776250000000001
5,neck,555,good,0.2714274558208741,0.2714274558208741,12.519,12.519
5,neck,556,good+laying back,0.2714274558208741,0.2714274558208741,12.519,12.519
5,neck,557,good+laying back+lumbar slouch,0.2714274558208741,0.2718291158993176,12.519,13.286333333333333
5,neck,558,unknown,0.2721917258512233,0.2721917258512233,11.904,11.904
5,neck,559,good,0.2721917258512233,0.2721917258512233,11.904,11.904
5,neck,560,good+laying back,0.2721917258512233,0.2721917258512233,11.904,11.904
5,neck,561,good,0.27262685784671203,0.27262685784671203,12.637,12.637
5,neck,562,good+laying back,0.27262685784671203,0.27262685784671203,12.637,12.637
5,neck,563,good+laying back+lumbar slouch,0.27262685784671203,0.27262685784671203,12.637,12.637
5,neck,564,unknown,0.2731233544027626,0.2731233544027626,11.6785,11.6785
5,neck,565,good,0.2731233544027626,0.2731233544027626,11.6785,11.6785
5,neck,566,unknown,0.2735529076567408,0.2735529076567408,11.323333333333332,11.323333333333332
5,neck,567,good,0.2735529076567408,0.2735529076567408,11.323333333333332,11.323333333333332
5,neck,568,unknown,0.27395456773518423,0.27395456773518423,9.2406,9.2406
5,neck,569,good,0.27395456773518423,0.27441759290620765,9.2406,12.447333333333333
5,neck,570,good+laying back+lumbar slouch,0.27441759290620765,0.27441759290620765,12.447333333333333,12.447333333333333
5,neck,571,unknown,0.2748192529846511,0.27611349148809616,8.81925,11.202
5,neck,572,good+laying back+lumbar slouch,0.27611349148809616,0.27654862321757584,11.202,18.354666666666667
5,neck,573,laying back+lumbar slouch+shoulder slouch,0.27654862321757584,0.27654862321757584,18.354666666666667,18.354666666666667
5,neck,574,shoulder slouch,0.27654862321757584,0.27654862321757584,18.354666666666667,18.354666666666667
5,neck,575,lumbar slouch+shoulder slouch,0.2769447048205178,0.2769447048205178,20.2018,20.2018
5,neck,576,shoulder slouch,0.2769447048205178,0.2769447048205178,20.2018,20.2018
5,neck,577,laying back+lumbar slouch+shoulder slouch,0.2774077297255321,0.2774077297255321,19.43625,19.43625
5,neck,578,lumbar slouch+shoulder slouch,0.2774077297255321,0.2774077297255321,19.43625,19.43625
5,neck,579,shoulder slouch,0.2774077297255321,0.2774077297255321,19.43625,19.43625
5,neck,580,laying back+lumbar slouch+shoulder slouch,0.2779432766741295,0.2783058866260352,18.32775,18.534
5,neck,581,laying back+lumbar slouch,0.2787075467044787,0.2787075467044787,17.559,17.559
5,neck,582,laying back+lumbar slouch+shoulder slouch,0.2787075467044787,0.2787075467044787,17.559,17.559
5,neck,583,laying back+lumbar slouch,0.27910362830742064,0.27910362830742064,17.576333333333334,17.576333333333334
5,neck,584,laying back+lumbar slouch+shoulder slouch,0.27910362830742064,0.27910362830742064,17.576333333333334,17.576333333333334
5,neck,585,good+laying back+lumbar slouch,0.2795052886518732,0.2795052886518732,16.664749999999998,16.664749999999998
5,neck,586,laying back+lumbar slouch,0.2795052886518732,0.2795052886518732,16.664749999999998,16.664749999999998
5,neck,587,good+laying back+lumbar slouch,0.2798678986037789,0.2798678986037789,14.63525,14.63525
5,neck,588,good+laying back,0.2803030303332586,0.2803030303332586,12.93775,12.93775
5,neck,589,good+laying back+lumbar slouch,0.2803030303332586,0.2803030303332586,12.93775,12.93775
5,neck,590,good+laying back,0.28079952688930915,0.2812346588847979,12.67975,12.873800000000001
5,neck,591,good+laying back+lumbar slouch,0.2812346588847979,0.2812346588847979,12.873800000000001,12.873800000000001
5,neck,592,good+laying back,0.2818315706599661,0.2818315706599661,12.928,12.928
5,neck,593,good+laying back+lumbar slouch,0.2818315706599661,0.2826293123413515,12.928,16.695
5,neck,594,laying back+lumbar slouch,0.2826293123413515,0.2826293123413515,16.695,16.695
5,neck,595,good+laying back+lumbar slouch,0.2830253939442935,0.28359441254392703,14.353666666666667,15.86825
5,neck,596,good,0.28399049414686894,0.28399049414686894,12.417,12.417
5,neck,597,good+laying back,0.28399049414686894,0.28399049414686894,12.417,12.417
5,neck,598,good+laying back+lumbar slouch,0.28399049414686894,0.28399049414686894,12.417,12.417
5,neck,599,good,0.2845204623539557,0.2845204623539557,11.986333333333333,11.986333333333333
5,neck,600,good+laying back,0.28488865104737204,0.28488865104737204,12.8924,12.8924
5,neck,601,good+laying back+lumbar slouch,0.28488865104737204,0.28488865104737204,12.8924,12.8924
5,neck,602,good+laying back,0.2853516759523864,0.2853516759523864,12.817333333333334,12.817333333333334
5,neck,603,good+laying back+lumbar slouch,0.2853516759523864,0.2853516759523864,12.817333333333334,12.817333333333334
5,neck,604,unknown,0.28575333603082986,0.28575333603082986,10.9865,10.9865
5,neck,605,good,0.28575333603082986,0.28575333603082986,10.9865,10.9865
5,neck,606,unknown,0.28611594598273565,0.28611594598273565,10.42725,10.42725
5,neck,607,good,0.28658454962926055,0.28658454962926055,12.172666666666666,12.172666666666666
5,neck,608,good+laying back,0.28658454962926055,0.28658454962926055,12.172666666666666,12.172666666666666
5,neck,609,good,0.2869806312322025,0.2869806312322025,13.748,13.748
5,neck,610,good+laying back+lumbar slouch,0.2869806312322025,0.2882469765601129,13.748,16.47675
5,neck,611,laying back+lumbar slouch,0.2882469765601129,0.2882469765601129,16.47675,16.47675
5,neck,612,good+laying back+lumbar slouch,0.28867652981409103,0.28867652981409103,16.27075,16.27075
5,neck,613,laying back+lumbar slouch,0.28867652981409103,0.28867652981409103,16.27075,16.27075
5,neck,614,good+laying back+lumbar slouch,0.2891395547191054,0.2891395547191054,15.2392,15.2392
5,neck,615,unknown,0.2897085733187389,0.2897085733187389,13.33475,13.33475
5,neck,616,good+laying back+lumbar slouch,0.2897085733187389,0.2897085733187389,13.33475,13.33475
5,neck,617,unknown,0.2901381265727171,0.29123711337943736,6.857,10.79825
5,neck,618,good+laying back+lumbar slouch,0.29123711337943736,0.29210179862890423,10.79825,15.177666666666667
5,neck,619,unknown,0.2924978802318462,0.2924978802318462,10.7955,10.7955
5,neck,620,good+laying back,0.2924978802318462,0.2924978802318462,10.7955,10.7955
5,neck,621,unknown,0.2928995403102897,0.29605703591681326,-7.8246,10.853250000000001
5,neck,622,good,0.29605703591681326,0.29652006082182764,10.853250000000001,13.1905
5,neck,623,good+laying back+lumbar slouch,0.29652006082182764,0.29652006082182764,13.1905,13.1905
5,neck,624,laying back+lumbar slouch+shoulder slouch,0.2969496140758058,0.2973847458052855,18.601666666666667,18.635
5,neck,625,lumbar slouch+shoulder slouch,0.2973847458052855,0.2973847458052855,18.635,18.635
5,neck,626,laying back+lumbar slouch,0.2978477709763089,0.2978477709763089,17.741333333333333,17.741333333333333
5,neck,627,laying back+lumbar slouch+shoulder slouch,0.2978477709763089,0.2978477709763089,17.741333333333333,17.741333333333333
5,neck,628,good+laying back+lumbar slouch,0.2982494310547524,0.2982494310547524,16.206,16.206
5,neck,629,laying back+lumbar slouch,0.2982494310547524,0.2982494310547524,16.206,16.206
5,neck,630,good+laying back+lumbar slouch,0.2986120410066581,0.29947672599011593,15.7435,16.73625
5,neck,631,laying back+lumbar slouch,0.29947672599011593,0.3003079395885466,16.73625,17.28666666666667
5,neck,632,laying back+lumbar slouch+shoulder slouch,0.3003079395885466,0.3050274469068049,17.28666666666667,18.030333333333335
5,neck,633,good+laying back+lumbar slouch,0.30546257863628457,0.30546257863628457,16.73375,16.73375
5,neck,634,laying back+lumbar slouch,0.30546257863628457,0.30546257863628457,16.73375,16.73375
5,neck,635,good+laying back+lumbar slouch,0.30592560380730793,0.30592560380730793,14.8465,14.8465
5,neck,636,unknown,0.3063216851442409,0.3063216851442409,10.446,10.446
5,neck,637,good+laying back,0.3063216851442409,0.3063216851442409,10.446,10.446
5,neck,638,unknown,0.3067568171397296,0.30721984204474395,9.9624,11.15525
5,neck,639,good,0.30721984204474395,0.30721984204474395,11.15525,11.15525
5,neck,640,good+laying back+lumbar slouch,0.30768844569126885,0.30811799894524705,14.031,14.137
5,neck,641,good+laying back,0.30858660259177195,0.30858660259177195,13.002333333333333,13.002333333333333
5,neck,642,good+laying back+lumbar slouch,0.30858660259177195,0.30858660259177195,13.002333333333333,13.002333333333333
5,neck,643,good+laying back,0.3089826841947139,0.30947918075076447,12.50775,12.6608
5,neck,644,good,0.3099477841312804,0.3099477841312804,12.3884,12.3884
5,neck,645,good+laying back,0.3099477841312804,0.3099477841312804,12.3884,12.3884
5,neck,646,good,0.31044428095334,0.31044428095334,12.291,12.291
5,neck,647,good+laying back,0.31044428095334,0.31044428095334,12.291,12.291
5,neck,648,good,0.31087941268281966,0.31087941268281966,11.806249999999999,11.806249999999999
5,neck,649,unknown,0.31140938115591543,0.31140938115591543,11.3916,11.3916
5,neck,650,good,0.31140938115591543,0.31140938115591543,11.3916,11.3916
5,neck,651,unknown,0.31190587771196604,0.31436604632420373,10.706,11.21025
5,neck,652,good,0.3147677066686563,0.3147677066686563,12.6222,12.6222
5,neck,653,good+laying back,0.3147677066686563,0.3147677066686563,12.6222,12.6222
5,neck,654,good+laying back+lumbar slouch,0.3147677066686563,0.3147677066686563,12.6222,12.6222
5,neck,655,good,0.31529767487574306,0.31529767487574306,12.306000000000001,12.306000000000001
5,neck,656,good+laying back,0.31529767487574306,0.31529767487574306,12.306000000000001,12.306000000000001
5,neck,657,good,0.31569933522019555,0.31569933522019555,12.271666666666667,12.271666666666667
5,neck,658,good+laying back,0.31569933522019555,0.3161288884741737,12.271666666666667,12.669166666666667
5,neck,659,good+laying back+lumbar slouch,0.31669232833229666,0.3228399607581448,13.51175,14.925833333333333
5,neck,660,good+laying back,0.3234089793577783,0.3234089793577783,13.053,13.053
5,neck,661,good+laying back+lumbar slouch,0.3234089793577783,0.3234089793577783,13.053,13.053
5,neck,662,good+laying back,0.3239389478308741,0.3239389478308741,12.43125,12.43125
5,neck,663,good,0.3244019727358885,0.3244019727358885,12.26475,12.26475
5,neck,664,good+laying back,0.3244019727358885,0.3244019727358885,12.26475,12.26475
5,neck,665,good,0.32490404803344963,0.32752599642536684,11.5654,11.969750000000001
5,neck,666,unknown,0.32792765650381034,0.32792765650381034,12.107,12.107
5,neck,667,good,0.32792765650381034,0.32792765650381034,12.107,12.107
5,neck,668,good+laying back,0.32792765650381034,0.32869192680016857,12.107,12.74
5,neck,669,good+laying back+lumbar slouch,0.32869192680016857,0.3299192217355322,12.74,14.3865
5,neck,670,unknown,0.3304212970330933,0.3304212970330933,11.40925,11.40925
5,neck,671,good,0.3304212970330933,0.3304212970330933,11.40925,11.40925
5,neck,672,unknown,0.3308843219381077,0.3308843219381077,12.84725,12.84725
5,neck,673,good,0.3308843219381077,0.3308843219381077,12.84725,12.84725
5,neck,674,good+laying back+lumbar slouch,0.3308843219381077,0.33131945393359635,12.84725,14.414
5,neck,675,unknown,0.33174900718757455,0.33174900718757455,10.676400000000001,10.676400000000001
5,neck,676,good,0.33174900718757455,0.33174900718757455,10.676400000000001,10.676400000000001
5,neck,677,unknown,0.3322789753946613,0.3375675013125531,-29.92975,9.133333333333333
5,neck,678,good+laying back,0.33799705456653123,0.33799705456653123,15.0216,15.0216
5,neck,679,good+laying back+lumbar slouch,0.33799705456653123,0.3384600794715456,14.1395,15.0216
5,neck,680,good+laying back,0.33892868311807056,0.33892868311807056,13.064,13.064
5,neck,681,good+laying back+lumbar slouch,0.33892868311807056,0.33892868311807056,13.064,13.064
5,neck,682,good+laying back,0.3394251796741211,0.3394251796741211,12.872,12.872
5,neck,683,good+laying back+lumbar slouch,0.3394251796741211,0.3394251796741211,12.872,12.872
5,neck,684,good+laying back,0.3398268400185736,0.3398268400185736,12.962,12.962
5,neck,685,good+laying back+lumbar slouch,0.3398268400185736,0.3398268400185736,12.962,12.962
5,neck,686,good,0.3402229216215156,0.3402229216215156,12.6838,12.6838
5,neck,687,good+laying back,0.3402229216215156,0.3402229216215156,12.6838,12.6838
5,neck,688,good+laying back+lumbar slouch,0.3402229216215156,0.3402229216215156,12.6838,12.6838
5,neck,689,good,0.3406915250020314,0.3406915250020314,12.30875,12.30875
5,neck,690,good+laying back,0.3406915250020314,0.3416175750780692,12.30875,12.96275
5,neck,691,good+laying back+lumbar slouch,0.3416175750780692,0.3416175750780692,12.96275,12.96275
5,neck,692,unknown,0.3420861784585851,0.3420861784585851,11.6455,11.6455
5,neck,693,good,0.3420861784585851,0.3420861784585851,11.6455,11.6455
5,neck,694,good+laying back,0.3420861784585851,0.3420861784585851,11.6455,11.6455
5,neck,695,laying back+lumbar slouch,0.34248226006152704,0.34248226006152704,22.15975,22.15975
5,neck,696,shoulder slouch,0.34248226006152704,0.34248226006152704,22.15975,22.15975
5,neck,697,unknown,0.34248226006152704,0.34291739205701577,22.15975,30.16725
5,neck,698,shoulder slouch,0.3434138886130663,0.3434138886130663,24.23625,24.23625
5,neck,699,unknown,0.3434138886130663,0.3434138886130663,24.23625,24.23625
5,neck,700,shoulder slouch,0.3438155486915098,0.3438155486915098,21.95325,21.95325
5,neck,701,lumbar slouch+shoulder slouch,0.3443120455135694,0.3443120455135694,20.00475,20.00475
5,neck,702,shoulder slouch,0.3443120455135694,0.3443120455135694,20.00475,20.00475
5,neck,703,lumbar slouch+shoulder slouch,0.3447081271165114,0.3447081271165114,19.75,19.75
5,neck,704,shoulder slouch,0.3447081271165114,0.3447081271165114,19.75,19.75
5,neck,705,lumbar slouch+shoulder slouch,0.34510978719495483,0.34510978719495483,19.814,19.814
5,neck,706,shoulder slouch,0.34510978719495483,0.3469395726469972,19.814,21.4562
5,neck,707,laying back+lumbar slouch+shoulder slouch,0.34736912590097535,0.34736912590097535,19.22475,19.22475
5,neck,708,shoulder slouch,0.34736912590097535,0.34736912590097535,19.22475,19.22475
5,neck,709,good+laying back+lumbar slouch,0.3477652075039173,0.3477652075039173,16.658,16.658
5,neck,710,laying back+lumbar slouch,0.3477652075039173,0.3477652075039173,16.658,16.658
5,neck,711,laying back+lumbar slouch+shoulder slouch,0.3477652075039173,0.3477652075039173,16.658,16.658
5,neck,712,good+laying back,0.3481668675823608,0.3481668675823608,13.92125,13.92125
5,neck,713,good+laying back+lumbar slouch,0.3481668675823608,0.3481668675823608,13.92125,13.92125
5,neck,714,good,0.34859642083633896,0.3497958228621769,11.95975,12.264333333333333
5,neck,715,good+laying back,0.3497958228621769,0.3497958228621769,12.16725,12.16725
5,neck,716,good,0.3501919044651189,0.3501919044651189,12.565750000000001,12.565750000000001
5,neck,717,good+laying back,0.3501919044651189,0.3501919044651189,12.565750000000001,12.565750000000001
5,neck,718,unknown,0.35069397976267996,0.35069397976267996,11.604800000000001,11.604800000000001
5,neck,719,good,0.35069397976267996,0.35119047631873057,11.604800000000001,13.309750000000001
5,neck,720,good+laying back+lumbar slouch,0.35119047631873057,0.35119047631873057,13.309750000000001,13.309750000000001
5,neck,721,unknown,0.35162560804821025,0.35162560804821025,10.951666666666666,10.951666666666666
5,neck,722,good,0.35162560804821025,0.35162560804821025,10.951666666666666,10.951666666666666
5,neck,723,unknown,0.3520551613021884,0.356110813543206,8.164,11.8225
5,neck,724,good,0.356110813543206,0.356110813543206,11.8225,11.8225
5,neck,725,good+laying back+lumbar slouch,0.356110813543206,0.3565403670631932,11.8225,16.54
5,neck,726,laying back+lumbar slouch,0.3565403670631932,0.3565403670631932,16.54,16.54
5,neck,727,good+laying back+lumbar slouch,0.3569420271416367,0.3569420271416367,16.643,16.643
5,neck,728,laying back+lumbar slouch,0.3569420271416367,0.3569420271416367,16.643,16.643
5,neck,729,good+laying back+lumbar slouch,0.3574050520466511,0.35800196382181926,16.45075,16.539
5,neck,730,laying back+lumbar slouch+shoulder slouch,0.35800196382181926,0.35800196382181926,16.45075,16.45075
5,neck,731,unknown,0.3585040391193804,0.3585040391193804,15.84775,15.84775
5,neck,732,good+laying back+lumbar slouch,0.3585040391193804,0.3585040391193804,15.84775,15.84775
5,neck,733,laying back+lumbar slouch+shoulder slouch,0.3585040391193804,0.3585040391193804,15.84775,15.84775
5,neck,734,lumbar slouch+shoulder slouch,0.3585040391193804,0.3585040391193804,15.84775,15.84775
5,neck,735,unknown,0.35896706402439477,0.3620910877138731,-1.9666,11.3094
5,neck,736,good,0.3620910877138731,0.3620910877138731,11.3094,11.3094
5,neck,737,good+laying back+lumbar slouch,0.3620910877138731,0.36259316301143424,11.3094,17.2445
5,neck,738,laying back+lumbar slouch+shoulder slouch,0.36259316301143424,0.3630561879164486,17.2445,19.012
5,neck,739,lumbar slouch+shoulder slouch,0.3630561879164486,0.3630561879164486,19.012,19.012
5,neck,740,laying back+lumbar slouch+shoulder slouch,0.3634522695193906,0.3634522695193906,19.286333333333335,19.286333333333335
5,neck,741,lumbar slouch+shoulder slouch,0.3634522695193906,0.3634522695193906,19.286333333333335,19.286333333333335
5,neck,742,laying back+lumbar slouch+shoulder slouch,0.363853929597834,0.363853929597834,19.0592,19.0592
5,neck,743,lumbar slouch+shoulder slouch,0.363853929597834,0.363853929597834,19.0592,19.0592
5,neck,744,laying back+lumbar slouch+shoulder slouch,0.36438389807092986,0.36438389807092986,17.82525,17.82525
5,neck,745,good+laying back+lumbar slouch,0.36481902980040953,0.36481902980040953,17.155333333333335,17.155333333333335
5,neck,746,laying back+lumbar slouch,0.36481902980040953,0.36481902980040953,17.155333333333335,17.155333333333335
5,neck,747,laying back+lumbar slouch+shoulder slouch,0.36481902980040953,0.36481902980040953,17.155333333333335,17.155333333333335
5,neck,748,good+laying back+lumbar slouch,0.3652151114033515,0.3652151114033515,15.0688,15.0688
5,neck,749,good,0.3656837150498764,0.3656837150498764,12.66,12.66
5,neck,750,good+laying back,0.3656837150498764,0.3656837150498764,12.66,12.66
5,neck,751,good+laying back+lumbar slouch,0.3656837150498764,0.3656837150498764,12.66,12.66
5,neck,752,unknown,0.36611326830385454,0.37993707321624925,-12.172666666666666,11.205166666666667
5,neck,753,good,0.37993707321624925,0.37993707321624925,11.205166666666667,11.205166666666667
5,neck,754,good+laying back+lumbar slouch,0.37993707321624925,0.3829327890430933,11.205166666666667,14.905
5,neck,755,good+laying back,0.38332887064603527,0.38332887064603527,13.18075,13.18075
5,neck,756,good+laying back+lumbar slouch,0.38332887064603527,0.38332887064603527,13.18075,13.18075
5,neck,757,good+laying back,0.38376400237551495,0.38376400237551495,13.163666666666666,13.163666666666666
5,neck,758,good+laying back+lumbar slouch,0.38376400237551495,0.38376400237551495,13.163666666666666,13.163666666666666
5,neck,759,good,0.3841600839784569,0.3841600839784569,12.38725,12.38725
5,neck,760,good+laying back,0.3841600839784569,0.3841600839784569,12.38725,12.38725
5,neck,761,unknown,0.3845561655813989,0.3845561655813989,11.684000000000001,11.684000000000001
5,neck,762,good,0.3845561655813989,0.3845561655813989,11.684000000000001,11.684000000000001
5,neck,763,unknown,0.3849912975768876,0.38662025259069466,9.312333333333333,11.23
5,neck,764,good,0.38662025259069466,0.38662025259069466,10.8686,10.8686
5,neck,765,unknown,0.3870832777617181,0.38791449109413967,10.709,11.121666666666666
5,neck,766,good,0.3883496230896284,0.3883496230896284,12.4805,12.4805
5,neck,767,good+laying back,0.3883496230896284,0.3883496230896284,12.4805,12.4805
5,neck,768,good+laying back+lumbar slouch,0.3883496230896284,0.39007341458104255,12.4805,14.749333333333333
5,neck,769,good,0.3905420182275675,0.3905420182275675,12.788,12.788
5,neck,770,good+laying back,0.3905420182275675,0.3905420182275675,12.788,12.788
5,neck,771,good+laying back+lumbar slouch,0.3905420182275675,0.3905420182275675,12.788,12.788
5,neck,772,good,0.39090462817947325,0.39090462817947325,12.4025,12.4025
5,neck,773,good+laying back,0.39090462817947325,0.39090462817947325,12.4025,12.4025
5,neck,774,good,0.3913732315599891,0.39176931316293107,12.321333333333333,12.5972
5,neck,775,good+laying back,0.39176931316293107,0.39176931316293107,12.5972,12.5972
5,neck,776,good+laying back+lumbar slouch,0.39176931316293107,0.39449725551547654,12.5972,13.186
5,neck,777,good,0.39502722372256327,0.39502722372256327,12.91025,12.91025
5,neck,778,good+laying back+lumbar slouch,0.39502722372256327,0.39502722372256327,12.91025,12.91025
5,neck,779,good+laying back,0.39542888380100677,0.39542888380100677,14.003499999999999,14.003499999999999
5,neck,780,good+laying back+lumbar slouch,0.39542888380100677,0.3968235372575604,14.003499999999999,15.69925
5,neck,781,unknown,0.39725309051153856,0.39725309051153856,10.13475,10.13475
5,neck,782,good,0.39725309051153856,0.39725309051153856,10.13475,10.13475
5,neck,783,good+laying back+lumbar slouch,0.39725309051153856,0.39725309051153856,10.13475,10.13475
5,neck,784,unknown,0.3976882225070273,0.4001818627703012,5.638,9.75575
5,neck,785,good+laying back,0.4001818627703012,0.4001818627703012,9.75575,9.75575
5,neck,786,good+laying back+lumbar slouch,0.4006114162902884,0.40140915797167387,13.9502,14.505666666666666
5,neck,787,unknown,0.40197259782979683,0.40197259782979683,8.1985,8.1985
5,neck,788,good,0.40197259782979683,0.40197259782979683,8.1985,8.1985
5,neck,789,unknown,0.4023742581742493,0.41035167578613074,-2.0295,10.7625
5,neck,790,good+laying back,0.41035167578613074,0.41035167578613074,10.7625,10.7625
5,neck,791,unknown,0.41078122904010894,0.41078122904010894,11.26925,11.26925
5,neck,792,good,0.41078122904010894,0.41078122904010894,11.26925,11.26925
5,neck,793,good+laying back,0.41078122904010894,0.41078122904010894,11.26925,11.26925
5,neck,794,unknown,0.4112442542111323,0.41254407119007885,6.002,12.747
5,neck,795,good+laying back,0.41254407119007885,0.41254407119007885,12.747,12.747
5,neck,796,good+laying back+lumbar slouch,0.41254407119007885,0.41304056774612946,12.747,17.27325
5,neck,797,laying back+lumbar slouch+shoulder slouch,0.41304056774612946,0.41304056774612946,17.27325,17.27325
5,neck,798,good+laying back+lumbar slouch,0.41344222809058195,0.41344222809058195,17.00675,17.00675
5,neck,799,laying back+lumbar slouch+shoulder slouch,0.41344222809058195,0.41344222809058195,17.00675,17.00675
5,neck,800,good,0.4138717813445601,0.4138717813445601,13.0105,13.0105
5,neck,801,good+laying back+lumbar slouch,0.4138717813445601,0.4138717813445601,13.0105,13.0105
5,neck,802,unknown,0.4144017495516469,0.41573503818162966,10.243500000000001,11.99025
5,neck,803,good,0.41573503818162966,0.41573503818162966,11.99025,11.99025
5,neck,804,good+laying back+lumbar slouch,0.41573503818162966,0.41573503818162966,11.99025,11.99025
5,neck,805,good,0.4161645914356078,0.4161645914356078,12.403500000000001,12.403500000000001
5,neck,806,good+laying back,0.4161645914356078,0.4161645914356078,12.403500000000001,12.403500000000001
5,neck,807,unknown,0.4166276163406222,0.4166276163406222,11.217,11.217
5,neck,808,good,0.4166276163406222,0.4166276163406222,11.217,11.217
5,neck,809,unknown,0.4170962199871471,0.4180613201897226,9.58825,10.8206
5,neck,810,good,0.4180613201897226,0.4180613201897226,10.8206,10.8206
5,neck,811,good+laying back,0.41855781674577314,0.41855781674577314,13.262,13.262
5,neck,812,good+laying back+lumbar slouch,0.41855781674577314,0.41942250199524,13.262,14.110333333333333
5,neck,813,unknown,0.41981858359818197,0.41981858359818197,10.75425,10.75425
5,neck,814,good,0.41981858359818197,0.41981858359818197,10.75425,10.75425
5,neck,815,good+laying back+lumbar slouch,0.41981858359818197,0.41981858359818197,10.75425,10.75425
5,neck,816,unknown,0.42022024367662547,0.421916142258514,5.21875,11.439250000000001
5,neck,817,good,0.421916142258514,0.421916142258514,11.439250000000001,11.439250000000001
5,neck,818,good+laying back+lumbar slouch,0.421916142258514,0.421916142258514,11.439250000000001,11.439250000000001
5,neck,819,unknown,0.4224126390805736,0.43158388024279143,-5.394333333333333,9.53075
5,neck,820,good+laying back+lumbar slouch,0.4319855403212349,0.4319855403212349,15.122333333333334,15.122333333333334
5,neck,821,unknown,0.43238162192417684,0.43238162192417684,11.8136,11.8136
5,neck,822,good,0.43238162192417684,0.43238162192417684,11.8136,11.8136
5,neck,823,good+laying back+lumbar slouch,0.43238162192417684,0.43238162192417684,11.8136,11.8136
5,neck,824,unknown,0.43285022557070174,0.4369393494627556,1.8085,8.649799999999999
5,neck,825,good,0.4369393494627556,0.4369393494627556,8.649799999999999,8.649799999999999
5,neck,826,good+laying back+lumbar slouch,0.43733543106569756,0.43733543106569756,14.46625,14.46625
5,neck,827,good+laying back,0.4378319276217481,0.4378319276217481,12.582,12.582
5,neck,828,good+laying back+lumbar slouch,0.4378319276217481,0.4378319276217481,12.582,12.582
5,neck,829,unknown,0.43840094622138165,0.43840094622138165,11.8265,11.8265
5,neck,830,good,0.43840094622138165,0.43840094622138165,11.8265,11.8265
5,neck,831,good+laying back,0.43840094622138165,0.43840094622138165,11.8265,11.8265
5,neck,832,unknown,0.43896438634551366,0.4446824655173836,-0.6683333333333333,11.54125
5,neck,833,good,0.4446824655173836,0.4446824655173836,11.54125,11.54125
5,neck,834,unknown,0.44511201877136175,0.46056477896357256,0.379,12.0628
5,neck,835,good,0.46056477896357256,0.46056477896357256,12.0628,12.0628
5,neck,836,good+laying back,0.46056477896357256,0.46056477896357256,12.0628,12.0628
5,neck,837,good+laying back+lumbar slouch,0.46056477896357256,0.46056477896357256,12.0628,12.0628
5,neck,838,good+laying back,0.4609999109590613,0.4609999109590613,12.768333333333334,12.768333333333334
5,neck,839,good,0.4614629358640756,0.4614629358640756,12.299,12.299
5,neck,840,good+laying back,0.4614629358640756,0.4614629358640756,12.299,12.299
5,neck,841,good,0.4618645959425191,0.462729281191986,11.5785,11.975
5,neck,842,unknown,0.4632257777480365,0.465317757932867,11.1555,13.042
5,neck,843,good+laying back+lumbar slouch,0.465317757932867,0.46575288992835573,13.042,15.84075
5,neck,844,laying back+lumbar slouch+shoulder slouch,0.46575288992835573,0.46575288992835573,15.84075,15.84075
5,neck,845,good+laying back+lumbar slouch,0.46614897126528865,0.4670805998168279,13.244,13.60525
5,neck,846,good,0.4674766814197699,0.4674766814197699,11.972333333333333,11.972333333333333
5,neck,847,good+laying back,0.4674766814197699,0.4674766814197699,11.972333333333333,11.972333333333333
5,neck,848,unknown,0.46814611523852107,0.46814611523852107,11.3435,11.3435
5,neck,849,good,0.46814611523852107,0.46814611523852107,11.3435,11.3435
5,neck,850,unknown,0.4685756684924992,0.4685756684924992,11.0245,11.0245
5,neck,851,good+laying back+lumbar slouch,0.4690386933975136,0.46947382512699326,13.092,13.69575
5,neck,852,good+laying back,0.4698699067299352,0.4698699067299352,12.89225,12.89225
5,neck,853,good+laying back+lumbar slouch,0.4698699067299352,0.4698699067299352,12.89225,12.89225
5,neck,854,unknown,0.4702715670743877,0.4702715670743877,9.4525,9.4525
5,neck,855,good,0.4702715670743877,0.4702715670743877,9.4525,9.4525
5,neck,856,unknown,0.4707011203283659,0.47200093730731246,-0.4805,11.312
5,neck,857,good,0.47200093730731246,0.47200093730731246,11.312,11.312
5,neck,858,good+laying back+lumbar slouch,0.47200093730731246,0.4729939306854226,11.312,17.049
5,neck,859,laying back+lumbar slouch,0.4729939306854226,0.4729939306854226,17.049,17.049
5,neck,860,laying back+lumbar slouch+shoulder slouch,0.4729939306854226,0.4729939306854226,17.049,17.049
5,neck,861,good+laying back+lumbar slouch,0.47356294928505616,0.4750245460436822,14.7395,15.537749999999999
5,neck,862,good,0.47552104259973277,0.47552104259973277,13.5885,13.5885
5,neck,863,good+laying back+lumbar slouch,0.47552104259973277,0.47552104259973277,13.5885,13.5885
5,neck,864,unknown,0.47598964624625767,0.47598964624625767,11.0796,11.0796
5,neck,865,good,0.47598964624625767,0.47598964624625767,11.0796,11.0796
5,neck,866,unknown,0.47645267115127204,0.4778807962588619,10.28575,12.2875
5,neck,867,good,0.4778807962588619,0.4778807962588619,12.2875,12.2875
5,neck,868,good+laying back,0.4778807962588619,0.4778807962588619,12.2875,12.2875
5,neck,869,good+laying back+lumbar slouch,0.4778807962588619,0.4778807962588619,12.2875,12.2875
5,neck,870,good+laying back,0.47841076446594866,0.47841076446594866,12.78425,12.78425
5,neck,871,good,0.4789128397635098,0.48037443652213585,11.90375,12.218250000000001
5,neck,872,good+laying back,0.48037443652213585,0.48037443652213585,12.218250000000001,12.218250000000001
5,neck,873,good+laying back+lumbar slouch,0.48087093334419545,0.48087093334419545,14.0445,14.0445
5,neck,874,good,0.4812725934226389,0.4812725934226389,12.698333333333334,12.698333333333334
5,neck,875,good+laying back,0.4812725934226389,0.4812725934226389,12.698333333333334,12.698333333333334
5,neck,876,good+laying back+lumbar slouch,0.4812725934226389,0.4817021466766171,12.698333333333334,13.5066
5,neck,877,good+laying back,0.482170750323142,0.4835319321286594,12.45025,12.8288
5,neck,878,good,0.4839614853826376,0.4839614853826376,12.251249999999999,12.251249999999999
5,neck,879,good+laying back,0.4839614853826376,0.4839614853826376,12.251249999999999,12.251249999999999
5,neck,880,good,0.4843966171121173,0.48536171731469274,11.91875,12.4236
5,neck,881,good+laying back,0.48536171731469274,0.48848574127018013,12.4236,12.82925
5,neck,882,good,0.48888182260711305,0.48888182260711305,12.4376,12.4376
5,neck,883,good+laying back,0.48888182260711305,0.48888182260711305,12.4376,12.4376
5,neck,884,good+laying back+lumbar slouch,0.48888182260711305,0.48888182260711305,12.4376,12.4376
5,neck,885,unknown,0.489350426253638,0.489350426253638,11.666,11.666
5,neck,886,good,0.489350426253638,0.48991386637777,11.666,12.141
5,neck,887,unknown,0.4903768912827844,0.4903768912827844,11.975999999999999,11.975999999999999
5,neck,888,good,0.4903768912827844,0.4903768912827844,11.975999999999999,11.975999999999999
5,neck,889,unknown,0.49087896658034547,0.49087896658034547,10.6602,10.6602
5,neck,890,good,0.49087896658034547,0.49087896658034547,10.6602,10.6602
5,neck,891,unknown,0.49147587808950466,0.49981590591930086,0.06966666666666667,9.2285
5,neck,892,good,0.5002510376487805,0.5002510376487805,12.445,12.445
5,neck,893,good+laying back,0.5002510376487805,0.5002510376487805,12.445,12.445
5,neck,894,good+laying back+lumbar slouch,0.5002510376487805,0.5021087160103486,12.445,15.518
5,neck,895,unknown,0.5025438480058373,0.5025438480058373,11.560500000000001,11.560500000000001
5,neck,896,good+laying back,0.5025438480058373,0.5025438480058373,11.560500000000001,11.560500000000001
5,neck,897,good+laying back+lumbar slouch,0.5025438480058373,0.5025438480058373,11.560500000000001,11.560500000000001
5,neck,898,unknown,0.5029399296087792,0.5047027714927401,-10.2966,9.294666666666666
5,neck,899,good+laying back+lumbar slouch,0.5047027714927401,0.5047027714927401,9.294666666666666,9.294666666666666
5,neck,900,laying back+lumbar slouch+shoulder slouch,0.5051323247467183,0.5051323247467183,20.928,20.928
5,neck,901,shoulder slouch,0.5051323247467183,0.5078267951822185,20.928,24.428
5,neck,902,unknown,0.5078267951822185,0.5078267951822185,24.428,24.428
5,neck,903,shoulder slouch,0.5082563484361967,0.5082563484361967,23.3492,23.3492
5,neck,904,unknown,0.5082563484361967,0.5082563484361967,23.3492,23.3492
5,neck,905,shoulder slouch,0.5087249520827216,0.5108504039185883,20.362000000000002,24.243333333333332
5,neck,906,good+laying back+lumbar slouch,0.5113134288236026,0.5113134288236026,17.4475,17.4475
5,neck,907,laying back+lumbar slouch+shoulder slouch,0.5113134288236026,0.5113134288236026,17.4475,17.4475
5,neck,908,shoulder slouch,0.5113134288236026,0.5113134288236026,17.4475,17.4475
5,neck,909,good+laying back,0.5117150891680552,0.5117150891680552,13.05,13.05
5,neck,910,good+laying back+lumbar slouch,0.5117150891680552,0.5117150891680552,13.05,13.05
5,neck,911,unknown,0.5121111707709971,0.5121111707709971,11.519,11.519
5,neck,912,good,0.5121111707709971,0.5121111707709971,11.519,11.519
5,neck,913,unknown,0.5125128308494405,0.5196590351289003,4.131,10.1
5,neck,914,good,0.5196590351289003,0.5196590351289003,8.716,8.716
5,neck,915,good+laying back+lumbar slouch,0.5200551167318423,0.5200551167318423,16.995,16.995
5,neck,916,laying back+lumbar slouch,0.5200551167318423,0.5200551167318423,16.995,16.995
5,neck,917,laying back+lumbar slouch+shoulder slouch,0.5200551167318423,0.5200551167318423,16.995,16.995
5,neck,918,lumbar slouch+shoulder slouch,0.5200551167318423,0.5200551167318423,16.995,16.995
5,neck,919,good+laying back+lumbar slouch,0.5206241353314759,0.5206241353314759,17.214,17.214
5,neck,920,laying back+lumbar slouch+shoulder slouch,0.5206241353314759,0.5215501854075136,17.214,18.332333333333334
5,neck,921,good+laying back+lumbar slouch,0.5219518454859571,0.5219518454859571,16.87225,16.87225
5,neck,922,laying back+lumbar slouch,0.5219518454859571,0.5219518454859571,16.87225,16.87225
5,neck,923,laying back+lumbar slouch+shoulder slouch,0.5219518454859571,0.5219518454859571,16.87225,16.87225
5,neck,924,unknown,0.5223813987399353,0.5223813987399353,13.02175,13.02175
5,neck,925,good,0.5223813987399353,0.5223813987399353,13.02175,13.02175
5,neck,926,good+laying back+lumbar slouch,0.5223813987399353,0.5223813987399353,13.02175,13.02175
5,neck,927,unknown,0.5227830590843877,0.5236477440678456,2.39625,8.1395
5,neck,928,shoulder slouch,0.5236477440678456,0.5236477440678456,8.1395,8.1395
5,neck,929,laying back+lumbar slouch+shoulder slouch,0.5240772973218237,0.5240772973218237,20.78475,20.78475
5,neck,930,shoulder slouch,0.5240772973218237,0.5240772973218237,20.78475,20.78475
5,neck,931,unknown,0.5245459009683486,0.5245459009683486,12.0862,12.0862
5,neck,932,good,0.5245459009683486,0.5245459009683486,12.0862,12.0862
5,neck,933,shoulder slouch,0.5245459009683486,0.5245459009683486,12.0862,12.0862
5,neck,934,unknown,0.525008925873363,0.5307939483473054,-3.473,10.4952
5,neck,935,good,0.5307939483473054,0.5307939483473054,10.4952,10.4952
5,neck,936,good+laying back,0.5307939483473054,0.5307939483473054,10.4952,10.4952
5,neck,937,good+laying back+lumbar slouch,0.5307939483473054,0.5307939483473054,10.4952,10.4952
5,neck,938,unknown,0.5312569732523198,0.5312569732523198,11.931000000000001,11.931000000000001
5,neck,939,good,0.5312569732523198,0.5312569732523198,11.931000000000001,11.931000000000001
5,neck,940,good+laying back,0.5312569732523198,0.5312569732523198,11.931000000000001,11.931000000000001
5,neck,941,good+laying back+lumbar slouch,0.5316530548552617,0.5316530548552617,14.024,14.024
5,neck,942,laying back+lumbar slouch+shoulder slouch,0.5321551301528228,0.5321551301528228,21.412333333333333,21.412333333333333
5,neck,943,shoulder slouch,0.5321551301528228,0.5325512117557648,21.412333333333333,26.1068
5,neck,944,unknown,0.5325512117557648,0.5325512117557648,26.1068,26.1068
5,neck,945,shoulder slouch,0.5330198154022897,0.5339179720367837,21.11425,23.0018
5,neck,946,unknown,0.5339179720367837,0.5339179720367837,23.0018,23.0018
5,neck,947,shoulder slouch,0.5343809972078072,0.5343809972078072,25.325333333333333,25.325333333333333
5,neck,948,unknown,0.5343809972078072,0.5343809972078072,25.325333333333333,25.325333333333333
5,neck,949,shoulder slouch,0.5347770788107491,0.5347770788107491,24.8906,24.8906
5,neck,950,unknown,0.5347770788107491,0.5347770788107491,24.8906,24.8906
5,neck,951,shoulder slouch,0.5352791538423012,0.5352791538423012,25.207,25.207
5,neck,952,unknown,0.5352791538423012,0.5359095372685057,25.207,27.3788
5,neck,953,laying back+lumbar slouch+shoulder slouch,0.53637256217352,0.53637256217352,20.61875,20.61875
5,neck,954,shoulder slouch,0.53637256217352,0.53637256217352,20.61875,20.61875
5,neck,955,good+laying back+lumbar slouch,0.5368746374710811,0.5368746374710811,16.6814,16.6814
5,neck,956,laying back+lumbar slouch+shoulder slouch,0.5368746374710811,0.5368746374710811,16.6814,16.6814
5,neck,957,good+laying back+lumbar slouch,0.5373711340271317,0.5382692909276348,14.686,15.9505
5,neck,958,laying back+lumbar slouch+shoulder slouch,0.5387323158326491,0.5396974160352246,17.57675,18.6685
5,neck,959,lumbar slouch+shoulder slouch,0.5396974160352246,0.5396974160352246,18.6685,18.6685
5,neck,960,laying back+lumbar slouch+shoulder slouch,0.5400990763796771,0.540495157982619,18.42125,20.259
5,neck,961,shoulder slouch,0.540495157982619,0.5430892131990016,20.259,21.35875
5,neck,962,laying back+lumbar slouch+shoulder slouch,0.5435187664529798,0.5435187664529798,19.54875,19.54875
5,neck,963,lumbar slouch+shoulder slouch,0.5435187664529798,0.5435187664529798,19.54875,19.54875
5,neck,964,shoulder slouch,0.5435187664529798,0.5435187664529798,19.54875,19.54875
5,neck,965,laying back+lumbar slouch,0.5440208417505409,0.5440208417505409,17.2335,17.2335
5,neck,966,laying back+lumbar slouch+shoulder slouch,0.5440208417505409,0.5440208417505409,17.2335,17.2335
5,neck,967,good+laying back+lumbar slouch,0.5444503950045191,0.5444503950045191,16.117,16.117
5,neck,968,laying back+lumbar slouch,0.5444503950045191,0.5444503950045191,16.117,16.117
5,neck,969,good+laying back+lumbar slouch,0.5449134199095335,0.5453150802539859,16.0005,17.46633333333333
5,neck,970,laying back+lumbar slouch+shoulder slouch,0.5453150802539859,0.5457111618569279,17.46633333333333,18.6328
5,neck,971,lumbar slouch+shoulder slouch,0.5457111618569279,0.5457111618569279,18.6328,18.6328
5,neck,972,good+laying back+lumbar slouch,0.546213237154489,0.5466093184914219,16.078333333333333,17.3325
5,neck,973,laying back+lumbar slouch,0.5466093184914219,0.5466093184914219,17.3325,17.3325
5,neck,974,laying back+lumbar slouch+shoulder slouch,0.5466093184914219,0.5466093184914219,17.3325,17.3325
5,neck,975,lumbar slouch+shoulder slouch,0.5470779221379468,0.5470779221379468,19.8544,19.8544
5,neck,976,shoulder slouch,0.5470779221379468,0.5470779221379468,19.8544,19.8544
5,neck,977,lumbar slouch+shoulder slouch,0.5475409470429612,0.5475409470429612,19.641666666666666,19.641666666666666
5,neck,978,shoulder slouch,0.5475409470429612,0.5475409470429612,19.641666666666666,19.641666666666666
5,neck,979,laying back+lumbar slouch,0.5479760790384499,0.5479760790384499,17.6472,17.6472
5,neck,980,laying back+lumbar slouch+shoulder slouch,0.5479760790384499,0.5484391039434643,17.6472,18.71775
5,neck,981,lumbar slouch+shoulder slouch,0.5484391039434643,0.5484391039434643,18.71775,18.71775
5,neck,982,good+laying back+lumbar slouch,0.5488686571974425,0.5488686571974425,16.4465,16.4465
5,neck,983,laying back+lumbar slouch,0.5488686571974425,0.5488686571974425,16.4465,16.4465
5,neck,984,laying back+lumbar slouch+shoulder slouch,0.5488686571974425,0.5488686571974425,16.4465,16.4465
5,neck,985,unknown,0.5493372608439674,0.5493372608439674,12.447666666666667,12.447666666666667
5,neck,986,good+laying back+lumbar slouch,0.5493372608439674,0.5493372608439674,12.447666666666667,12.447666666666667
5,neck,987,unknown,0.5497333424469093,0.5497333424469093,12.049,12.049
5,neck,988,good,0.5497333424469093,0.5497333424469093,12.049,12.049
5,neck,989,good+laying back+lumbar slouch,0.5497333424469093,0.5502019458274252,12.049,17.2195
5,neck,990,laying back+lumbar slouch,0.5502019458274252,0.5502019458274252,17.2195,17.2195
5,neck,991,laying back+lumbar slouch+shoulder slouch,0.5502019458274252,0.5502019458274252,17.2195,17.2195
5,neck,992,lumbar slouch+shoulder slouch,0.5502019458274252,0.5502019458274252,17.2195,17.2195
5,neck,993,shoulder slouch,0.5506314990814034,0.5524612845334457,19.982,22.55666666666667
5,neck,994,good+laying back+lumbar slouch,0.5528573661363877,0.5528573661363877,17.43125,17.43125
5,neck,995,shoulder slouch,0.5528573661363877,0.5528573661363877,17.43125,17.43125
5,neck,996,good+laying back+lumbar slouch,0.5532924978658673,0.5532924978658673,14.2615,14.2615
5,neck,997,good,0.5537555230368908,0.5537555230368908,13.09,13.09
5,neck,998,good+laying back,0.5537555230368908,0.5537555230368908,13.09,13.09
5,neck,999,good+laying back+lumbar slouch,0.5537555230368908,0.5537555230368908,13.09,13.09
5,neck,1000,unknown,0.5542241264174066,0.5542241264174066,12.5144,12.5144
5,neck,1001,good,0.5542241264174066,0.5542241264174066,12.5144,12.5144
5,neck,1002,good+laying back,0.5542241264174066,0.5542241264174066,12.5144,12.5144
5,neck,1003,good+laying back+lumbar slouch,0.5542241264174066,0.5542241264174066,12.5144,12.5144
5,neck,1004,good,0.554687151322421,0.554687151322421,13.344666666666667,13.344666666666667
5,neck,1005,good+laying back+lumbar slouch,0.554687151322421,0.554687151322421,13.344666666666667,13.344666666666667
5,neck,1006,unknown,0.555083232925363,0.555083232925363,10.7996,10.7996
5,neck,1007,good,0.555083232925363,0.555083232925363,10.7996,10.7996
5,neck,1008,unknown,0.5555853082229241,0.5559813898258661,10.041666666666666,14.3712
5,neck,1009,good+laying back+lumbar slouch,0.5559813898258661,0.5559813898258661,14.3712,14.3712
5,neck,1010,laying back+lumbar slouch+shoulder slouch,0.5559813898258661,0.556449993472391,14.3712,19.469250000000002
5,neck,1011,lumbar slouch+shoulder slouch,0.556449993472391,0.556449993472391,19.469250000000002,19.469250000000002
5,neck,1012,shoulder slouch,0.556449993472391,0.556449993472391,19.469250000000002,19.469250000000002
5,neck,1013,laying back+lumbar slouch+shoulder slouch,0.5569130183774054,0.5569130183774054,19.032,19.032
5,neck,1014,lumbar slouch+shoulder slouch,0.5569130183774054,0.5569130183774054,19.032,19.032
5,neck,1015,laying back+lumbar slouch+shoulder slouch,0.557348150106885,0.557348150106885,19.2272,19.2272
5,neck,1016,lumbar slouch+shoulder slouch,0.557348150106885,0.557348150106885,19.2272,19.2272
5,neck,1017,shoulder slouch,0.557348150106885,0.557348150106885,19.2272,19.2272
5,neck,1018,laying back+lumbar slouch+shoulder slouch,0.5578111752779084,0.5578111752779084,19.3108,19.3108
5,neck,1019,lumbar slouch+shoulder slouch,0.5578111752779084,0.5578111752779084,19.3108,19.3108
5,neck,1020,shoulder slouch,0.5583746151360314,0.5583746151360314,20.28075,20.28075
5,neck,1021,laying back+lumbar slouch+shoulder slouch,0.5588432187825563,0.5588432187825563,19.2,19.2
5,neck,1022,lumbar slouch+shoulder slouch,0.5588432187825563,0.5588432187825563,19.2,19.2
5,neck,1023,shoulder slouch,0.5588432187825563,0.5588432187825563,19.2,19.2
5,neck,1024,laying back+lumbar slouch+shoulder slouch,0.5592393003854983,0.5592393003854983,17.673333333333336,17.673333333333336
5,neck,1025,laying back+lumbar slouch,0.5596409604639417,0.5596409604639417,17.37625,17.37625
5,neck,1026,laying back+lumbar slouch+shoulder slouch,0.5596409604639417,0.5596409604639417,17.37625,17.37625
5,neck,1027,laying back+lumbar slouch,0.5600370420668837,0.5600370420668837,17.153333333333332,17.153333333333332
5,neck,1028,laying back+lumbar slouch+shoulder slouch,0.5600370420668837,0.5600370420668837,17.153333333333332,17.153333333333332
5,neck,1029,good+laying back+lumbar slouch,0.5604721740623724,0.56093519896738675,16.1038,16.439999999999998
5,neck,1030,laying back+lumbar slouch,0.56093519896738675,0.56093519896738675,16.439999999999998,16.439999999999998
5,neck,1031,good+laying back+lumbar slouch,0.5614316955234373,0.5635961977518508,14.646666666666667,16.386333333333333
5,neck,1032,unknown,0.5639922793547927,0.5639922793547927,12.549,12.549
5,neck,1033,good+laying back,0.5639922793547927,0.5639922793547927,12.549,12.549
5,neck,1034,good+laying back+lumbar slouch,0.5639922793547927,0.5639922793547927,12.549,12.549
5,neck,1035,unknown,0.5643939394332362,0.5648234926872143,9.31925,10.638333333333334
5,neck,1036,good+laying back,0.5648234926872143,0.5648234926872143,10.638333333333334,10.638333333333334
5,neck,1037,good+laying back+lumbar slouch,0.5652251530316669,0.566050787888587,14.787666666666667,17.512
5,neck,1038,laying back+lumbar slouch,0.566050787888587,0.566050787888587,17.512,17.512
5,neck,1039,laying back+lumbar slouch+shoulder slouch,0.566050787888587,0.5665193912691029,17.512,18.927666666666667
5,neck,1040,lumbar slouch+shoulder slouch,0.5665193912691029,0.5665193912691029,18.927666666666667,18.927666666666667
5,neck,1041,shoulder slouch,0.5669154728720448,0.5687452583240872,20.451,22.5825
5,neck,1042,lumbar slouch+shoulder slouch,0.5691413399270291,0.5691413399270291,19.8766,19.8766
5,neck,1043,shoulder slouch,0.5691413399270291,0.5691413399270291,19.8766,19.8766
5,neck,1044,laying back+lumbar slouch,0.5696434152245903,0.5696434152245903,17.515666666666668,17.515666666666668
5,neck,1045,laying back+lumbar slouch+shoulder slouch,0.5696434152245903,0.5696434152245903,17.515666666666668,17.515666666666668
5,neck,1046,good+laying back+lumbar slouch,0.5700394965615232,0.5700394965615232,17.308,17.308
5,neck,1047,laying back+lumbar slouch,0.5700394965615232,0.5700394965615232,17.308,17.308
5,neck,1048,laying back+lumbar slouch+shoulder slouch,0.5700394965615232,0.5705415718590843,17.308,20.69633333333333
5,neck,1049,shoulder slouch,0.5705415718590843,0.5705415718590843,20.69633333333333,20.69633333333333
5,neck,1050,good+laying back+lumbar slouch,0.5709376534620263,0.5709376534620263,16.8625,16.8625
5,neck,1051,laying back+lumbar slouch+shoulder slouch,0.5709376534620263,0.5714062571085512,16.8625,18.544999999999998
5,neck,1052,lumbar slouch+shoulder slouch,0.5714062571085512,0.5714062571085512,18.544999999999998,18.544999999999998
5,neck,1053,good+laying back+lumbar slouch,0.5718692820135656,0.5718692820135656,16.785,16.785
5,neck,1054,laying back+lumbar slouch+shoulder slouch,0.5718692820135656,0.5718692820135656,16.785,16.785
5,neck,1055,good+laying back+lumbar slouch,0.572270942092009,0.5736321238975265,14.8612,15.62125
5,neck,1056,laying back+lumbar slouch,0.5736321238975265,0.5736321238975265,15.62125,15.62125
5,neck,1057,unknown,0.5740616771515046,0.5740616771515046,12.82225,12.82225
5,neck,1058,good+laying back,0.5740616771515046,0.5740616771515046,12.82225,12.82225
5,neck,1059,good+laying back+lumbar slouch,0.5740616771515046,0.5740616771515046,12.82225,12.82225
5,neck,1060,unknown,0.5745302807980295,0.5745302807980295,9.5252,9.5252
5,neck,1061,good,0.5749933057030439,0.5749933057030439,12.889,12.889
5,neck,1062,good+laying back+lumbar slouch,0.5749933057030439,0.5749933057030439,12.889,12.889
5,neck,1063,unknown,0.575422858957022,0.575422858957022,12.4686,12.4686
5,neck,1064,good+laying back,0.575422858957022,0.575422858957022,12.4686,12.4686
5,neck,1065,good+laying back+lumbar slouch,0.575422858957022,0.575422858957022,12.4686,12.4686
5,neck,1066,good+laying back,0.575891462603547,0.575891462603547,13.749333333333333,13.749333333333333
5,neck,1067,good+laying back+lumbar slouch,0.575891462603547,0.575891462603547,13.749333333333333,13.749333333333333
5,neck,1068,unknown,0.576287544206489,0.576287544206489,12.061499999999999,12.061499999999999
5,neck,1069,good,0.576287544206489,0.576287544206489,12.061499999999999,12.061499999999999
5,neck,1070,good+laying back,0.576287544206489,0.576287544206489,12.061499999999999,12.061499999999999
5,neck,1071,unknown,0.5767561478530139,0.5767561478530139,11.3475,11.3475
5,neck,1072,good,0.5767561478530139,0.5767561478530139,11.3475,11.3475
5,neck,1073,good+laying back,0.5767561478530139,0.5767561478530139,11.3475,11.3475
5,neck,1074,good+laying back+lumbar slouch,0.5767561478530139,0.5767561478530139,11.3475,11.3475
5,neck,1075,unknown,0.577185701106992,0.5786138262145819,-0.56025,11.38625
5,neck,1076,good,0.5786138262145819,0.5790154862930253,11.38625,11.97225
5,neck,1077,good+laying back,0.5790154862930253,0.5794450395470034,11.97225,12.901333333333334
5,neck,1078,good+laying back+lumbar slouch,0.5794450395470034,0.5821395099825036,12.901333333333334,14.54025
5,neck,1079,unknown,0.5825690632364818,0.5825690632364818,9.396,9.396
5,neck,1080,good,0.5825690632364818,0.5825690632364818,9.396,9.396
5,neck,1081,unknown,0.5830376668830067,0.5870263758219519,2.51175,11.651
5,neck,1082,good,0.5870263758219519,0.5874894007269663,11.612666666666668,11.651
5,neck,1083,unknown,0.5878910608054099,0.5895479092607606,8.063666666666666,13.67525
5,neck,1084,good,0.5895479092607606,0.5895479092607606,13.67525,13.67525
5,neck,1085,good+laying back+lumbar slouch,0.5895479092607606,0.5895479092607606,13.67525,13.67525
5,neck,1086,laying back+lumbar slouch+shoulder slouch,0.5895479092607606,0.5899495693392041,13.67525,18.25
5,neck,1087,good+laying back+lumbar slouch,0.5903456509421461,0.5903456509421461,15.878,15.878
5,neck,1088,laying back+lumbar slouch,0.5903456509421461,0.5903456509421461,15.878,15.878
5,neck,1089,good+laying back+lumbar slouch,0.590814254588671,0.5912438078426492,14.67775,16.29
5,neck,1090,laying back+lumbar slouch,0.5912438078426492,0.5912438078426492,16.29,16.29
5,neck,1091,laying back+lumbar slouch+shoulder slouch,0.5912438078426492,0.5917124114891741,16.29,19.56525
5,neck,1092,shoulder slouch,0.5917124114891741,0.592108493092116,19.56525,22.818749999999998
5,neck,1093,lumbar slouch+shoulder slouch,0.5925770964726319,0.5925770964726319,20.361,20.361
5,neck,1094,shoulder slouch,0.5925770964726319,0.5925770964726319,20.361,20.361
5,neck,1095,good+laying back+lumbar slouch,0.5930735932946914,0.5930735932946914,19.651,19.651
5,neck,1096,shoulder slouch,0.5930735932946914,0.5930735932946914,19.651,19.651
5,neck,1097,good+laying back+lumbar slouch,0.5934696746316244,0.5934696746316244,17.36,17.36
5,neck,1098,laying back+lumbar slouch,0.5934696746316244,0.5934696746316244,17.36,17.36
5,neck,1099,laying back+lumbar slouch+shoulder slouch,0.5934696746316244,0.5934696746316244,17.36,17.36
5,neck,1100,good+laying back+lumbar slouch,0.5939382782781494,0.5943678315321275,14.57875,15.46325
5,neck,1101,laying back+lumbar slouch,0.5943678315321275,0.5943678315321275,14.57875,14.57875
5,neck,1102,good,0.5948364351786524,0.5948364351786524,13.098799999999999,13.098799999999999
5,neck,1103,good+laying back+lumbar slouch,0.5948364351786524,0.5948364351786524,13.098799999999999,13.098799999999999
5,neck,1104,unknown,0.5952994600836667,0.5952994600836667,11.644,11.644
5,neck,1105,good,0.5952994600836667,0.5952994600836667,11.644,11.644
5,neck,1106,good+laying back,0.5952994600836667,0.5952994600836667,11.644,11.644
5,neck,1107,unknown,0.5957345920791555,0.596231088635206,10.6375,12.401
5,neck,1108,good,0.596231088635206,0.596231088635206,12.401,12.401
5,neck,1109,good+laying back+lumbar slouch,0.596231088635206,0.5966606418891842,12.401,14.4602
5,neck,1110,lumbar slouch+shoulder slouch,0.5966606418891842,0.5966606418891842,14.4602,14.4602
5,neck,1111,good+laying back+lumbar slouch,0.5971627171867453,0.5971627171867453,17.706,17.706
5,neck,1112,laying back+lumbar slouch+shoulder slouch,0.5971627171867453,0.5971627171867453,17.706,17.706
5,neck,1113,shoulder slouch,0.5971627171867453,0.5971627171867453,17.706,17.706
5,neck,1114,laying back+lumbar slouch,0.5976257420917597,0.5976257420917597,17.376666666666665,17.376666666666665
5,neck,1115,laying back+lumbar slouch+shoulder slouch,0.5976257420917597,0.5976257420917597,17.376666666666665,17.376666666666665
5,neck,1116,good+laying back+lumbar slouch,0.5980274021702032,0.5984234837731451,14.719666666666667,15.834
5,neck,1117,unknown,0.5988251441175977,0.5988251441175977,12.041166666666667,12.041166666666667
5,neck,1118,good,0.5988251441175977,0.5988251441175977,12.041166666666667,12.041166666666667
5,neck,1119,good+laying back,0.5988251441175977,0.5988251441175977,12.041166666666667,12.041166666666667
5,neck,1120,good+laying back+lumbar slouch,0.5988251441175977,0.5988251441175977,12.041166666666667,12.041166666666667
5,neck,1121,good,0.5994220556267568,0.5994220556267568,12.818,12.818
5,neck,1122,good+laying back,0.5994220556267568,0.5994220556267568,12.818,12.818
5,neck,1123,good+laying back+lumbar slouch,0.5994220556267568,0.5994220556267568,12.818,12.818
5,neck,1124,good,0.5998850805317711,0.5998850805317711,12.0025,12.0025
5,neck,1125,unknown,0.6003202125272599,0.6003202125272599,11.10725,11.10725
5,neck,1126,good,0.6007497657812381,0.6007497657812381,11.797666666666666,11.797666666666666
5,neck,1127,unknown,0.6011514258596815,0.6011514258596815,11.56725,11.56725
5,neck,1128,good,0.6011514258596815,0.6011514258596815,11.56725,11.56725
5,neck,1129,unknown,0.6015475074626235,0.6029756328362224,10.512,11.27875
5,neck,1130,good,0.6029756328362224,0.6034107645657021,11.27875,11.807500000000001
5,neck,1131,unknown,0.6038737894707165,0.6038737894707165,11.475249999999999,11.475249999999999
5,neck,1132,good,0.6038737894707165,0.6043089214662052,11.475249999999999,12.266333333333334
5,neck,1133,good+laying back,0.6043089214662052,0.6047384747201833,12.266333333333334,12.46925
5,neck,1134,good,0.6051680279741615,0.6051680279741615,12.147,12.147
5,neck,1135,good+laying back,0.6051680279741615,0.6051680279741615,12.147,12.147
5,neck,1136,unknown,0.6055696880526049,0.6055696880526049,11.46275,11.46275
5,neck,1137,good,0.6055696880526049,0.6055696880526049,11.46275,11.46275
5,neck,1138,unknown,0.6060327129576193,0.6077955551075892,10.3702,11.42025
5,neck,1139,good,0.6077955551075892,0.6082306868370689,11.42025,12.3405
5,neck,1140,good+laying back,0.6082306868370689,0.6082306868370689,12.3405,12.3405
5,neck,1141,good+laying back+lumbar slouch,0.6086937120080923,0.6090897933450252,13.300666666666666,14.39325
5,neck,1142,laying back+lumbar slouch,0.6095583969915501,0.6095583969915501,17.875,17.875
5,neck,1143,laying back+lumbar slouch+shoulder slouch,0.6095583969915501,0.6099879502455283,17.875,18.59
5,neck,1144,good+laying back+lumbar slouch,0.6104565538920532,0.6104565538920532,17.1696,17.1696
5,neck,1145,laying back+lumbar slouch,0.6104565538920532,0.6104565538920532,17.1696,17.1696
5,neck,1146,laying back+lumbar slouch+shoulder slouch,0.6104565538920532,0.6104565538920532,17.1696,17.1696
5,neck,1147,good+laying back+lumbar slouch,0.6109195787970676,0.6135805775815316,13.323,16.0324
5,neck,1148,laying back+lumbar slouch,0.6135805775815316,0.6135805775815316,16.0324,16.0324
5,neck,1149,good+laying back+lumbar slouch,0.614043602486546,0.6144452628309984,14.938,15.2488
5,neck,1150,good+laying back,0.6149417593870491,0.6149417593870491,13.615666666666666,13.615666666666666
5,neck,1151,good+laying back+lumbar slouch,0.6149417593870491,0.6149417593870491,13.615666666666666,13.615666666666666
5,neck,1152,unknown,0.615337840989991,0.615337840989991,10.7255,10.7255
5,neck,1153,good,0.615337840989991,0.615337840989991,10.7255,10.7255
5,neck,1154,unknown,0.6158064446365159,0.6198286249604883,4.341333333333333,13.268
5,neck,1155,good+laying back,0.6198286249604883,0.6198286249604883,13.268,13.268
5,neck,1156,good+laying back+lumbar slouch,0.6198286249604883,0.621055920161861,13.268,16.83
5,neck,1157,laying back+lumbar slouch,0.621055920161861,0.621055920161861,16.83,16.83
5,neck,1158,laying back+lumbar slouch+shoulder slouch,0.621055920161861,0.621055920161861,16.83,16.83
5,neck,1159,laying back+lumbar slouch,0.6214910518913406,0.6214910518913406,17.534333333333333,17.534333333333333
5,neck,1160,laying back+lumbar slouch+shoulder slouch,0.6214910518913406,0.6214910518913406,17.534333333333333,17.534333333333333
5,neck,1161,good+laying back+lumbar slouch,0.6219206051453188,0.6219206051453188,16.566000000000003,16.566000000000003
5,neck,1162,laying back+lumbar slouch,0.6219206051453188,0.6219206051453188,16.566000000000003,16.566000000000003
5,neck,1163,good+laying back+lumbar slouch,0.622350158399297,0.622350158399297,15.13925,15.13925
5,neck,1164,unknown,0.6227518187437494,0.6227518187437494,12.368666666666666,12.368666666666666
5,neck,1165,good+laying back,0.6227518187437494,0.6227518187437494,12.368666666666666,12.368666666666666
5,neck,1166,good+laying back+lumbar slouch,0.6227518187437494,0.6227518187437494,12.368666666666666,12.368666666666666
5,neck,1167,unknown,0.6231479003466914,0.6277725711873425,2.70125,10.622499999999999
5,neck,1168,good,0.6277725711873425,0.6282021244413207,10.622499999999999,12.32525
5,neck,1169,good+laying back,0.6282021244413207,0.6282021244413207,12.32525,12.32525
5,neck,1170,good+laying back+lumbar slouch,0.6286986209973713,0.6286986209973713,16.66433333333333,16.66433333333333
5,neck,1171,laying back+lumbar slouch+shoulder slouch,0.6286986209973713,0.6286986209973713,16.66433333333333,16.66433333333333
5,neck,1172,good+laying back+lumbar slouch,0.6290668096907877,0.6290668096907877,18.619,18.619
5,neck,1173,laying back+lumbar slouch+shoulder slouch,0.6290668096907877,0.6290668096907877,18.619,18.619
5,neck,1174,shoulder slouch,0.6290668096907877,0.6290668096907877,18.619,18.619
5,neck,1175,lumbar slouch+shoulder slouch,0.6294628910277206,0.6294628910277206,20.065,20.065
5,neck,1176,shoulder slouch,0.6294628910277206,0.6307627082726761,20.065,23.0545
5,neck,1177,lumbar slouch+shoulder slouch,0.6312257331776905,0.6312257331776905,20.280666666666665,20.280666666666665
5,neck,1178,shoulder slouch,0.6312257331776905,0.6312257331776905,20.280666666666665,20.280666666666665
5,neck,1179,laying back+lumbar slouch+shoulder slouch,0.6316273932561339,0.6327877448894251,17.92575,18.2485
5,neck,1180,good+laying back+lumbar slouch,0.6331894052338777,0.6331894052338777,16.920749999999998,16.920749999999998
5,neck,1181,laying back+lumbar slouch,0.6331894052338777,0.6331894052338777,16.920749999999998,16.920749999999998
5,neck,1182,laying back+lumbar slouch+shoulder slouch,0.6331894052338777,0.6331894052338777,16.920749999999998,16.920749999999998
5,neck,1183,good+laying back+lumbar slouch,0.6335520151857834,0.6344167001692412,15.911,16.6675
5,neck,1184,laying back+lumbar slouch,0.6344167001692412,0.6344167001692412,16.6675,16.6675
5,neck,1185,good+laying back+lumbar slouch,0.6348183605136938,0.6348183605136938,16.749,16.749
5,neck,1186,laying back+lumbar slouch,0.6348183605136938,0.6348183605136938,16.749,16.749
5,neck,1187,good+laying back+lumbar slouch,0.6352813854187082,0.6352813854187082,16.3784,16.3784
5,neck,1188,laying back+lumbar slouch,0.6357778819747587,0.6357778819747587,18.435000000000002,18.435000000000002
5,neck,1189,laying back+lumbar slouch+shoulder slouch,0.6357778819747587,0.6357778819747587,18.435000000000002,18.435000000000002
5,neck,1190,lumbar slouch+shoulder slouch,0.6357778819747587,0.6357778819747587,18.435000000000002,18.435000000000002
5,neck,1191,laying back+lumbar slouch,0.6362464856212836,0.6362464856212836,17.67275,17.67275
5,neck,1192,laying back+lumbar slouch+shoulder slouch,0.6362464856212836,0.6366760388752618,17.67275,17.78
5,neck,1193,laying back+lumbar slouch,0.6371111706047414,0.6371111706047414,18.03033333333333,18.03033333333333
5,neck,1194,laying back+lumbar slouch+shoulder slouch,0.6371111706047414,0.6371111706047414,18.03033333333333,18.03033333333333
5,neck,1195,laying back+lumbar slouch,0.6375407238587196,0.6375407238587196,17.403750000000002,17.403750000000002
5,neck,1196,laying back+lumbar slouch+shoulder slouch,0.6375407238587196,0.6375407238587196,17.403750000000002,17.403750000000002
5,neck,1197,good+laying back+lumbar slouch,0.6379423842031722,0.6421598162238693,13.7835,15.315
5,neck,1198,unknown,0.6425614763023128,0.6425614763023128,12.935,12.935
5,neck,1199,good+laying back,0.6425614763023128,0.6425614763023128,12.935,12.935
5,neck,1200,good+laying back+lumbar slouch,0.6425614763023128,0.6425614763023128,12.935,12.935
5,neck,1201,unknown,0.6429575579052547,0.6479448386978116,-5.2623999999999995,12.539
5,neck,1202,good+laying back+lumbar slouch,0.6479448386978116,0.648407863602826,12.539,16.424666666666667
5,neck,1203,laying back+lumbar slouch,0.648407863602826,0.648407863602826,16.424666666666667,16.424666666666667
5,neck,1204,good+laying back+lumbar slouch,0.6488095239472785,0.6488095239472785,16.55525,16.55525
5,neck,1205,laying back+lumbar slouch,0.6488095239472785,0.6488095239472785,16.55525,16.55525
5,neck,1206,good+laying back+lumbar slouch,0.6491721338991843,0.6491721338991843,15.85875,15.85875
5,neck,1207,lumbar slouch+shoulder slouch,0.6496072656286639,0.6496072656286639,20.348666666666666,20.348666666666666
5,neck,1208,shoulder slouch,0.6496072656286639,0.6496072656286639,20.348666666666666,20.348666666666666
5,neck,1209,laying back+lumbar slouch+shoulder slouch,0.6500368188826421,0.6500368188826421,19.8084,19.8084
5,neck,1210,lumbar slouch+shoulder slouch,0.6500368188826421,0.6500368188826421,19.8084,19.8084
5,neck,1211,shoulder slouch,0.6500368188826421,0.6500368188826421,19.8084,19.8084
5,neck,1212,good+laying back+lumbar slouch,0.6504998437876565,0.6504998437876565,16.2105,16.2105
5,neck,1213,laying back+lumbar slouch,0.6504998437876565,0.6504998437876565,16.2105,16.2105
5,neck,1214,good+laying back+lumbar slouch,0.6510019190852175,0.6521622707185087,14.328,16.19125
5,neck,1215,laying back+lumbar slouch,0.6521622707185087,0.6521622707185087,16.19125,16.19125
5,neck,1216,good+laying back+lumbar slouch,0.6526308743650336,0.6526308743650336,16.855999999999998,16.855999999999998
5,neck,1217,laying back+lumbar slouch,0.6526308743650336,0.6526308743650336,16.855999999999998,16.855999999999998
5,neck,1218,laying back+lumbar slouch+shoulder slouch,0.6526308743650336,0.6526308743650336,16.855999999999998,16.855999999999998
5,neck,1219,good+laying back+lumbar slouch,0.6530269559679757,0.6590797519162166,13.59275,16.70625
5,neck,1220,laying back+lumbar slouch,0.6590797519162166,0.6590797519162166,16.70625,16.70625
5,neck,1221,good+laying back+lumbar slouch,0.659542776821231,0.659542776821231,16.6826,16.6826
5,neck,1222,laying back+lumbar slouch,0.659542776821231,0.659542776821231,16.6826,16.6826
5,neck,1223,laying back+lumbar slouch+shoulder slouch,0.659542776821231,0.659542776821231,16.6826,16.6826
5,neck,1224,good+laying back+lumbar slouch,0.6600058017262453,0.6600058017262453,15.159333333333333,15.159333333333333
5,neck,1225,unknown,0.6604409337217341,0.6604409337217341,12.281600000000001,12.281600000000001
5,neck,1226,good,0.6604409337217341,0.6604409337217341,12.281600000000001,12.281600000000001
5,neck,1227,good+laying back,0.6604409337217341,0.6604409337217341,12.281600000000001,12.281600000000001
5,neck,1228,good+laying back+lumbar slouch,0.6604409337217341,0.6604409337217341,12.281600000000001,12.281600000000001
5,neck,1229,unknown,0.6609039586267484,0.6674197797460129,-3.5796666666666668,11.2666
5,neck,1230,good,0.6674197797460129,0.6687809612855212,11.2666,12.376249999999999
5,neck,1231,good+laying back,0.6687809612855212,0.6687809612855212,12.376249999999999,12.376249999999999
5,neck,1232,good+laying back+lumbar slouch,0.6691826216299738,0.6722397020173797,13.32675,17.361250000000002
5,neck,1233,laying back+lumbar slouch,0.6722397020173797,0.6722397020173797,17.361250000000002,17.361250000000002
5,neck,1234,laying back+lumbar slouch+shoulder slouch,0.6722397020173797,0.6722397020173797,17.361250000000002,17.361250000000002
5,neck,1235,good+laying back+lumbar slouch,0.6726023119692854,0.6760610524351349,13.48975,15.155666666666667
5,neck,1236,good,0.6765240773401493,0.6765240773401493,12.638,12.638
5,neck,1237,good+laying back+lumbar slouch,0.6765240773401493,0.6765240773401493,12.638,12.638
5,neck,1238,good+laying back,0.6769257376846017,0.6769257376846017,13.8604,13.8604
5,neck,1239,good+laying back+lumbar slouch,0.6769257376846017,0.6769257376846017,13.8604,13.8604
5,neck,1240,good,0.6774222342406524,0.6774222342406524,12.596,12.596
5,neck,1241,good+laying back,0.6774222342406524,0.6774222342406524,12.596,12.596
5,neck,1242,good+laying back+lumbar slouch,0.6774222342406524,0.6774222342406524,12.596,12.596
5,neck,1243,good,0.6778238943190958,0.6782869194901192,11.9188,13.844666666666667
5,neck,1244,good+laying back+lumbar slouch,0.6782869194901192,0.6782869194901192,13.844666666666667,13.844666666666667
5,neck,1245,good,0.6787164727440974,0.6787164727440974,12.74975,12.74975
5,neck,1246,good+laying back,0.6787164727440974,0.6787164727440974,12.74975,12.74975
5,neck,1247,good+laying back+lumbar slouch,0.6787164727440974,0.6787164727440974,12.74975,12.74975
5,neck,1248,good,0.6791850761246133,0.6791850761246133,12.1068,12.1068
5,neck,1249,good+laying back+lumbar slouch,0.6791850761246133,0.6800497613740801,12.1068,16.8244
5,neck,1250,laying back+lumbar slouch,0.6800497613740801,0.6800497613740801,16.8244,16.8244
5,neck,1251,laying back+lumbar slouch+shoulder slouch,0.6800497613740801,0.6800497613740801,16.8244,16.8244
5,neck,1252,good+laying back+lumbar slouch,0.6805462579301307,0.6805462579301307,16.4535,16.4535
5,neck,1253,laying back+lumbar slouch+shoulder slouch,0.6805462579301307,0.6805462579301307,16.4535,16.4535
5,neck,1254,unknown,0.6810092828351451,0.6810092828351451,13.18,13.18
5,neck,1255,good+laying back+lumbar slouch,0.6810092828351451,0.6810092828351451,13.18,13.18
5,neck,1256,good,0.6814109431795976,0.6814109431795976,13.1254,13.1254
5,neck,1257,good+laying back+lumbar slouch,0.6814109431795976,0.6814109431795976,13.1254,13.1254
5,neck,1258,good+laying back,0.681873968084612,0.681873968084612,12.506,12.506
5,neck,1259,good,0.6823090998140916,0.6823090998140916,12.73,12.73
5,neck,1260,good+laying back,0.6823090998140916,0.6823090998140916,12.73,12.73
5,neck,1261,good+laying back+lumbar slouch,0.6823090998140916,0.6831737850635585,12.73,15.5855
5,neck,1262,laying back+lumbar slouch,0.6831737850635585,0.6831737850635585,15.5855,15.5855
5,neck,1263,good+laying back+lumbar slouch,0.6836033383175366,0.6836033383175366,16.419249999999998,16.419249999999998
5,neck,1264,laying back+lumbar slouch+shoulder slouch,0.6836033383175366,0.6840049986619892,16.419249999999998,17.942666666666668
5,neck,1265,unknown,0.6844010799989221,0.6844010799989221,12.47475,12.47475
5,neck,1266,good,0.6844010799989221,0.6844010799989221,12.47475,12.47475
5,neck,1267,good+laying back+lumbar slouch,0.6844010799989221,0.6844010799989221,12.47475,12.47475
5,neck,1268,unknown,0.6848027403433746,0.6953016916600737,2.0945,12.1156
5,neck,1269,good+laying back,0.6953016916600737,0.6953016916600737,12.1156,12.1156
5,neck,1270,good+laying back+lumbar slouch,0.6953016916600737,0.6953016916600737,12.1156,12.1156
5,neck,1271,unknown,0.6958037666916258,0.6972653637162609,7.864,10.632
5,neck,1272,good+laying back+lumbar slouch,0.6972653637162609,0.6972653637162609,10.632,10.632
5,neck,1273,good,0.6977283886212753,0.6977283886212753,12.841333333333333,12.841333333333333
5,neck,1274,good+laying back+lumbar slouch,0.6977283886212753,0.6977283886212753,12.841333333333333,12.841333333333333
5,neck,1275,unknown,0.6981300486997187,0.6981300486997187,12.780666666666667,12.780666666666667
5,neck,1276,good,0.6981300486997187,0.6981300486997187,12.780666666666667,12.780666666666667
5,neck,1277,good+laying back,0.6981300486997187,0.6981300486997187,12.780666666666667,12.780666666666667
5,neck,1278,good+laying back+lumbar slouch,0.6981300486997187,0.6981300486997187,12.780666666666667,12.780666666666667
5,neck,1279,unknown,0.6986934888238507,0.6986934888238507,9.392,9.392
5,neck,1280,good,0.6986934888238507,0.6986934888238507,9.392,9.392
5,neck,1281,unknown,0.6991899853799013,0.6991899853799013,12.94875,12.94875
5,neck,1282,good+laying back,0.6991899853799013,0.6991899853799013,12.94875,12.94875
5,neck,1283,good+laying back+lumbar slouch,0.6991899853799013,0.69962511737539,12.94875,17.18675
5,neck,1284,laying back+lumbar slouch,0.69962511737539,0.69962511737539,17.18675,17.18675
5,neck,1285,laying back+lumbar slouch+shoulder slouch,0.69962511737539,0.700523274009884,17.18675,17.88725
5,neck,1286,laying back+lumbar slouch,0.700919355612826,0.700919355612826,17.1015,17.1015
5,neck,1287,laying back+lumbar slouch+shoulder slouch,0.700919355612826,0.7013823805178404,17.1015,18.86775
5,neck,1288,lumbar slouch+shoulder slouch,0.7013823805178404,0.7013823805178404,18.86775,18.86775
5,neck,1289,laying back+lumbar slouch+shoulder slouch,0.7018175125133291,0.7018175125133291,18.002499999999998,18.002499999999998
5,neck,1290,laying back+lumbar slouch,0.7023140090693797,0.7023140090693797,17.3435,17.3435
5,neck,1291,laying back+lumbar slouch+shoulder slouch,0.7023140090693797,0.7023140090693797,17.3435,17.3435
5,neck,1292,good+laying back+lumbar slouch,0.7027491410648684,0.7027491410648684,18.06975,18.06975
5,neck,1293,laying back+lumbar slouch+shoulder slouch,0.7027491410648684,0.7027491410648684,18.06975,18.06975
5,neck,1294,lumbar slouch+shoulder slouch,0.7027491410648684,0.7027491410648684,18.06975,18.06975
5,neck,1295,good+laying back+lumbar slouch,0.7031786943188465,0.7036138260483262,15.710666666666667,16.16225
5,neck,1296,unknown,0.7040099076512681,0.7040099076512681,12.45425,12.45425
5,neck,1297,good+laying back+lumbar slouch,0.7040099076512681,0.7040099076512681,12.45425,12.45425
5,neck,1298,unknown,0.7044450396467569,0.7044450396467569,12.394333333333334,12.394333333333334
5,neck,1299,good+laying back,0.7044450396467569,0.7044450396467569,12.394333333333334,12.394333333333334
5,neck,1300,good+laying back+lumbar slouch,0.7044450396467569,0.7048411212496989,12.394333333333334,18.2396
5,neck,1301,laying back+lumbar slouch+shoulder slouch,0.7048411212496989,0.7048411212496989,18.2396,18.2396
5,neck,1302,lumbar slouch+shoulder slouch,0.7048411212496989,0.7048411212496989,18.2396,18.2396
5,neck,1303,laying back+lumbar slouch+shoulder slouch,0.7053041461547132,0.7053041461547132,19.08475,19.08475
5,neck,1304,lumbar slouch+shoulder slouch,0.7053041461547132,0.7053041461547132,19.08475,19.08475
5,neck,1305,good+laying back+lumbar slouch,0.7057727498012382,0.7057727498012382,16.30925,16.30925
5,neck,1306,laying back+lumbar slouch+shoulder slouch,0.7057727498012382,0.7057727498012382,16.30925,16.30925
5,neck,1307,good+laying back+lumbar slouch,0.7062023030552163,0.7066039631336597,14.201666666666666,15.57175
5,neck,1308,laying back+lumbar slouch+shoulder slouch,0.7066039631336597,0.7069665730855655,15.57175,19.192999999999998
5,neck,1309,lumbar slouch+shoulder slouch,0.7069665730855655,0.7069665730855655,19.192999999999998,19.192999999999998
5,neck,1310,shoulder slouch,0.7069665730855655,0.7069665730855655,19.192999999999998,19.192999999999998
5,neck,1311,good,0.707368233164009,0.707368233164009,15.0062,15.0062
5,neck,1312,good+laying back+lumbar slouch,0.707368233164009,0.707368233164009,15.0062,15.0062
5,neck,1313,laying back+lumbar slouch,0.707368233164009,0.707368233164009,15.0062,15.0062
5,neck,1314,laying back+lumbar slouch+shoulder slouch,0.707368233164009,0.707368233164009,15.0062,15.0062
5,neck,1315,unknown,0.7077977864179872,0.7077977864179872,11.461500000000001,11.461500000000001
5,neck,1316,good,0.7077977864179872,0.7077977864179872,11.461500000000001,11.461500000000001
5,neck,1317,unknown,0.7082998617155483,0.7086959433184902,11.224666666666666,11.459999999999999
5,neck,1318,good,0.7086959433184902,0.7086959433184902,11.459999999999999,11.459999999999999
5,neck,1319,unknown,0.7091310753139789,0.7116526087527876,4.94,11.264666666666667
5,neck,1320,good,0.7121881557013848,0.7121881557013848,12.07825,12.07825
5,neck,1321,good+laying back,0.7121881557013848,0.7121881557013848,12.07825,12.07825
5,neck,1322,unknown,0.7126511806063992,0.7126511806063992,11.3808,11.3808
5,neck,1323,good,0.7126511806063992,0.7126511806063992,11.3808,11.3808
5,neck,1324,unknown,0.7131142055114136,0.7131142055114136,10.098333333333333,10.098333333333333
5,neck,1325,good,0.7135493372408933,0.7135493372408933,13.634,13.634
5,neck,1326,good+laying back+lumbar slouch,0.7135493372408933,0.7140123624119167,13.634,17.0122
5,neck,1327,laying back+lumbar slouch,0.7140123624119167,0.7140123624119167,17.0122,17.0122
5,neck,1328,laying back+lumbar slouch+shoulder slouch,0.7140123624119167,0.7140123624119167,17.0122,17.0122
5,neck,1329,good+laying back+lumbar slouch,0.714547909360514,0.714547909360514,16.433666666666667,16.433666666666667
5,neck,1330,laying back+lumbar slouch,0.714547909360514,0.714547909360514,16.433666666666667,16.433666666666667
5,neck,1331,laying back+lumbar slouch+shoulder slouch,0.7149105190464108,0.7149105190464108,18.228333333333335,18.228333333333335
5,neck,1332,shoulder slouch,0.7149105190464108,0.7149105190464108,18.228333333333335,18.228333333333335
5,neck,1333,laying back+lumbar slouch+shoulder slouch,0.7153121793908632,0.7153121793908632,19.087400000000002,19.087400000000002
5,neck,1334,lumbar slouch+shoulder slouch,0.7153121793908632,0.7153121793908632,19.087400000000002,19.087400000000002
5,neck,1335,shoulder slouch,0.7153121793908632,0.7153121793908632,19.087400000000002,19.087400000000002
5,neck,1336,laying back+lumbar slouch+shoulder slouch,0.7158421475979501,0.7158421475979501,17.56725,17.56725
5,neck,1337,good+laying back+lumbar slouch,0.716238229200892,0.716238229200892,17.285333333333334,17.285333333333334
5,neck,1338,laying back+lumbar slouch,0.716238229200892,0.716238229200892,17.285333333333334,17.285333333333334
5,neck,1339,laying back+lumbar slouch+shoulder slouch,0.716238229200892,0.716238229200892,17.285333333333334,17.285333333333334
5,neck,1340,shoulder slouch,0.7166733611963807,0.7166733611963807,20.0216,20.0216
5,neck,1341,lumbar slouch+shoulder slouch,0.7171363861013951,0.7171363861013951,19.797333333333334,19.797333333333334
5,neck,1342,shoulder slouch,0.7171363861013951,0.7171363861013951,19.797333333333334,19.797333333333334
5,neck,1343,laying back+lumbar slouch+shoulder slouch,0.7175380461798385,0.7175380461798385,19.16,19.16
5,neck,1344,lumbar slouch+shoulder slouch,0.7175380461798385,0.7175380461798385,19.16,19.16
5,neck,1345,shoulder slouch,0.7175380461798385,0.7175380461798385,19.16,19.16
5,neck,1346,laying back+lumbar slouch+shoulder slouch,0.7179006561317443,0.7179006561317443,18.36,18.36
5,neck,1347,good+laying back+lumbar slouch,0.7183023162101877,0.7183023162101877,17.2555,17.2555
5,neck,1348,laying back+lumbar slouch,0.7183023162101877,0.7183023162101877,17.2555,17.2555
5,neck,1349,laying back+lumbar slouch+shoulder slouch,0.7183023162101877,0.7183023162101877,17.2555,17.2555
5,neck,1350,good+laying back+lumbar slouch,0.7186983978131297,0.7186983978131297,14.924666666666667,14.924666666666667
5,neck,1351,good+laying back,0.7191000581575823,0.7191000581575823,13.13425,13.13425
5,neck,1352,good+laying back+lumbar slouch,0.7191000581575823,0.7191000581575823,13.13425,13.13425
5,neck,1353,good,0.719462668109488,0.719462668109488,12.306,12.306
5,neck,1354,good+laying back,0.719462668109488,0.719462668109488,12.306,12.306
5,neck,1355,good+laying back+lumbar slouch,0.719462668109488,0.719462668109488,12.306,12.306
5,neck,1356,good+laying back,0.7198977998389676,0.7203273530929458,12.56025,12.7
5,neck,1357,good,0.7207290134373984,0.7207290134373984,12.30875,12.30875
5,neck,1358,good+laying back,0.7207290134373984,0.7207290134373984,12.30875,12.30875
5,neck,1359,unknown,0.7211585666913765,0.7211585666913765,11.927,11.927
5,neck,1360,good,0.7211585666913765,0.7211585666913765,11.927,11.927
5,neck,1361,unknown,0.7215936984208562,0.7220232516748343,11.129,11.761
5,neck,1362,good,0.7220232516748343,0.7220232516748343,11.761,11.761
5,neck,1363,good+laying back,0.7224862765798487,0.7224862765798487,13.020333333333333,13.020333333333333
5,neck,1364,good+laying back+lumbar slouch,0.7224862765798487,0.7238195654758405,13.020333333333333,16.20475
5,neck,1365,laying back+lumbar slouch,0.7238195654758405,0.7238195654758405,16.20475,16.20475
5,neck,1366,laying back+lumbar slouch+shoulder slouch,0.7238195654758405,0.7242825903808549,16.20475,17.493666666666666
5,neck,1367,laying back+lumbar slouch,0.7246842504592983,0.7246842504592983,17.1895,17.1895
5,neck,1368,laying back+lumbar slouch+shoulder slouch,0.7246842504592983,0.7246842504592983,17.1895,17.1895
5,neck,1369,good+laying back+lumbar slouch,0.7251472756303217,0.7251472756303217,16.849,16.849
5,neck,1370,laying back+lumbar slouch,0.7251472756303217,0.7251472756303217,16.849,16.849
5,neck,1371,laying back+lumbar slouch+shoulder slouch,0.7251472756303217,0.7251472756303217,16.849,16.849
5,neck,1372,laying back+lumbar slouch,0.7255489357087652,0.7255489357087652,17.299666666666667,17.299666666666667
5,neck,1373,laying back+lumbar slouch+shoulder slouch,0.7255489357087652,0.7255489357087652,17.299666666666667,17.299666666666667
5,neck,1374,good+laying back+lumbar slouch,0.725911545660671,0.725911545660671,16.769000000000002,16.769000000000002
5,neck,1375,laying back+lumbar slouch,0.725911545660671,0.725911545660671,16.769000000000002,16.769000000000002
5,neck,1376,laying back+lumbar slouch+shoulder slouch,0.725911545660671,0.725911545660671,16.769000000000002,16.769000000000002
5,neck,1377,good+laying back+lumbar slouch,0.7263132057391144,0.7280704691475738,13.496666666666666,16.014
5,neck,1378,good+laying back,0.7284721292260173,0.7284721292260173,13.203,13.203
5,neck,1379,good+laying back+lumbar slouch,0.7284721292260173,0.7284721292260173,13.203,13.203
5,neck,1380,unknown,0.7288347391779231,0.7288347391779231,11.623666666666667,11.623666666666667
5,neck,1381,good,0.7288347391779231,0.7288347391779231,11.623666666666667,11.623666666666667
5,neck,1382,unknown,0.7292363995223755,0.7303967511556667,9.111333333333333,11.143666666666666
5,neck,1383,good,0.7303967511556667,0.7303967511556667,11.143666666666666,11.143666666666666
5,neck,1384,unknown,0.7307984112341103,0.7323604232118539,9.688333333333333,11.38725
5,neck,1385,good,0.7323604232118539,0.7328234481168683,11.38725,13.023200000000001
5,neck,1386,good+laying back,0.7328234481168683,0.7328234481168683,13.023200000000001,13.023200000000001
5,neck,1387,good+laying back+lumbar slouch,0.7328234481168683,0.7381063952932495,13.023200000000001,14.088000000000001
5,neck,1388,good+laying back,0.7385415272887382,0.7385415272887382,12.9762,12.9762
5,neck,1389,good+laying back+lumbar slouch,0.7385415272887382,0.7385415272887382,12.9762,12.9762
5,neck,1390,good+laying back,0.7390045521937526,0.7390045521937526,12.808333333333334,12.808333333333334
5,neck,1391,good+laying back+lumbar slouch,0.7390045521937526,0.7390045521937526,12.808333333333334,12.808333333333334
5,neck,1392,good+laying back,0.7394062125382052,0.7394062125382052,12.74125,12.74125
5,neck,1393,good+laying back+lumbar slouch,0.7394062125382052,0.7394062125382052,12.74125,12.74125
5,neck,1394,good+laying back,0.7398357657921832,0.7398357657921832,12.86625,12.86625
5,neck,1395,good+laying back+lumbar slouch,0.7398357657921832,0.7398357657921832,12.86625,12.86625
5,neck,1396,good+laying back,0.7402374258706267,0.7406335074735687,12.5355,12.658
5,neck,1397,good,0.7410351675520122,0.7410351675520122,12.078,12.078
5,neck,1398,good+laying back,0.7410351675520122,0.7410351675520122,12.078,12.078
5,neck,1399,good,0.7414647210719993,0.7414647210719993,11.933,11.933
5,neck,1400,good+laying back,0.7418663811504429,0.7418663811504429,13.15075,13.15075
5,neck,1401,good+laying back+lumbar slouch,0.7418663811504429,0.7428259026115078,13.15075,17.333
5,neck,1402,laying back+lumbar slouch+shoulder slouch,0.7428259026115078,0.7428259026115078,17.333,17.333
5,neck,1403,laying back+lumbar slouch,0.7432275629559603,0.7432275629559603,17.1978,17.1978
5,neck,1404,laying back+lumbar slouch+shoulder slouch,0.7432275629559603,0.7432275629559603,17.1978,17.1978
5,neck,1405,good+laying back+lumbar slouch,0.7436905878609746,0.7448565182357764,15.971250000000001,16.563666666666666
5,neck,1406,laying back+lumbar slouch,0.7448565182357764,0.7448565182357764,15.971250000000001,15.971250000000001
5,neck,1407,good+laying back+lumbar slouch,0.7452860714897546,0.7457212032192342,13.599499999999999,14.98275
5,neck,1408,unknown,0.7461507564732124,0.7461507564732124,11.449666666666667,11.449666666666667
5,neck,1409,good,0.7461507564732124,0.7461507564732124,11.449666666666667,11.449666666666667
5,neck,1410,good+laying back,0.7461507564732124,0.7461507564732124,11.449666666666667,11.449666666666667
5,neck,1411,unknown,0.7465524168176649,0.7501394654121576,6.9761999999999995,12.7628
5,neck,1412,good,0.7501394654121576,0.7501394654121576,12.7628,12.7628
5,neck,1413,good+laying back,0.7501394654121576,0.7501394654121576,12.7628,12.7628
5,neck,1414,good+laying back+lumbar slouch,0.7501394654121576,0.7501394654121576,12.7628,12.7628
5,neck,1415,good,0.7506359619682081,0.7506359619682081,12.760666666666667,12.760666666666667
5,neck,1416,good+laying back+lumbar slouch,0.7506359619682081,0.7506359619682081,12.760666666666667,12.760666666666667
5,neck,1417,good+laying back,0.7510376223126607,0.7510376223126607,14.4262,14.4262
5,neck,1418,good+laying back+lumbar slouch,0.7510376223126607,0.7519023072961185,14.4262,16.151666666666667
5,neck,1419,laying back+lumbar slouch,0.7519023072961185,0.7519023072961185,15.99625,15.99625
5,neck,1420,good+laying back+lumbar slouch,0.7523318605500967,0.7523318605500967,16.6464,16.6464
5,neck,1421,laying back+lumbar slouch,0.7523318605500967,0.7528339358476578,16.6464,16.999666666666666
5,neck,1422,good+laying back+lumbar slouch,0.753263489101636,0.7541616460021391,15.455666666666666,16.2376
5,neck,1423,laying back+lumbar slouch,0.7541616460021391,0.7541616460021391,16.1578,16.1578
5,neck,1424,laying back+lumbar slouch+shoulder slouch,0.7546246709071535,0.7552271611578232,18.356,18.916666666666668
5,neck,1425,lumbar slouch+shoulder slouch,0.7552271611578232,0.7552271611578232,18.916666666666668,18.916666666666668
5,neck,1426,laying back+lumbar slouch,0.7555897711097289,0.7555897711097289,17.2515,17.2515
5,neck,1427,laying back+lumbar slouch+shoulder slouch,0.7555897711097289,0.7555897711097289,17.2515,17.2515
5,neck,1428,good+laying back+lumbar slouch,0.7559914314541815,0.7559914314541815,16.902333333333335,16.902333333333335
5,neck,1429,laying back+lumbar slouch,0.7559914314541815,0.7559914314541815,16.902333333333335,16.902333333333335
5,neck,1430,laying back+lumbar slouch+shoulder slouch,0.7559914314541815,0.7559914314541815,16.902333333333335,16.902333333333335
5,neck,1431,good+laying back+lumbar slouch,0.7563875130571234,0.7563875130571234,14.9746,14.9746
5,neck,1432,laying back+lumbar slouch+shoulder slouch,0.7563875130571234,0.7563875130571234,14.9746,14.9746
5,neck,1433,good+laying back+lumbar slouch,0.7568840096131739,0.7568840096131739,16.349666666666664,16.349666666666664
5,neck,1434,laying back+lumbar slouch+shoulder slouch,0.7568840096131739,0.7568840096131739,16.349666666666664,16.349666666666664
5,neck,1435,good+laying back+lumbar slouch,0.7572856696916174,0.7572856696916174,16.9628,16.9628
5,neck,1436,laying back+lumbar slouch+shoulder slouch,0.7572856696916174,0.7572856696916174,16.9628,16.9628
5,neck,1437,good+laying back+lumbar slouch,0.7577486945966317,0.7577486945966317,13.712666666666665,13.712666666666665
5,neck,1438,unknown,0.7581503549410843,0.7581503549410843,9.978,9.978
5,neck,1439,good+laying back+lumbar slouch,0.7581503549410843,0.7581503549410843,9.978,9.978
5,neck,1440,unknown,0.7586468514971348,0.7599801401271176,8.384,11.863333333333333
5,neck,1441,good,0.7599801401271176,0.7599801401271176,11.863333333333333,11.863333333333333
5,neck,1442,good+laying back,0.7599801401271176,0.7599801401271176,11.863333333333333,11.863333333333333
5,neck,1443,good+laying back+lumbar slouch,0.7604096933810958,0.7628363906083063,14.0624,15.5
5,neck,1444,good+laying back,0.7632324722112483,0.7632324722112483,13.0805,13.0805
5,neck,1445,good+laying back+lumbar slouch,0.7632324722112483,0.763667603940728,13.0805,14.060666666666666
5,neck,1446,unknown,0.76406368554367,0.76406368554367,12.005500000000001,12.005500000000001
5,neck,1447,good,0.76406368554367,0.76406368554367,12.005500000000001,12.005500000000001
5,neck,1448,good+laying back,0.76406368554367,0.7644653456221134,12.005500000000001,12.76225
5,neck,1449,good+laying back+lumbar slouch,0.7644653456221134,0.7644653456221134,12.76225,12.76225
5,neck,1450,good,0.7648948991421006,0.7648948991421006,12.438333333333333,12.438333333333333
5,neck,1451,good+laying back,0.7648948991421006,0.7648948991421006,12.438333333333333,12.438333333333333
5,neck,1452,good,0.7652965592205441,0.7657595841255584,12.00525,12.6465
5,neck,1453,good+laying back+lumbar slouch,0.7657595841255584,0.7657595841255584,12.6465,12.6465
5,neck,1454,unknown,0.766161244470011,0.766161244470011,11.029,11.029
5,neck,1455,good,0.766161244470011,0.766161244470011,11.029,11.029
5,neck,1456,unknown,0.7665907977239891,0.7734357568781141,0.01833333333333334,12.90075
5,neck,1457,good+laying back+lumbar slouch,0.7734357568781141,0.7739378319096661,12.90075,14.055
5,neck,1458,good+laying back,0.774333913512608,0.774333913512608,12.87575,12.87575
5,neck,1459,good+laying back+lumbar slouch,0.774333913512608,0.774333913512608,12.87575,12.87575
5,neck,1460,good+laying back,0.7747690455080968,0.7747690455080968,12.716666666666667,12.716666666666667
5,neck,1461,good+laying back+lumbar slouch,0.7747690455080968,0.7751316554600025,12.716666666666667,13.4506
5,neck,1462,good+laying back,0.7756002588405184,0.7756002588405184,12.79625,12.79625
5,neck,1463,good+laying back+lumbar slouch,0.7756002588405184,0.7780548489772546,12.79625,16.506666666666668
5,neck,1464,laying back+lumbar slouch,0.7780548489772546,0.7780548489772546,16.506666666666668,16.506666666666668
5,neck,1465,good+laying back,0.7784565093217072,0.7784565093217072,14.09275,14.09275
5,neck,1466,good+laying back+lumbar slouch,0.7784565093217072,0.7784565093217072,14.09275,14.09275
5,neck,1467,good,0.7788525909246491,0.7788525909246491,13.3225,13.3225
5,neck,1468,good+laying back+lumbar slouch,0.7788525909246491,0.7788525909246491,13.3225,13.3225
5,neck,1469,unknown,0.7792877226541288,0.7792877226541288,12.7715,12.7715
5,neck,1470,good,0.7792877226541288,0.7792877226541288,12.7715,12.7715
5,neck,1471,good+laying back+lumbar slouch,0.7792877226541288,0.7792877226541288,12.7715,12.7715
5,neck,1472,good,0.7797507475591432,0.7797507475591432,12.552999999999999,12.552999999999999
5,neck,1473,good+laying back,0.7797507475591432,0.7797507475591432,12.552999999999999,12.552999999999999
5,neck,1474,good+laying back+lumbar slouch,0.7797507475591432,0.7827408846444768,12.552999999999999,15.32075
5,neck,1475,good+laying back,0.7831760166399654,0.7831760166399654,12.88825,12.88825
5,neck,1476,good+laying back+lumbar slouch,0.7831760166399654,0.7831760166399654,12.88825,12.88825
5,neck,1477,good,0.7836390415449798,0.7836390415449798,12.372333333333334,12.372333333333334
5,neck,1478,good+laying back,0.7836390415449798,0.7836390415449798,12.372333333333334,12.372333333333334
5,neck,1479,unknown,0.7840407016234233,0.7840407016234233,11.3244,11.3244
5,neck,1480,good,0.7840407016234233,0.7840407016234233,11.3244,11.3244
5,neck,1481,unknown,0.7845371981794739,0.7854018834289407,7.72175,11.9796
5,neck,1482,good+laying back,0.7854018834289407,0.7854018834289407,11.9796,11.9796
5,neck,1483,good+laying back+lumbar slouch,0.7854018834289407,0.7854018834289407,11.9796,11.9796
5,neck,1484,good+laying back,0.7858649083339551,0.7858649083339551,12.954666666666666,12.954666666666666
5,neck,1485,good+laying back+lumbar slouch,0.7858649083339551,0.7858649083339551,12.954666666666666,12.954666666666666
5,neck,1486,good+laying back,0.7862665686784076,0.7862665686784076,12.87175,12.87175
5,neck,1487,good+laying back+lumbar slouch,0.7862665686784076,0.7862665686784076,12.87175,12.87175
5,neck,1488,good+laying back,0.7866626502813495,0.7866626502813495,12.77175,12.77175
5,neck,1489,good+laying back+lumbar slouch,0.7866626502813495,0.7866626502813495,12.77175,12.77175
5,neck,1490,good+laying back,0.78709778201082925,0.78709778201082925,13.45275,13.45275
5,neck,1491,good+laying back+lumbar slouch,0.78709778201082925,0.7879959389113323,13.45275,14.98525
5,neck,1492,good+laying back,0.7884254921653104,0.7884254921653104,12.73875,12.73875
5,neck,1493,good+laying back+lumbar slouch,0.7884254921653104,0.7905509440011771,12.73875,17.6548
5,neck,1494,lumbar slouch+shoulder slouch,0.7905509440011771,0.7905509440011771,17.6548,17.6548
5,neck,1495,shoulder slouch,0.7905509440011771,0.7905509440011771,17.6548,17.6548
5,neck,1496,laying back+lumbar slouch+shoulder slouch,0.7910195476477021,0.7910195476477021,18.144,18.144
5,neck,1497,good+laying back+lumbar slouch,0.7914491009016802,0.7918507609801236,15.523666666666667,16.67325
5,neck,1498,laying back+lumbar slouch,0.7918507609801236,0.7918507609801236,16.67325,16.67325
5,neck,1499,laying back+lumbar slouch+shoulder slouch,0.7918507609801236,0.7918507609801236,16.67325,16.67325
5,neck,1500,good+laying back,0.792313785885138,0.792313785885138,13.28,13.28
5,neck,1501,good+laying back+lumbar slouch,0.792313785885138,0.7932119427856411,13.28,16.6774
5,neck,1502,laying back+lumbar slouch,0.7932119427856411,0.7936749676906555,16.6774,17.486
5,neck,1503,laying back+lumbar slouch+shoulder slouch,0.7936749676906555,0.7936749676906555,17.486,17.486
5,neck,1504,laying back+lumbar slouch,0.7941100996861442,0.7941100996861442,16.846,16.846
5,neck,1505,laying back+lumbar slouch+shoulder slouch,0.7941100996861442,0.7941100996861442,16.846,16.846
5,neck,1506,good+laying back+lumbar slouch,0.7945731245911586,0.7945731245911586,16.880333333333333,16.880333333333333
5,neck,1507,laying back+lumbar slouch,0.7945731245911586,0.7945731245911586,16.880333333333333,16.880333333333333
5,neck,1508,laying back+lumbar slouch+shoulder slouch,0.7945731245911586,0.7945731245911586,16.880333333333333,16.880333333333333
5,neck,1509,laying back+lumbar slouch,0.794974784669602,0.794974784669602,17.404,17.404
5,neck,1510,laying back+lumbar slouch+shoulder slouch,0.794974784669602,0.794974784669602,17.404,17.404
5,neck,1511,laying back+lumbar slouch,0.795538224793734,0.795538224793734,17.806,17.806
5,neck,1512,laying back+lumbar slouch+shoulder slouch,0.795538224793734,0.7964029097771919,17.806,18.79225
5,neck,1513,lumbar slouch+shoulder slouch,0.7964029097771919,0.796832463297179,18.79225,20.013
5,neck,1514,shoulder slouch,0.796832463297179,0.796832463297179,20.013,20.013
5,neck,1515,lumbar slouch+shoulder slouch,0.7972675950266588,0.7972675950266588,19.72075,19.72075
5,neck,1516,shoulder slouch,0.7972675950266588,0.7972675950266588,19.72075,19.72075
5,neck,1517,lumbar slouch+shoulder slouch,0.797697148280637,0.797697148280637,19.69725,19.69725
5,neck,1518,shoulder slouch,0.797697148280637,0.8003246754140647,19.69725,25.44725
5,neck,1519,unknown,0.8003246754140647,0.8003246754140647,25.44725,25.44725
5,neck,1520,shoulder slouch,0.8007207570170067,0.8007207570170067,25.1065,25.1065
5,neck,1521,unknown,0.8007207570170067,0.8007207570170067,25.1065,25.1065
5,neck,1522,shoulder slouch,0.8011558890124953,0.8011558890124953,24.12725,24.12725
5,neck,1523,unknown,0.8011558890124953,0.8011558890124953,24.12725,24.12725
5,neck,1524,laying back+lumbar slouch+shoulder slouch,0.8015854422664735,0.8015854422664735,19.557000000000002,19.557000000000002
5,neck,1525,lumbar slouch+shoulder slouch,0.8015854422664735,0.8015854422664735,19.557000000000002,19.557000000000002
5,neck,1526,shoulder slouch,0.8015854422664735,0.8024835989009677,19.557000000000002,21.7375
5,neck,1527,laying back+lumbar slouch,0.8028517875943839,0.8028517875943839,17.99566666666667,17.99566666666667
5,neck,1528,laying back+lumbar slouch+shoulder slouch,0.8028517875943839,0.8028517875943839,17.99566666666667,17.99566666666667
5,neck,1529,good+laying back+lumbar slouch,0.8032478691973258,0.8042129691338923,15.501666666666667,16.17025
5,neck,1530,laying back+lumbar slouch,0.8042129691338923,0.8042129691338923,16.17025,16.17025
5,neck,1531,good+laying back+lumbar slouch,0.8046090507368343,0.8055072076373373,14.35,15.124666666666666
5,neck,1532,good,0.8059088679817898,0.8059088679817898,13.479,13.479
5,neck,1533,good+laying back,0.8059088679817898,0.8059088679817898,13.479,13.479
5,neck,1534,good+laying back+lumbar slouch,0.8059088679817898,0.8059088679817898,13.479,13.479
5,neck,1535,unknown,0.8063718928868042,0.8103940734767857,-2.41825,13.3836
5,neck,1536,good,0.8103940734767857,0.8103940734767857,13.3836,13.3836
5,neck,1537,good+laying back,0.8103940734767857,0.8103940734767857,13.3836,13.3836
5,neck,1538,good+laying back+lumbar slouch,0.8103940734767857,0.8103940734767857,13.3836,13.3836
5,neck,1539,laying back+lumbar slouch,0.8108570983818,0.8108570983818,17.04675,17.04675
5,neck,1540,laying back+lumbar slouch+shoulder slouch,0.8108570983818,0.8108570983818,17.04675,17.04675
5,neck,1541,laying back+lumbar slouch,0.8112922301112797,0.8112922301112797,17.50825,17.50825
5,neck,1542,laying back+lumbar slouch+shoulder slouch,0.8112922301112797,0.8112922301112797,17.50825,17.50825
5,neck,1543,good+laying back+lumbar slouch,0.8117552552823031,0.8117552552823031,16.829333333333334,16.829333333333334
5,neck,1544,laying back+lumbar slouch+shoulder slouch,0.8117552552823031,0.8117552552823031,16.829333333333334,16.829333333333334
5,neck,1545,good+laying back+lumbar slouch,0.8121569153607465,0.8121569153607465,16.9684,16.9684
5,neck,1546,laying back+lumbar slouch,0.8121569153607465,0.8121569153607465,16.9684,16.9684
5,neck,1547,laying back+lumbar slouch+shoulder slouch,0.8121569153607465,0.8121569153607465,16.9684,16.9684
5,neck,1548,good+laying back+lumbar slouch,0.8126534119167972,0.8126534119167972,15.72275,15.72275
5,neck,1549,laying back+lumbar slouch,0.8126534119167972,0.8126534119167972,15.72275,15.72275
5,neck,1550,good+laying back+lumbar slouch,0.8131220155633221,0.8131220155633221,17.426333333333332,17.426333333333332
5,neck,1551,laying back+lumbar slouch+shoulder slouch,0.8131220155633221,0.8131220155633221,17.426333333333332,17.426333333333332
5,neck,1552,good+laying back+lumbar slouch,0.813518097166264,0.813518097166264,14.8304,14.8304
5,neck,1553,unknown,0.8139811220712784,0.8139811220712784,11.845333333333334,11.845333333333334
5,neck,1554,good,0.8139811220712784,0.8139811220712784,11.845333333333334,11.845333333333334
5,neck,1555,good+laying back+lumbar slouch,0.8139811220712784,0.8139811220712784,11.845333333333334,11.845333333333334
5,neck,1556,unknown,0.8143827821497218,0.8157439639552393,10.59375,12.923399999999999
5,neck,1557,good,0.8157439639552393,0.8157439639552393,12.923399999999999,12.923399999999999
5,neck,1558,good+laying back+lumbar slouch,0.8157439639552393,0.8179028877081512,12.923399999999999,16.20625
5,neck,1559,laying back+lumbar slouch,0.8179028877081512,0.8179028877081512,16.20625,16.20625
5,neck,1560,good+laying back+lumbar slouch,0.8183714910886671,0.8187341010405729,16.210333333333335,16.68825
5,neck,1561,laying back+lumbar slouch,0.8187341010405729,0.8187341010405729,16.68825,16.68825
5,neck,1562,good+laying back+lumbar slouch,0.8191357611190163,0.8191357611190163,16.544,16.544
5,neck,1563,laying back+lumbar slouch,0.8191357611190163,0.8195653146390035,16.544,17.198666666666668
5,neck,1564,laying back+lumbar slouch+shoulder slouch,0.8195653146390035,0.8195653146390035,17.198666666666668,17.198666666666668
5,neck,1565,good+laying back+lumbar slouch,0.819966974717447,0.819966974717447,15.838666666666667,15.838666666666667
5,neck,1566,laying back+lumbar slouch,0.819966974717447,0.819966974717447,15.838666666666667,15.838666666666667
5,neck,1567,good,0.8205638864926152,0.8205638864926152,13.112,13.112
5,neck,1568,good+laying back+lumbar slouch,0.8205638864926152,0.8205638864926152,13.112,13.112
5,neck,1569,good,0.8209655465710587,0.8209655465710587,12.01,12.01
5,neck,1570,good+laying back,0.8213281565229644,0.8213281565229644,13.6844,13.6844
5,neck,1571,good+laying back+lumbar slouch,0.8213281565229644,0.8217911814279788,13.6844,14.295
5,neck,1572,good,0.8221928415064222,0.8221928415064222,12.891,12.891
5,neck,1573,good+laying back+lumbar slouch,0.8221928415064222,0.8221928415064222,12.891,12.891
5,neck,1574,unknown,0.8225889231093643,0.8225889231093643,11.34,11.34
5,neck,1575,good,0.8225889231093643,0.8225889231093643,11.34,11.34
5,neck,1576,unknown,0.8229571118027805,0.8229571118027805,12.93225,12.93225
5,neck,1577,good,0.8229571118027805,0.8229571118027805,12.93225,12.93225
5,neck,1578,good+laying back+lumbar slouch,0.8229571118027805,0.823358771881224,12.93225,13.896
5,neck,1579,unknown,0.823754853484166,0.823754853484166,12.1165,12.1165
5,neck,1580,good,0.823754853484166,0.823754853484166,12.1165,12.1165
5,neck,1581,good+laying back,0.823754853484166,0.823754853484166,12.1165,12.1165
5,neck,1582,unknown,0.8241509350871079,0.8246195387336328,10.09625,11.45875
5,neck,1583,good,0.8246195387336328,0.8246195387336328,11.45875,11.45875
5,neck,1584,good+laying back,0.8246195387336328,0.8246195387336328,11.45875,11.45875
5,neck,1585,good+laying back+lumbar slouch,0.825049091987611,0.8258803053200326,13.0105,16.2136
5,neck,1586,laying back+lumbar slouch,0.8258803053200326,0.8258803053200326,16.2136,16.2136
5,neck,1587,good+laying back+lumbar slouch,0.82641585226863,0.82641585226863,16.710250000000002,16.710250000000002
5,neck,1588,laying back+lumbar slouch,0.82641585226863,0.82641585226863,16.710250000000002,16.710250000000002
5,neck,1589,good+laying back+lumbar slouch,0.8268119338715719,0.8268119338715719,16.878666666666668,16.878666666666668
5,neck,1590,laying back+lumbar slouch,0.8268119338715719,0.8272135939500154,16.878666666666668,17.232
5,neck,1591,laying back+lumbar slouch+shoulder slouch,0.8272135939500154,0.8272135939500154,17.232,17.232
5,neck,1592,laying back+lumbar slouch,0.8275762039019211,0.8275762039019211,17.3726,17.3726
5,neck,1593,laying back+lumbar slouch+shoulder slouch,0.8275762039019211,0.8280448075484461,17.3726,19.075666666666667
5,neck,1594,shoulder slouch,0.8280448075484461,0.8280448075484461,19.075666666666667,19.075666666666667
5,neck,1595,laying back+lumbar slouch+shoulder slouch,0.828440889151388,0.828440889151388,19.17275,19.17275
5,neck,1596,lumbar slouch+shoulder slouch,0.828440889151388,0.828440889151388,19.17275,19.17275
5,neck,1597,laying back+lumbar slouch+shoulder slouch,0.8288369707543299,0.8288369707543299,18.92125,18.92125
5,neck,1598,shoulder slouch,0.8288369707543299,0.8292721024838097,18.92125,20.064333333333334
5,neck,1599,laying back+lumbar slouch+shoulder slouch,0.8296681840867516,0.8296681840867516,19.2932,19.2932
5,neck,1600,lumbar slouch+shoulder slouch,0.8296681840867516,0.8296681840867516,19.2932,19.2932
5,neck,1601,shoulder slouch,0.8296681840867516,0.8301702593843128,19.2932,19.832
5,neck,1602,laying back+lumbar slouch+shoulder slouch,0.8305663409872547,0.8305663409872547,19.6316,19.6316
5,neck,1603,lumbar slouch+shoulder slouch,0.8305663409872547,0.8305663409872547,19.6316,19.6316
5,neck,1604,shoulder slouch,0.8305663409872547,0.8305663409872547,19.6316,19.6316
5,neck,1605,lumbar slouch+shoulder slouch,0.8310349446337796,0.8310349446337796,19.284666666666666,19.284666666666666
5,neck,1606,laying back+lumbar slouch+shoulder slouch,0.8314310262367216,0.8314310262367216,18.15775,18.15775
5,neck,1607,good+laying back+lumbar slouch,0.831832686315165,0.831832686315165,16.2982,16.2982
5,neck,1608,laying back+lumbar slouch,0.831832686315165,0.831832686315165,16.2982,16.2982
5,neck,1609,good+laying back+lumbar slouch,0.8323626545222518,0.8346219932282724,14.67225,16.5935
5,neck,1610,laying back+lumbar slouch,0.8346219932282724,0.8350850181332867,16.5935,17.27875
5,neck,1611,laying back+lumbar slouch+shoulder slouch,0.8350850181332867,0.8355201501287755,17.27875,17.9105
5,neck,1612,laying back+lumbar slouch,0.8359831750337898,0.8359831750337898,17.4025,17.4025
5,neck,1613,laying back+lumbar slouch+shoulder slouch,0.8359831750337898,0.8359831750337898,17.4025,17.4025
5,neck,1614,laying back+lumbar slouch,0.8363848351122333,0.8363848351122333,17.158666666666665,17.158666666666665
5,neck,1615,laying back+lumbar slouch+shoulder slouch,0.8363848351122333,0.8363848351122333,17.158666666666665,17.158666666666665
5,neck,1616,laying back+lumbar slouch,0.836747445064139,0.8371491054085916,16.87925,16.972
5,neck,1617,good+laying back+lumbar slouch,0.8376121303136059,0.8376121303136059,16.565666666666665,16.565666666666665
5,neck,1618,laying back+lumbar slouch,0.8376121303136059,0.8376121303136059,16.565666666666665,16.565666666666665
5,neck,1619,good+laying back+lumbar slouch,0.8381811489132394,0.8390402554211958,16.53725,16.68
5,neck,1620,laying back+lumbar slouch,0.8390402554211958,0.8390402554211958,16.68,16.68
5,neck,1621,good+laying back+lumbar slouch,0.8394419154996392,0.8394419154996392,16.636,16.636
5,neck,1622,laying back+lumbar slouch,0.8394419154996392,0.8394419154996392,16.636,16.636
5,neck,1623,good+laying back+lumbar slouch,0.8398714687536174,0.8407696256541204,16.3875,16.5738
5,neck,1624,laying back+lumbar slouch,0.8412047576496091,0.8412047576496091,18.742666666666665,18.742666666666665
5,neck,1625,lumbar slouch+shoulder slouch,0.8412047576496091,0.8412047576496091,18.742666666666665,18.742666666666665
5,neck,1626,shoulder slouch,0.8412047576496091,0.8412047576496091,18.742666666666665,18.742666666666665
5,neck,1627,laying back+lumbar slouch,0.8416343109035873,0.8416343109035873,18.437833333333334,18.437833333333334
5,neck,1628,laying back+lumbar slouch+shoulder slouch,0.8416343109035873,0.8416343109035873,18.437833333333334,18.437833333333334
5,neck,1629,lumbar slouch+shoulder slouch,0.8416343109035873,0.8416343109035873,18.437833333333334,18.437833333333334
5,neck,1630,shoulder slouch,0.8416343109035873,0.8416343109035873,18.437833333333334,18.437833333333334
5,neck,1631,good+laying back+lumbar slouch,0.8422312224127465,0.8422312224127465,16.710250000000002,16.710250000000002
5,neck,1632,laying back+lumbar slouch,0.8422312224127465,0.8422312224127465,16.710250000000002,16.710250000000002
5,neck,1633,good+laying back+lumbar slouch,0.842632882757199,0.8447583345930657,15.135,16.362333333333332
5,neck,1634,good,0.845293881541663,0.845293881541663,13.17125,13.17125
5,neck,1635,good+laying back+lumbar slouch,0.845293881541663,0.845293881541663,13.17125,13.17125
5,neck,1636,good+laying back,0.845689963144605,0.845689963144605,12.74,12.74
5,neck,1637,good+laying back+lumbar slouch,0.845689963144605,0.8461195163985831,12.74,13.461666666666666
5,neck,1638,good,0.8465211764770266,0.8465211764770266,12.1794,12.1794
5,neck,1639,good+laying back,0.8465211764770266,0.8465211764770266,12.1794,12.1794
5,neck,1640,good,0.8470511449501223,0.8470511449501223,12.619,12.619
5,neck,1641,good+laying back+lumbar slouch,0.8470511449501223,0.8496452001665049,12.619,16.73875
5,neck,1642,laying back+lumbar slouch,0.8496452001665049,0.8501082253375284,16.73875,17.1884
5,neck,1643,laying back+lumbar slouch+shoulder slouch,0.8501082253375284,0.8505768287180442,17.1884,19.21225
5,neck,1644,lumbar slouch+shoulder slouch,0.8505768287180442,0.8505768287180442,19.21225,19.21225
5,neck,1645,shoulder slouch,0.8505768287180442,0.8505768287180442,19.21225,19.21225
5,neck,1646,lumbar slouch+shoulder slouch,0.8510733252740948,0.8510733252740948,19.557000000000002,19.557000000000002
5,neck,1647,shoulder slouch,0.8510733252740948,0.8510733252740948,19.557000000000002,19.557000000000002
5,neck,1648,good+laying back+lumbar slouch,0.8515084572695835,0.8515084572695835,16.708,16.708
5,neck,1649,laying back+lumbar slouch,0.8515084572695835,0.8515084572695835,16.708,16.708
5,neck,1650,laying back+lumbar slouch+shoulder slouch,0.8515084572695835,0.8515084572695835,16.708,16.708
5,neck,1651,good+laying back+lumbar slouch,0.8520049538256341,0.8524679787306484,15.463249999999999,15.8818
5,neck,1652,laying back+lumbar slouch+shoulder slouch,0.8524679787306484,0.8524679787306484,15.8818,15.8818
5,neck,1653,lumbar slouch+shoulder slouch,0.8530035256792458,0.8530035256792458,19.976,19.976
5,neck,1654,shoulder slouch,0.8530035256792458,0.8530035256792458,19.976,19.976
5,neck,1655,good+laying back+lumbar slouch,0.8534665508502691,0.8534665508502691,17.009500000000003,17.009500000000003
5,neck,1656,laying back+lumbar slouch,0.8534665508502691,0.8534665508502691,17.009500000000003,17.009500000000003
5,neck,1657,laying back+lumbar slouch+shoulder slouch,0.8534665508502691,0.8534665508502691,17.009500000000003,17.009500000000003
5,neck,1658,good+laying back+lumbar slouch,0.8539630474063198,0.8543981791357994,15.8135,16.57275
5,neck,1659,laying back+lumbar slouch,0.8543981791357994,0.8543981791357994,16.57275,16.57275
5,neck,1660,good+laying back+lumbar slouch,0.8548277323897776,0.8548277323897776,16.4905,16.4905
5,neck,1661,laying back+lumbar slouch,0.8548277323897776,0.8548277323897776,16.4905,16.4905
5,neck,1662,good+laying back+lumbar slouch,0.8552628643852663,0.8552628643852663,15.523666666666667,15.523666666666667
5,neck,1663,good+laying back,0.8556924176392444,0.8556924176392444,12.9885,12.9885
5,neck,1664,good+laying back+lumbar slouch,0.8556924176392444,0.8556924176392444,12.9885,12.9885
5,neck,1665,unknown,0.856094077717688,0.856094077717688,12.38425,12.38425
5,neck,1666,good,0.856094077717688,0.856094077717688,12.38425,12.38425
5,neck,1667,good+laying back+lumbar slouch,0.856094077717688,0.856094077717688,12.38425,12.38425
5,neck,1668,good+laying back,0.8564901593206299,0.8564901593206299,14.051666666666668,14.051666666666668
5,neck,1669,good+laying back+lumbar slouch,0.8564901593206299,0.8577230329975041,14.051666666666668,17.957
5,neck,1670,laying back+lumbar slouch+shoulder slouch,0.8577230329975041,0.8577230329975041,17.957,17.957
5,neck,1671,lumbar slouch+shoulder slouch,0.8577230329975041,0.8577230329975041,17.957,17.957
5,neck,1672,laying back+lumbar slouch,0.8581525862514822,0.8581525862514822,17.3405,17.3405
5,neck,1673,laying back+lumbar slouch+shoulder slouch,0.8581525862514822,0.8603784533064665,17.3405,18.711666666666666
5,neck,1674,lumbar slouch+shoulder slouch,0.8603784533064665,0.8603784533064665,18.402250000000002,18.402250000000002
5,neck,1675,laying back+lumbar slouch+shoulder slouch,0.86078011338491,0.86078011338491,17.91575,17.91575
5,neck,1676,good+laying back+lumbar slouch,0.8611761949878519,0.8611761949878519,16.858666666666668,16.858666666666668
5,neck,1677,laying back+lumbar slouch,0.8611761949878519,0.8611761949878519,16.858666666666668,16.858666666666668
5,neck,1678,laying back+lumbar slouch+shoulder slouch,0.8611761949878519,0.8611761949878519,16.858666666666668,16.858666666666668
5,neck,1679,good+laying back+lumbar slouch,0.8615778553323045,0.8615778553323045,16.378666666666668,16.378666666666668
5,neck,1680,laying back+lumbar slouch+shoulder slouch,0.8615778553323045,0.8615778553323045,16.378666666666668,16.378666666666668
5,neck,1681,unknown,0.8619404650182012,0.8619404650182012,12.6288,12.6288
5,neck,1682,good,0.8619404650182012,0.8619404650182012,12.6288,12.6288
5,neck,1683,good+laying back+lumbar slouch,0.8619404650182012,0.8619404650182012,12.6288,12.6288
5,neck,1684,unknown,0.8624090686647261,0.8628386219187042,9.36725,12.992999999999999
5,neck,1685,good,0.8628386219187042,0.8628386219187042,12.992999999999999,12.992999999999999
5,neck,1686,good+laying back+lumbar slouch,0.8628386219187042,0.8628386219187042,12.992999999999999,12.992999999999999
5,neck,1687,laying back+lumbar slouch+shoulder slouch,0.8633016468237186,0.8633016468237186,18.84975,18.84975
5,neck,1688,lumbar slouch+shoulder slouch,0.8633016468237186,0.8633016468237186,18.84975,18.84975
5,neck,1689,shoulder slouch,0.8633016468237186,0.8633016468237186,18.84975,18.84975
5,neck,1690,unknown,0.8637367788192073,0.8637367788192073,13.794333333333332,13.794333333333332
5,neck,1691,good,0.8637367788192073,0.8637367788192073,13.794333333333332,13.794333333333332
5,neck,1692,good+laying back+lumbar slouch,0.8637367788192073,0.8637367788192073,13.794333333333332,13.794333333333332
5,neck,1693,laying back+lumbar slouch+shoulder slouch,0.8637367788192073,0.8637367788192073,13.794333333333332,13.794333333333332
5,neck,1694,unknown,0.864400633896448,0.864400633896448,10.50825,10.50825
5,neck,1695,good+laying back+lumbar slouch,0.864400633896448,0.864400633896448,10.50825,10.50825
5,neck,1696,unknown,0.8648636588014623,0.8678928460133336,5.7668,12.133
5,neck,1697,good,0.8678928460133336,0.8678928460133336,12.133,12.133
5,neck,1698,good+laying back,0.8678928460133336,0.8678928460133336,12.133,12.133
5,neck,1699,good+laying back+lumbar slouch,0.8678928460133336,0.8688858393914437,12.133,13.8404
5,neck,1700,good+laying back,0.8693209711209234,0.8693209711209234,12.744,12.744
5,neck,1701,good,0.8697505243749016,0.8697505243749016,12.315800000000001,12.315800000000001
5,neck,1702,good+laying back,0.8697505243749016,0.8697505243749016,12.315800000000001,12.315800000000001
5,neck,1703,unknown,0.8702525996724627,0.8702525996724627,10.9865,10.9865
5,neck,1704,good,0.8702525996724627,0.8702525996724627,10.9865,10.9865
5,neck,1705,unknown,0.8706821529264409,0.8749721069907209,8.882249999999999,11.46275
5,neck,1706,good,0.8749721069907209,0.8749721069907209,11.46275,11.46275
5,neck,1707,good+laying back+lumbar slouch,0.8753681885936629,0.8753681885936629,15.12525,15.12525
5,neck,1708,laying back+lumbar slouch,0.8753681885936629,0.8753681885936629,15.12525,15.12525
5,neck,1709,laying back+lumbar slouch+shoulder slouch,0.875797741847641,0.875797741847641,18.420666666666666,18.420666666666666
5,neck,1710,lumbar slouch+shoulder slouch,0.8761994021920936,0.8761994021920936,19.918333333333333,19.918333333333333
5,neck,1711,shoulder slouch,0.8761994021920936,0.8771979740457053,19.918333333333333,20.394333333333332
5,neck,1712,lumbar slouch+shoulder slouch,0.877560583731602,0.877560583731602,19.8456,19.8456
5,neck,1713,shoulder slouch,0.877560583731602,0.877560583731602,19.8456,19.8456
5,neck,1714,lumbar slouch+shoulder slouch,0.878029187378127,0.878029187378127,19.60333333333333,19.60333333333333
5,neck,1715,shoulder slouch,0.878029187378127,0.878029187378127,19.60333333333333,19.60333333333333
5,neck,1716,laying back+lumbar slouch,0.8784252689810689,0.8784252689810689,17.4805,17.4805
5,neck,1717,laying back+lumbar slouch+shoulder slouch,0.8784252689810689,0.8784252689810689,17.4805,17.4805
5,neck,1718,laying back+lumbar slouch,0.8788269290595123,0.879189539011418,16.821666666666665,17.25975
5,neck,1719,laying back+lumbar slouch+shoulder slouch,0.879189539011418,0.879189539011418,17.25975,17.25975
5,neck,1720,laying back+lumbar slouch,0.8796581426579431,0.8796581426579431,17.25375,17.25375
5,neck,1721,laying back+lumbar slouch+shoulder slouch,0.8796581426579431,0.8796581426579431,17.25375,17.25375
5,neck,1722,laying back+lumbar slouch,0.880054224260885,0.880054224260885,17.352999999999998,17.352999999999998
5,neck,1723,laying back+lumbar slouch+shoulder slouch,0.880054224260885,0.880054224260885,17.352999999999998,17.352999999999998
5,neck,1724,laying back+lumbar slouch,0.8804503058638269,0.8804503058638269,17.13325,17.13325
5,neck,1725,laying back+lumbar slouch+shoulder slouch,0.8804503058638269,0.8818170661448459,17.13325,18.2846
5,neck,1726,laying back+lumbar slouch,0.8822466193988241,0.8822466193988241,17.3655,17.3655
5,neck,1727,laying back+lumbar slouch+shoulder slouch,0.8822466193988241,0.8822466193988241,17.3655,17.3655
5,neck,1728,laying back+lumbar slouch,0.8826817513943128,0.8826817513943128,16.9575,16.9575
5,neck,1729,good+laying back+lumbar slouch,0.8831113046482909,0.8831113046482909,16.42325,16.42325
5,neck,1730,laying back+lumbar slouch,0.8831113046482909,0.8838755746786402,16.42325,16.94775
5,neck,1731,laying back+lumbar slouch+shoulder slouch,0.8838755746786402,0.8850749767044781,16.94775,19.101666666666667
5,neck,1732,shoulder slouch,0.8850749767044781,0.8850749767044781,19.101666666666667,19.101666666666667
5,neck,1733,laying back+lumbar slouch,0.8854375866563838,0.8854375866563838,20.0316,20.0316
5,neck,1734,lumbar slouch+shoulder slouch,0.8854375866563838,0.8854375866563838,20.0316,20.0316
5,neck,1735,shoulder slouch,0.8854375866563838,0.8854375866563838,20.0316,20.0316
5,neck,1736,good+laying back+lumbar slouch,0.8859675548634707,0.8859675548634707,15.61825,15.61825
5,neck,1737,laying back+lumbar slouch+shoulder slouch,0.8859675548634707,0.8863692152079231,15.61825,18.111
5,neck,1738,unknown,0.886765296544856,0.886765296544856,12.0985,12.0985
5,neck,1739,good,0.886765296544856,0.886765296544856,12.0985,12.0985
5,neck,1740,good+laying back+lumbar slouch,0.886765296544856,0.8891250502039851,12.0985,16.2735
5,neck,1741,laying back+lumbar slouch,0.8891250502039851,0.8891250502039851,16.2422,16.2422
5,neck,1742,good+laying back+lumbar slouch,0.8896271255015463,0.8914513322120781,14.85625,16.051000000000002
5,neck,1743,good+laying back,0.8918864642075668,0.8918864642075668,13.418,13.418
5,neck,1744,good+laying back+lumbar slouch,0.8918864642075668,0.8918864642075668,13.418,13.418
5,neck,1745,good+laying back,0.8922825458105088,0.8922825458105088,13.9636,13.9636
5,neck,1746,good+laying back+lumbar slouch,0.8922825458105088,0.8927511491910247,13.9636,16.43525
5,neck,1747,laying back+lumbar slouch,0.8927511491910247,0.8927511491910247,16.43525,16.43525
5,neck,1748,good+laying back+lumbar slouch,0.8932141743620481,0.8932141743620481,16.8325,16.8325
5,neck,1749,laying back+lumbar slouch,0.8932141743620481,0.8932141743620481,16.8325,16.8325
5,neck,1750,laying back+lumbar slouch+shoulder slouch,0.8932141743620481,0.8932141743620481,16.8325,16.8325
5,neck,1751,good+laying back+lumbar slouch,0.8936493060915277,0.8940453876944697,16.042,16.309333333333335
5,neck,1752,laying back+lumbar slouch,0.8940453876944697,0.8940453876944697,16.309333333333335,16.309333333333335
5,neck,1753,good+laying back+lumbar slouch,0.8945418842505203,0.8954735128020596,13.442,15.5265
5,neck,1754,laying back+lumbar slouch,0.8954735128020596,0.8954735128020596,15.5265,15.5265
5,neck,1755,laying back+lumbar slouch+shoulder slouch,0.8958751731465121,0.8958751731465121,18.64225,18.64225
5,neck,1756,lumbar slouch+shoulder slouch,0.8958751731465121,0.8963716697025627,18.64225,19.836
5,neck,1757,shoulder slouch,0.8963716697025627,0.8963716697025627,19.836,19.836
5,neck,1758,laying back+lumbar slouch+shoulder slouch,0.8968068014320423,0.8968068014320423,18.907249999999998,18.907249999999998
5,neck,1759,lumbar slouch+shoulder slouch,0.8968068014320423,0.8968068014320423,18.907249999999998,18.907249999999998
5,neck,1760,shoulder slouch,0.8968068014320423,0.8968068014320423,18.907249999999998,18.907249999999998
5,neck,1761,good+laying back+lumbar slouch,0.8972363546860205,0.8989991968359904,13.958,15.395666666666667
5,neck,1762,unknown,0.8994287500899686,0.8994287500899686,11.65,11.65
5,neck,1763,good,0.8994287500899686,0.8994287500899686,11.65,11.65
5,neck,1764,good+laying back,0.8994287500899686,0.8998973537364935,11.65,12.641666666666666
5,neck,1765,unknown,0.9002934350734264,0.9011915919739295,9.9165,10.3795
5,neck,1766,good,0.9016546168789439,0.9016546168789439,13.924,13.924
5,neck,1767,good+laying back+lumbar slouch,0.9016546168789439,0.9026197170815193,13.924,16.397
5,neck,1768,laying back+lumbar slouch+shoulder slouch,0.9026197170815193,0.9026197170815193,16.38875,16.38875
5,neck,1769,good+laying back+lumbar slouch,0.9030213774259719,0.9038860624094297,13.59,16.808
5,neck,1770,lumbar slouch+shoulder slouch,0.9038860624094297,0.9038860624094297,16.808,16.808
5,neck,1771,good+laying back+lumbar slouch,0.9043825592314892,0.9043825592314892,17.068749999999998,17.068749999999998
5,neck,1772,laying back+lumbar slouch,0.9043825592314892,0.9043825592314892,17.068749999999998,17.068749999999998
5,neck,1773,laying back+lumbar slouch+shoulder slouch,0.9043825592314892,0.9043825592314892,17.068749999999998,17.068749999999998
5,neck,1774,good+laying back+lumbar slouch,0.9048121124854674,0.9056767974689253,15.249,16.573
5,neck,1775,laying back+lumbar slouch,0.9056767974689253,0.9056767974689253,16.573,16.573
5,neck,1776,laying back+lumbar slouch+shoulder slouch,0.9056767974689253,0.9061788727664865,16.573,17.8032
5,neck,1777,good+laying back+lumbar slouch,0.9067088409735732,0.9067088409735732,16.37925,16.37925
5,neck,1778,laying back+lumbar slouch,0.9067088409735732,0.9067088409735732,16.37925,16.37925
5,neck,1779,good+laying back+lumbar slouch,0.9072053377956328,0.9072053377956328,16.342166666666667,16.342166666666667
5,neck,1780,laying back+lumbar slouch,0.9072053377956328,0.9072053377956328,16.342166666666667,16.342166666666667
5,neck,1781,good+laying back+lumbar slouch,0.9078078280463026,0.9082373813002806,15.960749999999999,16.956
5,neck,1782,laying back+lumbar slouch,0.9082373813002806,0.9082373813002806,16.956,16.956
5,neck,1783,laying back+lumbar slouch+shoulder slouch,0.9082373813002806,0.9082373813002806,16.956,16.956
5,neck,1784,good,0.9088008211584037,0.9088008211584037,14.0768,14.0768
5,neck,1785,good+laying back+lumbar slouch,0.9088008211584037,0.9088008211584037,14.0768,14.0768
5,neck,1786,good+laying back,0.9092694248049286,0.9092694248049286,13.475999999999999,13.475999999999999
5,neck,1787,good+laying back+lumbar slouch,0.9092694248049286,0.9092694248049286,13.475999999999999,13.475999999999999
5,neck,1788,unknown,0.9096989780589068,0.9096989780589068,11.7555,11.7555
5,neck,1789,good,0.9096989780589068,0.9096989780589068,11.7555,11.7555
5,neck,1790,good+laying back+lumbar slouch,0.9096989780589068,0.9096989780589068,11.7555,11.7555
5,neck,1791,unknown,0.9101341100543955,0.9155174724498943,0.304,10.728
5,neck,1792,good,0.9155174724498943,0.9155174724498943,10.728,10.728
5,neck,1793,good+laying back,0.9159135537868273,0.9159135537868273,15.72975,15.72975
5,neck,1794,good+laying back+lumbar slouch,0.9159135537868273,0.9159135537868273,15.72975,15.72975
5,neck,1795,laying back+lumbar slouch,0.9159135537868273,0.9159135537868273,15.72975,15.72975
5,neck,1796,laying back+lumbar slouch+shoulder slouch,0.9159135537868273,0.9159135537868273,15.72975,15.72975
5,neck,1797,laying back+lumbar slouch,0.9163821574333522,0.9163821574333522,20.50325,20.50325
5,neck,1798,shoulder slouch,0.9163821574333522,0.9163821574333522,20.50325,20.50325
5,neck,1799,good+laying back+lumbar slouch,0.9168117106873304,0.9168117106873304,15.758600000000001,15.758600000000001
5,neck,1800,laying back+lumbar slouch+shoulder slouch,0.9168117106873304,0.9168117106873304,15.758600000000001,15.758600000000001
5,neck,1801,good+laying back,0.9173416791604261,0.9173416791604261,13.12725,13.12725
5,neck,1802,good+laying back+lumbar slouch,0.9173416791604261,0.9177433392388696,13.022666666666666,13.12725
5,neck,1803,unknown,0.9181728924928477,0.923059758332296,6.25,11.62225
5,neck,1804,good,0.923059758332296,0.9235227832373104,11.62225,12.6165
5,neck,1805,good+laying back,0.9235227832373104,0.9235227832373104,12.6165,12.6165
5,neck,1806,good+laying back+lumbar slouch,0.9235227832373104,0.9235227832373104,12.6165,12.6165
5,neck,1807,good+laying back,0.923924443315754,0.924353996569732,12.608,13.033999999999999
5,neck,1808,good+laying back+lumbar slouch,0.924353996569732,0.924353996569732,13.033999999999999,13.033999999999999
5,neck,1809,good+laying back,0.9247891285652208,0.9247891285652208,13.0435,13.0435
5,neck,1810,good+laying back+lumbar slouch,0.9247891285652208,0.9247891285652208,13.0435,13.0435
5,neck,1811,good,0.9252856251212713,0.9252856251212713,13.025333333333334,13.025333333333334
5,neck,1812,good+laying back,0.9252856251212713,0.9252856251212713,13.025333333333334,13.025333333333334
5,neck,1813,good+laying back+lumbar slouch,0.9252856251212713,0.9289117241083108,13.025333333333334,16.78425
5,neck,1814,laying back+lumbar slouch,0.9289117241083108,0.9289117241083108,16.78425,16.78425
5,neck,1815,laying back+lumbar slouch+shoulder slouch,0.9289117241083108,0.9289117241083108,16.78425,16.78425
5,neck,1816,good+laying back+lumbar slouch,0.929341277362289,0.929341277362289,16.798,16.798
5,neck,1817,laying back+lumbar slouch,0.929341277362289,0.929341277362289,16.798,16.798
5,neck,1818,good+laying back+lumbar slouch,0.9297708306162672,0.9297708306162672,15.4192,15.4192
5,neck,1819,unknown,0.9302394342627921,0.9302394342627921,9.865666666666666,9.865666666666666
5,neck,1820,good,0.9302394342627921,0.9302394342627921,9.865666666666666,9.865666666666666
5,neck,1821,unknown,0.9306689875167702,0.9306689875167702,8.5628,8.5628
5,neck,1822,good,0.9312045344653676,0.9312045344653676,14.86875,14.86875
5,neck,1823,good+laying back+lumbar slouch,0.9312045344653676,0.9312045344653676,14.86875,14.86875
5,neck,1824,laying back+lumbar slouch,0.9312045344653676,0.9312045344653676,14.86875,14.86875
5,neck,1825,good,0.9316006160683096,0.9316006160683096,13.908666666666667,13.908666666666667
5,neck,1826,good+laying back+lumbar slouch,0.9316006160683096,0.9316006160683096,13.908666666666667,13.908666666666667
5,neck,1827,unknown,0.932002276146753,0.932002276146753,11.3446,11.3446
5,neck,1828,good,0.932002276146753,0.932002276146753,11.3446,11.3446
5,neck,1829,good+laying back,0.932002276146753,0.932002276146753,11.3446,11.3446
5,neck,1830,unknown,0.9325322446198488,0.9351262998362313,7.954,9.4374
5,neck,1831,good,0.9351262998362313,0.9355558530902095,9.37525,13.5452
5,neck,1832,good+laying back+lumbar slouch,0.9355558530902095,0.936917034895727,13.5452,16.468600000000002
5,neck,1833,laying back+lumbar slouch,0.936917034895727,0.9373856385422519,16.468600000000002,17.35425
5,neck,1834,laying back+lumbar slouch+shoulder slouch,0.9373856385422519,0.9373856385422519,17.35425,17.35425
5,neck,1835,laying back+lumbar slouch,0.9378486634472663,0.9378486634472663,17.38975,17.38975
5,neck,1836,laying back+lumbar slouch+shoulder slouch,0.9378486634472663,0.9383172670937912,17.38975,17.43525
5,neck,1837,laying back+lumbar slouch,0.9387468203477694,0.9387468203477694,17.57825,17.57825
5,neck,1838,laying back+lumbar slouch+shoulder slouch,0.9387468203477694,0.9396115053312272,17.57825,18.109
5,neck,1839,laying back+lumbar slouch,0.9400410585852053,0.9400410585852053,17.726399999999998,17.726399999999998
5,neck,1840,laying back+lumbar slouch+shoulder slouch,0.9400410585852053,0.9400410585852053,17.726399999999998,17.726399999999998
5,neck,1841,lumbar slouch+shoulder slouch,0.9400410585852053,0.9400410585852053,17.726399999999998,17.726399999999998
5,neck,1842,good+laying back+lumbar slouch,0.9405096622317303,0.9409392154857084,16.34075,16.89425
5,neck,1843,laying back+lumbar slouch,0.9409392154857084,0.9409392154857084,16.89425,16.89425
5,neck,1844,laying back+lumbar slouch+shoulder slouch,0.9409392154857084,0.9409392154857084,16.89425,16.89425
5,neck,1845,good+laying back+lumbar slouch,0.9414412907832695,0.9414412907832695,16.3158,16.3158
5,neck,1846,laying back+lumbar slouch,0.9414412907832695,0.9414412907832695,16.3158,16.3158
5,neck,1847,good+laying back+lumbar slouch,0.9419377873393201,0.942333868942262,16.34225,16.375333333333334
5,neck,1848,laying back+lumbar slouch+shoulder slouch,0.9427355292867146,0.9427355292867146,17.909333333333333,17.909333333333333
5,neck,1849,laying back+lumbar slouch,0.9431650825406928,0.9431650825406928,17.3374,17.3374
5,neck,1850,laying back+lumbar slouch+shoulder slouch,0.9431650825406928,0.9431650825406928,17.3374,17.3374
5,neck,1851,good+laying back+lumbar slouch,0.9436336859212086,0.9444983711706755,14.322,15.407
5,neck,1852,unknown,0.9449279244246537,0.9449279244246537,10.8884,10.8884
5,neck,1853,good,0.9449279244246537,0.9449279244246537,10.8884,10.8884
5,neck,1854,good+laying back+lumbar slouch,0.9449279244246537,0.9449279244246537,10.8884,10.8884
5,neck,1855,unknown,0.9454578926317404,0.9494800732217218,6.399333333333333,10.71975
5,neck,1856,good,0.9494800732217218,0.9494800732217218,10.71975,10.71975
5,neck,1857,good+laying back,0.9499152052172105,0.9503447584711887,12.58175,12.888666666666667
5,neck,1858,good+laying back+lumbar slouch,0.9503447584711887,0.9507464185496322,12.888666666666667,16.64675
5,neck,1859,laying back+lumbar slouch,0.9507464185496322,0.9507464185496322,16.64675,16.64675
5,neck,1860,laying back+lumbar slouch+shoulder slouch,0.9507464185496322,0.9525371536091278,16.64675,20.75
5,neck,1861,shoulder slouch,0.9525371536091278,0.9530057572556527,20.511400000000002,20.75
5,neck,1862,laying back+lumbar slouch+shoulder slouch,0.9536361406818571,0.9536361406818571,19.3385,19.3385
5,neck,1863,lumbar slouch+shoulder slouch,0.9536361406818571,0.9536361406818571,19.3385,19.3385
5,neck,1864,shoulder slouch,0.9536361406818571,0.9536361406818571,19.3385,19.3385
5,neck,1865,laying back+lumbar slouch+shoulder slouch,0.9540991655868715,0.9546012408844327,18.675800000000002,19.3795
5,neck,1866,lumbar slouch+shoulder slouch,0.9546012408844327,0.9546012408844327,19.3795,19.3795
5,neck,1867,shoulder slouch,0.9546012408844327,0.9546012408844327,19.3795,19.3795
5,neck,1868,lumbar slouch+shoulder slouch,0.9550307941384107,0.9550307941384107,19.793333333333333,19.793333333333333
5,neck,1869,shoulder slouch,0.9550307941384107,0.9550307941384107,19.793333333333333,19.793333333333333
5,neck,1870,laying back+lumbar slouch+shoulder slouch,0.9554324542168542,0.9554324542168542,18.9815,18.9815
5,neck,1871,shoulder slouch,0.9554324542168542,0.9554324542168542,18.9815,18.9815
5,neck,1872,good+laying back+lumbar slouch,0.9558620074708324,0.9558620074708324,16.65675,16.65675
5,neck,1873,laying back+lumbar slouch,0.9558620074708324,0.9558620074708324,16.65675,16.65675
5,neck,1874,laying back+lumbar slouch+shoulder slouch,0.9558620074708324,0.9563306111173573,16.65675,18.8966
5,neck,1875,shoulder slouch,0.9563306111173573,0.9563306111173573,18.8966,18.8966
5,neck,1876,laying back+lumbar slouch+shoulder slouch,0.9567936360223717,0.9567936360223717,19.119,19.119
5,neck,1877,lumbar slouch+shoulder slouch,0.9567936360223717,0.9567936360223717,19.119,19.119
5,neck,1878,laying back+lumbar slouch+shoulder slouch,0.957256660927386,0.957256660927386,19.07375,19.07375
5,neck,1879,lumbar slouch+shoulder slouch,0.957256660927386,0.957256660927386,19.07375,19.07375
5,neck,1880,good+laying back+lumbar slouch,0.9576917929228748,0.9576917929228748,18.244,18.244
5,neck,1881,laying back+lumbar slouch+shoulder slouch,0.9576917929228748,0.9576917929228748,18.244,18.244
5,neck,1882,good+laying back+lumbar slouch,0.9581882894789253,0.9599176597118501,14.6325,16.862
5,neck,1883,laying back+lumbar slouch,0.9599176597118501,0.9599176597118501,16.862,16.862
5,neck,1884,laying back+lumbar slouch+shoulder slouch,0.9599176597118501,0.9599176597118501,16.862,16.862
5,neck,1885,laying back+lumbar slouch,0.9603472129658281,0.9603472129658281,17.0708,17.0708
5,neck,1886,good+laying back+lumbar slouch,0.9608158166123532,0.9625786584963141,14.5195,16.282
5,neck,1887,good,0.9630416834013283,0.9630416834013283,12.466,12.466
5,neck,1888,good+laying back,0.9630416834013283,0.9630416834013283,12.466,12.466
5,neck,1889,good+laying back+lumbar slouch,0.9630416834013283,0.9634712366553065,12.466,16.2982
5,neck,1890,laying back+lumbar slouch+shoulder slouch,0.9634712366553065,0.9639398403018314,16.2982,18.065333333333335
5,neck,1891,good+laying back+lumbar slouch,0.9643359219047735,0.9643359219047735,16.5366,16.5366
5,neck,1892,laying back+lumbar slouch,0.9643359219047735,0.9643359219047735,16.5366,16.5366
5,neck,1893,good+laying back+lumbar slouch,0.9648379972023345,0.9657026821857924,14.666666666666668,16.06225
5,neck,1894,laying back+lumbar slouch,0.9657026821857924,0.9657026821857924,15.4434,15.4434
5,neck,1895,unknown,0.9661657073568158,0.9661657073568158,14.22325,14.22325
5,neck,1896,good+laying back+lumbar slouch,0.9661657073568158,0.9661657073568158,14.22325,14.22325
5,neck,1897,laying back+lumbar slouch,0.9661657073568158,0.9661657073568158,14.22325,14.22325
5,neck,1898,unknown,0.9666622039128664,0.968391574145791,4.7005,10.8575
5,neck,1899,good+laying back,0.968391574145791,0.968391574145791,10.8575,10.8575
5,neck,1900,good,0.9688545990508054,0.9688545990508054,12.71125,12.71125
5,neck,1901,good+laying back,0.9688545990508054,0.9688545990508054,12.71125,12.71125
5,neck,1902,good+laying back+lumbar slouch,0.9688545990508054,0.9688545990508054,12.71125,12.71125
5,neck,1903,unknown,0.9692897310462941,0.9692897310462941,10.596499999999999,10.596499999999999
5,neck,1904,good,0.9692897310462941,0.9692897310462941,10.596499999999999,10.596499999999999
5,neck,1905,unknown,0.9697862276023447,0.971052572930255,7.25925,9.48125
5,neck,1906,good+laying back,0.9715490694863056,0.9715490694863056,14.445,14.445
5,neck,1907,good+laying back+lumbar slouch,0.9715490694863056,0.9719507298307581,14.445,16.5476
5,neck,1908,laying back+lumbar slouch,0.9719507298307581,0.9719507298307581,16.5476,16.5476
5,neck,1909,laying back+lumbar slouch+shoulder slouch,0.9719507298307581,0.9719507298307581,16.5476,16.5476
5,neck,1910,good+laying back+lumbar slouch,0.9724137547357725,0.9728767796407869,13.936250000000001,14.15025
5,neck,1911,unknown,0.9733119116362756,0.9733119116362756,11.7855,11.7855
5,neck,1912,good,0.9733119116362756,0.9733119116362756,11.7855,11.7855
5,neck,1913,good+laying back+lumbar slouch,0.9733119116362756,0.9733119116362756,11.7855,11.7855
5,neck,1914,unknown,0.97377493654129,0.97377493654129,11.195,11.195
5,neck,1915,good,0.9742435401878149,0.9742435401878149,12.751,12.751
5,neck,1916,good+laying back,0.9742435401878149,0.9742435401878149,12.751,12.751
5,neck,1917,good+laying back+lumbar slouch,0.9742435401878149,0.9742435401878149,12.751,12.751
5,neck,1918,good+laying back,0.974673093441793,0.974673093441793,12.883333333333333,12.883333333333333
5,neck,1919,good+laying back+lumbar slouch,0.974673093441793,0.9761012185493829,12.883333333333333,15.6148
5,neck,1920,good+laying back,0.9765028786278264,0.9765028786278264,12.8155,12.8155
5,neck,1921,good+laying back+lumbar slouch,0.9765028786278264,0.9765028786278264,12.8155,12.8155
5,neck,1922,good,0.9768989602307683,0.9768989602307683,12.733333333333333,12.733333333333333
5,neck,1923,good+laying back+lumbar slouch,0.9768989602307683,0.9768989602307683,12.733333333333333,12.733333333333333
5,neck,1924,unknown,0.9773006205752208,0.9773006205752208,14.563749999999999,14.563749999999999
5,neck,1925,good+laying back+lumbar slouch,0.9773006205752208,0.9773006205752208,14.563749999999999,14.563749999999999
5,neck,1926,unknown,0.977730173829199,0.9786618021147292,9.4565,12.006
5,neck,1927,good,0.9786618021147292,0.9786618021147292,12.006,12.006
5,neck,1928,good+laying back,0.9786618021147292,0.9790913553687074,12.006,12.9046
5,neck,1929,good+laying back+lumbar slouch,0.9790913553687074,0.9790913553687074,12.9046,12.9046
5,neck,1930,good,0.9795599590152323,0.9795599590152323,12.377666666666666,12.377666666666666
5,neck,1931,good+laying back+lumbar slouch,0.9795599590152323,0.9795599590152323,12.377666666666666,12.377666666666666
5,neck,1932,good,0.9799560406181742,0.9799560406181742,12.291,12.291
5,neck,1933,good+laying back,0.9799560406181742,0.9799560406181742,12.291,12.291
5,neck,1934,unknown,0.9804246442646992,0.9804246442646992,12.1288,12.1288
5,neck,1935,good,0.9804246442646992,0.9804246442646992,12.1288,12.1288
5,neck,1936,good+laying back,0.9804246442646992,0.9808876691697136,12.1288,12.603
5,neck,1937,good,0.9813228008991932,0.9813228008991932,12.0312,12.0312
5,neck,1938,good+laying back,0.9813228008991932,0.9813228008991932,12.0312,12.0312
5,neck,1939,good,0.9817858260702166,0.9830800643076526,11.716666666666667,12.3518
5,neck,1940,good+laying back+lumbar slouch,0.9830800643076526,0.9871022448976341,12.3518,14.555
5,neck,1941,good+laying back,0.987570848544159,0.987570848544159,12.8352,12.8352
5,neck,1942,good+laying back+lumbar slouch,0.987570848544159,0.987570848544159,12.8352,12.8352
5,neck,1943,good+laying back,0.9880338734491734,0.9880338734491734,12.592,12.592
5,neck,1944,unknown,0.9884299550521153,0.9884299550521153,11.4564,11.4564
5,neck,1945,good,0.9884299550521153,0.9884299550521153,11.4564,11.4564
5,neck,1946,good+laying back,0.9884299550521153,0.9884299550521153,11.4564,11.4564
5,neck,1947,unknown,0.9889320303496764,0.9902262685871124,8.470333333333333,10.794
5,neck,1948,good+laying back,0.9902262685871124,0.9902262685871124,10.794,10.794
5,neck,1949,unknown,0.9906279289315649,0.9915874503926299,9.937000000000001,11.56975
5,neck,1950,good+laying back,0.9915874503926299,0.9915874503926299,11.56975,11.56975
5,neck,1951,unknown,0.9919891107370824,0.9919891107370824,9.922,9.922
5,neck,1952,good,0.9919891107370824,0.9919891107370824,9.922,9.922
5,neck,1953,unknown,0.9923851923400243,1,1.46,9.626999999999999
6,lower_back,0,good+neck slouch,0,0,2.4471666666666665,2.4471666666666665
6,lower_back,1,good+neck slouch+shoulder slouch,0,0,2.4471666666666665,2.4471666666666665
6,lower_back,2,unknown,6.98343529037237e-4,6.98343529037237e-4,0.3965,0.3965
6,lower_back,3,neck slouch,6.98343529037237e-4,6.98343529037237e-4,0.3965,0.3965
6,lower_back,4,good+neck slouch,6.98343529037237e-4,6.98343529037237e-4,0.3965,0.3965
6,lower_back,5,good+neck slouch+shoulder slouch,0.0013296461432221588,0.0013296461432221588,4.221,4.221
6,lower_back,6,neck slouch+shoulder slouch,0.0013296461432221588,0.0013296461432221588,4.221,4.221
6,lower_back,7,shoulder slouch,0.00186597399483451,0.00186597399483451,7.6784,7.6784
6,lower_back,8,good+neck slouch,0.002396714970344044,0.002396714970344044,6.230857142857143,6.230857142857143
6,lower_back,9,good+neck slouch+shoulder slouch,0.002396714970344044,0.002396714970344044,6.230857142857143,6.230857142857143
6,lower_back,10,shoulder slouch,0.002396714970344044,0.002396714970344044,6.230857142857143,6.230857142857143
6,lower_back,11,unknown,0.003262661052908984,0.003262661052908984,-3.4596666666666667,-3.4596666666666667
6,lower_back,12,neck slouch,0.003262661052908984,0.003262661052908984,-3.4596666666666667,-3.4596666666666667
6,lower_back,13,unknown,0.003927484124520064,0.015011592702646102,-7.2082,0.45416666666666666
6,lower_back,14,neck slouch,0.015011592702646102,0.015575854135581792,0.45416666666666666,0.787
6,lower_back,15,good+neck slouch,0.015575854135581792,0.01767647159879632,0.787,2.6146666666666665
6,lower_back,16,good+neck slouch+shoulder slouch,0.01767647159879632,0.02293360160014163,2.6146666666666665,4.7122
6,lower_back,17,neck slouch+shoulder slouch,0.02346434257565116,0.02459845258402228,5.006,5.2051428571428575
6,lower_back,18,shoulder slouch,0.02459845258402228,0.02459845258402228,5.2051428571428575,5.2051428571428575
6,lower_back,19,neck slouch+shoulder slouch,0.02533031657048567,0.02533031657048567,5.0282,5.0282
6,lower_back,20,shoulder slouch,0.02533031657048567,0.02533031657048567,5.0282,5.0282
6,lower_back,21,neck slouch+shoulder slouch,0.025928098727244435,0.025928098727244435,5.6524,5.6524
6,lower_back,22,shoulder slouch,0.025928098727244435,0.025928098727244435,5.6524,5.6524
6,lower_back,23,neck slouch,0.02645883970275397,0.02645883970275397,1.1492,1.1492
6,lower_back,24,good+neck slouch,0.02645883970275397,0.02645883970275397,1.1492,1.1492
6,lower_back,25,good+neck slouch+shoulder slouch,0.02645883970275397,0.02645883970275397,1.1492,1.1492
6,lower_back,26,neck slouch,0.027062208469218637,0.027062208469218637,1.0526,1.0526
6,lower_back,27,good+neck slouch,0.027062208469218637,0.02952596462081191,0.9777999999999999,1.9411666666666667
6,lower_back,28,unknown,0.0300902260537476,0.0300902260537476,0.7798333333333334,0.7798333333333334
6,lower_back,29,good+neck slouch,0.0300902260537476,0.0300902260537476,0.7798333333333334,0.7798333333333334
6,lower_back,30,unknown,0.03068800821050637,0.031352831282117445,-0.9758333333333333,-0.2785
6,lower_back,31,neck slouch,0.03208469526858084,0.03208469526858084,0.6482,0.6482
6,lower_back,32,good+neck slouch,0.03208469526858084,0.03485013553700953,0.6482,2.4581666666666666
6,lower_back,33,good+neck slouch+shoulder slouch,0.03551495860862061,0.039341881094465285,2.6622,4.094857142857143
6,lower_back,34,good+neck slouch,0.04007374508092868,0.04007374508092868,1.7810000000000001,1.7810000000000001
6,lower_back,35,good+neck slouch+shoulder slouch,0.04007374508092868,0.04007374508092868,1.7810000000000001,1.7810000000000001
6,lower_back,36,good+neck slouch,0.040671527237687445,0.040671527237687445,2.774,2.774
6,lower_back,37,good+neck slouch+shoulder slouch,0.040671527237687445,0.04180563697966165,2.774,4.6628
6,lower_back,38,neck slouch+shoulder slouch,0.0423363782215681,0.043537529144791524,4.8778,5.0296
6,lower_back,39,good+neck slouch+shoulder slouch,0.04413531103515338,0.04413531103515338,4.9288,4.9288
6,lower_back,40,neck slouch+shoulder slouch,0.04413531103515338,0.04413531103515338,4.9288,4.9288
6,lower_back,41,good+neck slouch+shoulder slouch,0.044699572734485986,0.044699572734485986,3.8838333333333335,3.8838333333333335
6,lower_back,42,neck slouch+shoulder slouch,0.044699572734485986,0.044699572734485986,3.8838333333333335,3.8838333333333335
6,lower_back,43,good+neck slouch,0.04529735462484783,0.04529735462484783,2.9956666666666667,2.9956666666666667
6,lower_back,44,good+neck slouch+shoulder slouch,0.04529735462484783,0.04816335653195191,2.9956666666666667,4.7858
6,lower_back,45,neck slouch+shoulder slouch,0.04816335653195191,0.0493924413028956,4.7858,5.1903749999999995
6,lower_back,46,shoulder slouch,0.0493924413028956,0.05022486666163747,5.1903749999999995,5.35175
6,lower_back,47,good+neck slouch+shoulder slouch,0.05072208717972084,0.052655102089407664,3.8068333333333335,4.566428571428571
6,lower_back,48,neck slouch+shoulder slouch,0.052655102089407664,0.052655102089407664,4.566428571428571,4.566428571428571
6,lower_back,49,good+neck slouch+shoulder slouch,0.053454007257120295,0.05415235078615753,3.991142857142857,4.704428571428571
6,lower_back,50,neck slouch+shoulder slouch,0.05415235078615753,0.05415235078615753,4.704428571428571,4.704428571428571
6,lower_back,51,shoulder slouch,0.05415235078615753,0.05415235078615753,4.704428571428571,4.704428571428571
6,lower_back,52,good+neck slouch+shoulder slouch,0.05491773523004708,0.055515517386805845,4.5528,4.767
6,lower_back,53,neck slouch+shoulder slouch,0.055515517386805845,0.055515517386805845,4.767,4.767
6,lower_back,54,shoulder slouch,0.05608536569584435,0.05724740928553881,5.25975,5.9235
6,lower_back,55,good+neck slouch,0.057811670718474505,0.057811670718474505,3.042,3.042
6,lower_back,56,good+neck slouch+shoulder slouch,0.057811670718474505,0.057811670718474505,3.042,3.042
6,lower_back,57,neck slouch,0.05834799857008685,0.05834799857008685,0.503,0.503
6,lower_back,58,good+neck slouch,0.05834799857008685,0.06194027785394843,0.503,2.4492857142857143
6,lower_back,59,good+neck slouch+shoulder slouch,0.06194027785394843,0.06826447668241561,2.4492857142857143,4.854625
6,lower_back,60,neck slouch+shoulder slouch,0.06826447668241561,0.06976172537916547,4.854625,5.152833333333334
6,lower_back,61,shoulder slouch,0.07032598681210117,0.07878432356120905,5.2787500000000005,8.516166666666667
6,lower_back,62,unknown,0.07941562617539397,0.07941562617539397,9.416166666666667,9.416166666666667
6,lower_back,63,lumbar slouch,0.07941562617539397,0.08114751807412694,9.416166666666667,10.115666666666666
6,lower_back,64,unknown,0.08177882068831185,0.08177882068831185,9.982199999999999,9.982199999999999
6,lower_back,65,lumbar slouch,0.08177882068831185,0.08177882068831185,9.982199999999999,9.982199999999999
6,lower_back,66,good+neck slouch+shoulder slouch,0.08234308238764447,0.08234308238764447,4.553125,4.553125
6,lower_back,67,shoulder slouch,0.08234308238764447,0.08234308238764447,4.553125,4.553125
6,lower_back,68,good+neck slouch+shoulder slouch,0.08320902820381249,0.08320902820381249,5.6888000000000005,5.6888000000000005
6,lower_back,69,neck slouch+shoulder slouch,0.08320902820381249,0.08320902820381249,5.6888000000000005,5.6888000000000005
6,lower_back,70,shoulder slouch,0.08320902820381249,0.08384033081799741,5.6888000000000005,6.646833333333333
6,lower_back,71,neck slouch+shoulder slouch,0.08447163343218234,0.08447163343218234,5.2286,5.2286
6,lower_back,72,shoulder slouch,0.08447163343218234,0.1016788178278217,5.2286,8.888625000000001
6,lower_back,73,unknown,0.1016788178278217,0.1016788178278217,8.888625000000001,8.888625000000001
6,lower_back,74,shoulder slouch,0.1025782843678128,0.11156736235882712,7.206166666666666,8.809333333333333
6,lower_back,75,unknown,0.11156736235882712,0.11223218543043821,8.809333333333333,9.310857142857143
6,lower_back,76,lumbar slouch,0.11223218543043821,0.11223218543043821,9.310857142857143,9.310857142857143
6,lower_back,77,unknown,0.11299756987432776,0.11299756987432776,9.3712,9.3712
6,lower_back,78,lumbar slouch,0.11299756987432776,0.11299756987432776,9.3712,9.3712
6,lower_back,79,unknown,0.11352831084983729,0.11519316183371794,8.9262,9.62657142857143
6,lower_back,80,lumbar slouch,0.11519316183371794,0.14255146807646302,9.62657142857143,18.0132
6,lower_back,81,shoulder slouch,0.14322187775778,0.14322187775778,11.882,11.882
6,lower_back,82,lumbar slouch,0.14322187775778,0.14322187775778,11.882,11.882
6,lower_back,83,neck slouch,0.14371909827586338,0.14371909827586338,3.4643333333333333,3.4643333333333333
6,lower_back,84,good+neck slouch,0.14371909827586338,0.14371909827586338,3.4643333333333333,3.4643333333333333
6,lower_back,85,good+neck slouch+shoulder slouch,0.14371909827586338,0.14371909827586338,3.4643333333333333,3.4643333333333333
6,lower_back,86,neck slouch+shoulder slouch,0.14371909827586338,0.14371909827586338,3.4643333333333333,3.4643333333333333
6,lower_back,87,shoulder slouch,0.14371909827586338,0.14371909827586338,3.4643333333333333,3.4643333333333333
6,lower_back,88,unknown,0.14431688043262214,0.15030587442043084,-7.012428571428572,-2.0986000000000002
6,lower_back,89,neck slouch,0.15104332528299705,0.15104332528299705,2.1438571428571427,2.1438571428571427
6,lower_back,90,good+neck slouch,0.15104332528299705,0.15104332528299705,2.1438571428571427,2.1438571428571427
6,lower_back,91,good+neck slouch+shoulder slouch,0.15104332528299705,0.15184223018431275,2.1438571428571427,5.356
6,lower_back,92,shoulder slouch,0.15184223018431275,0.15363557638819214,5.356,9.1085
6,lower_back,93,unknown,0.15363557638819214,0.15363557638819214,9.1085,9.1085
6,lower_back,94,lumbar slouch,0.15363557638819214,0.16541802849535542,9.1085,16.439333333333334
6,lower_back,95,shoulder slouch,0.1663845359501988,0.1663845359501988,9.1704,9.1704
6,lower_back,96,lumbar slouch,0.1663845359501988,0.1663845359501988,9.1704,9.1704
6,lower_back,97,good+neck slouch,0.1669487973831345,0.1669487973831345,2.6365,2.6365
6,lower_back,98,good+neck slouch+shoulder slouch,0.1669487973831345,0.1669487973831345,2.6365,2.6365
6,lower_back,99,unknown,0.16764714091217175,0.16764714091217175,1.1856666666666666,1.1856666666666666
6,lower_back,100,neck slouch,0.16764714091217175,0.16764714091217175,1.1856666666666666,1.1856666666666666
6,lower_back,101,good+neck slouch,0.16764714091217175,0.16764714091217175,1.1856666666666666,1.1856666666666666
6,lower_back,102,good+neck slouch+shoulder slouch,0.16764714091217175,0.17540154752253648,1.1856666666666666,4.743
6,lower_back,103,neck slouch+shoulder slouch,0.17540154752253648,0.17620045269024912,4.743,5.208600000000001
6,lower_back,104,shoulder slouch,0.17620045269024912,0.17723400105994483,5.208600000000001,8.742714285714285
6,lower_back,105,unknown,0.17723400105994483,0.17723400105994483,8.742714285714285,8.742714285714285
6,lower_back,106,lumbar slouch,0.17723400105994483,0.19484343147749192,8.742714285714285,15.6884
6,lower_back,107,shoulder slouch,0.19547473409167684,0.19547473409167684,12.420166666666667,12.420166666666667
6,lower_back,108,lumbar slouch,0.19547473409167684,0.19547473409167684,12.420166666666667,12.420166666666667
6,lower_back,109,shoulder slouch,0.19613955689689103,0.19613955689689103,6.0175,6.0175
6,lower_back,110,good+neck slouch+shoulder slouch,0.19667029813879747,0.19667029813879747,5.007142857142857,5.007142857142857
6,lower_back,111,neck slouch+shoulder slouch,0.19667029813879747,0.19667029813879747,5.007142857142857,5.007142857142857
6,lower_back,112,shoulder slouch,0.19667029813879747,0.19667029813879747,5.007142857142857,5.007142857142857
6,lower_back,113,good+neck slouch+shoulder slouch,0.197435682582687,0.19800553089172554,4.3124,4.6818888888888885
6,lower_back,114,neck slouch+shoulder slouch,0.19800553089172554,0.19903349265171535,4.6818888888888885,5.1626
6,lower_back,115,shoulder slouch,0.19903349265171535,0.20132964624978092,5.1626,6.9652
6,lower_back,116,good+neck slouch+shoulder slouch,0.20189949455881942,0.20189949455881942,5.076666666666666,5.076666666666666
6,lower_back,117,neck slouch+shoulder slouch,0.20189949455881942,0.20189949455881942,5.076666666666666,5.076666666666666
6,lower_back,118,shoulder slouch,0.20189949455881942,0.20189949455881942,5.076666666666666,5.076666666666666
6,lower_back,119,good+neck slouch+shoulder slouch,0.2025643173640336,0.2025643173640336,4.6318,4.6318
6,lower_back,120,neck slouch+shoulder slouch,0.2025643173640336,0.2025643173640336,4.6318,4.6318
6,lower_back,121,good+neck slouch+shoulder slouch,0.20316209952079237,0.20316209952079237,5.221166666666667,5.221166666666667
6,lower_back,122,shoulder slouch,0.20316209952079237,0.20841922952213768,5.221166666666667,8.709666666666667
6,lower_back,123,unknown,0.20902259855499924,0.21021816260211987,8.89475,9.28
6,lower_back,124,lumbar slouch,0.21021816260211987,0.21138579306791713,9.28,9.517
6,lower_back,125,unknown,0.21184949312857435,0.21184949312857435,9.27825,9.27825
6,lower_back,126,lumbar slouch,0.21184949312857435,0.21184949312857435,9.27825,9.27825
6,lower_back,127,shoulder slouch,0.21231319318923159,0.21231319318923159,8.629714285714286,8.629714285714286
6,lower_back,128,unknown,0.21231319318923159,0.21231319318923159,8.629714285714286,8.629714285714286
6,lower_back,129,shoulder slouch,0.21304505717569497,0.21417916718406607,8.338799999999999,8.9022
6,lower_back,130,unknown,0.21417916718406607,0.21417916718406607,8.9022,8.9022
6,lower_back,131,lumbar slouch,0.21417916718406607,0.21601162045507752,8.9022,10.479800000000001
6,lower_back,132,unknown,0.21654236169698396,0.21654236169698396,9.6405,9.6405
6,lower_back,133,lumbar slouch,0.21654236169698396,0.21654236169698396,9.6405,9.6405
6,lower_back,134,unknown,0.2170060617576412,0.2170060617576412,9.422571428571429,9.422571428571429
6,lower_back,135,lumbar slouch,0.2170060617576412,0.2170060617576412,9.422571428571429,9.422571428571429
6,lower_back,136,shoulder slouch,0.21777144620153074,0.21777144620153074,9.365833333333333,9.365833333333333
6,lower_back,137,unknown,0.21777144620153074,0.21777144620153074,9.365833333333333,9.365833333333333
6,lower_back,138,lumbar slouch,0.21777144620153074,0.21777144620153074,9.365833333333333,9.365833333333333
6,lower_back,139,shoulder slouch,0.2184753763402739,0.22150339392480284,8.158142857142858,8.835
6,lower_back,140,unknown,0.22150339392480284,0.2237325066080161,8.835,9.3318
6,lower_back,141,lumbar slouch,0.2237325066080161,0.22482750928285825,9.3318,9.5404
6,lower_back,142,shoulder slouch,0.22536383713447058,0.22536383713447058,8.1222,8.1222
6,lower_back,143,unknown,0.22536383713447058,0.22536383713447058,8.1222,8.1222
6,lower_back,144,lumbar slouch,0.22536383713447058,0.22536383713447058,8.1222,8.1222
6,lower_back,145,unknown,0.22592809856740628,0.22592809856740628,3.5505999999999998,3.5505999999999998
6,lower_back,146,good+neck slouch,0.22592809856740628,0.22592809856740628,3.5505999999999998,3.5505999999999998
6,lower_back,147,good+neck slouch+shoulder slouch,0.22592809856740628,0.22592809856740628,3.5505999999999998,3.5505999999999998
6,lower_back,148,shoulder slouch,0.22592809856740628,0.22592809856740628,3.5505999999999998,3.5505999999999998
6,lower_back,149,unknown,0.22645883980931272,0.25515237853858896,-22.996166666666667,-3.2958333333333334
6,lower_back,150,good+neck slouch,0.25515237853858896,0.25515237853858896,-3.2958333333333334,-3.2958333333333334
6,lower_back,151,good+neck slouch+shoulder slouch,0.2558842425250523,0.2558842425250523,6.6941999999999995,6.6941999999999995
6,lower_back,152,shoulder slouch,0.2558842425250523,0.2570127656573206,6.143166666666667,7.23
6,lower_back,153,neck slouch+shoulder slouch,0.2576496551476084,0.2576496551476084,5.14725,5.14725
6,lower_back,154,shoulder slouch,0.2576496551476084,0.2576496551476084,5.14725,5.14725
6,lower_back,155,neck slouch+shoulder slouch,0.2581133552082656,0.2581133552082656,4.979,4.979
6,lower_back,156,good+neck slouch+shoulder slouch,0.25864409618377515,0.25864409618377515,4.8198,4.8198
6,lower_back,157,neck slouch+shoulder slouch,0.25864409618377515,0.25864409618377515,4.8198,4.8198
6,lower_back,158,good+neck slouch+shoulder slouch,0.25921394449281365,0.2606106315508881,4.705,4.847666666666667
6,lower_back,159,neck slouch+shoulder slouch,0.2606106315508881,0.26177267514058256,4.847666666666667,5.2568
6,lower_back,160,shoulder slouch,0.26177267514058256,0.2652699796618716,5.2568,9.1396
6,lower_back,161,unknown,0.2652699796618716,0.2652699796618716,9.1396,9.1396
6,lower_back,162,lumbar slouch,0.2652699796618716,0.27152713757548647,9.1396,10.2655
6,lower_back,163,shoulder slouch,0.2722254811045237,0.2722254811045237,8.52,8.52
6,lower_back,164,unknown,0.2722254811045237,0.2728567837187086,8.52,9.4658
6,lower_back,165,lumbar slouch,0.2728567837187086,0.27665018574712713,9.4658,9.736
6,lower_back,166,shoulder slouch,0.2772535545135918,0.2772535545135918,9.397142857142857,9.397142857142857
6,lower_back,167,unknown,0.2772535545135918,0.2772535545135918,9.397142857142857,9.397142857142857
6,lower_back,168,lumbar slouch,0.2772535545135918,0.2772535545135918,9.397142857142857,9.397142857142857
6,lower_back,169,shoulder slouch,0.27801893922387827,0.27801893922387827,9.117666666666667,9.117666666666667
6,lower_back,170,unknown,0.27801893922387827,0.27801893922387827,9.117666666666667,9.117666666666667
6,lower_back,171,lumbar slouch,0.27801893922387827,0.2792145032709989,9.117666666666667,9.5166
6,lower_back,172,unknown,0.2797787647039346,0.2797787647039346,9.467749999999999,9.467749999999999
6,lower_back,173,lumbar slouch,0.2797787647039346,0.2797787647039346,9.467749999999999,9.467749999999999
6,lower_back,174,unknown,0.2802480516406946,0.2802480516406946,9.2218,9.2218
6,lower_back,175,lumbar slouch,0.2802480516406946,0.2802480516406946,9.2218,9.2218
6,lower_back,176,unknown,0.2808123133400272,0.2808123133400272,9.337,9.337
6,lower_back,177,lumbar slouch,0.2808123133400272,0.2808123133400272,9.337,9.337
6,lower_back,178,unknown,0.28134305431553674,0.2829073439271389,9.2595,9.3438
6,lower_back,179,lumbar slouch,0.2829073439271389,0.37856364704332884,9.3438,16.971333333333334
6,lower_back,180,unknown,0.37949663404074613,0.37949663404074613,9.629666666666667,9.629666666666667
6,lower_back,181,lumbar slouch,0.37949663404074613,0.37949663404074613,9.629666666666667,9.629666666666667
6,lower_back,182,unknown,0.38012793665493105,0.38012793665493105,10.667,10.667
6,lower_back,183,lumbar slouch,0.38012793665493105,0.41111762898227283,10.667,17.9792
6,lower_back,184,unknown,0.41181597251131,0.4194698174829994,18.985142857142858,23.6688
6,lower_back,185,lumbar slouch,0.4202016817358597,0.4202016817358597,18.8098,18.8098
6,lower_back,186,unknown,0.4202016817358597,0.4202016817358597,18.8098,18.8098
6,lower_back,187,lumbar slouch,0.4207715300448982,0.42353138370362103,18.341857142857144,18.682
6,lower_back,188,unknown,0.424162686051409,0.4254923321946312,19.314833333333333,19.344833333333334
6,lower_back,189,lumbar slouch,0.42616274187594816,0.42616274187594816,18.904,18.904
6,lower_back,190,unknown,0.42616274187594816,0.42616274187594816,18.904,18.904
6,lower_back,191,lumbar slouch,0.42672700357528076,0.4284924159314399,13.0166,18.307285714285715
6,lower_back,192,unknown,0.4284924159314399,0.4284924159314399,18.307285714285715,18.307285714285715
6,lower_back,193,lumbar slouch,0.42925780064172636,0.4644040336858654,11.717833333333333,18.13657142857143
6,lower_back,194,shoulder slouch,0.46503533630005034,0.46503533630005034,11.259333333333334,11.259333333333334
6,lower_back,195,unknown,0.46503533630005034,0.46503533630005034,11.259333333333334,11.259333333333334
6,lower_back,196,lumbar slouch,0.46503533630005034,0.46503533630005034,11.259333333333334,11.259333333333334
6,lower_back,197,shoulder slouch,0.46570015910526447,0.4662029664994507,7.75775,7.8580000000000005
6,lower_back,198,unknown,0.4668677895710618,0.4668677895710618,10.911333333333333,10.911333333333333
6,lower_back,199,lumbar slouch,0.4668677895710618,0.4955892621480582,10.346,13.529
6,lower_back,200,shoulder slouch,0.4962540852196693,0.4962540852196693,9.2482,9.2482
6,lower_back,201,unknown,0.4962540852196693,0.4962540852196693,9.2482,9.2482
6,lower_back,202,lumbar slouch,0.4962540852196693,0.4962540852196693,9.2482,9.2482
6,lower_back,203,neck slouch+shoulder slouch,0.49679041307128163,0.49679041307128163,5.921142857142857,5.921142857142857
6,lower_back,204,shoulder slouch,0.49679041307128163,0.49679041307128163,5.921142857142857,5.921142857142857
6,lower_back,205,neck slouch+shoulder slouch,0.49752227705774504,0.49752227705774504,5.266166666666667,5.266166666666667
6,lower_back,206,shoulder slouch,0.49752227705774504,0.5020475433390239,5.266166666666667,8.660285714285715
6,lower_back,207,unknown,0.5020475433390239,0.5020475433390239,8.660285714285715,8.660285714285715
6,lower_back,208,lumbar slouch,0.5020475433390239,0.5127629263526684,8.660285714285715,14.311285714285715
6,lower_back,209,shoulder slouch,0.5132936673281779,0.5132936673281779,7.6048,7.6048
6,lower_back,210,lumbar slouch,0.5132936673281779,0.5132936673281779,7.6048,7.6048
6,lower_back,211,shoulder slouch,0.5138635156372164,0.5158915053094758,6.8381428571428575,8.903500000000001
6,lower_back,212,unknown,0.5158915053094758,0.5165228079236607,8.903500000000001,9.271571428571429
6,lower_back,213,lumbar slouch,0.5165228079236607,0.5284728623179548,9.271571428571429,16.518833333333333
6,lower_back,214,unknown,0.5292047263044182,0.5292047263044182,8.937375,8.937375
6,lower_back,215,good+neck slouch+shoulder slouch,0.5292047263044182,0.5292047263044182,8.937375,8.937375
6,lower_back,216,shoulder slouch,0.5292047263044182,0.5292047263044182,8.937375,8.937375
6,lower_back,217,lumbar slouch,0.5292047263044182,0.5292047263044182,8.937375,8.937375
6,lower_back,218,unknown,0.5300706723869831,0.5300706723869831,-0.6385,-0.6385
6,lower_back,219,neck slouch,0.5300706723869831,0.5300706723869831,-0.6385,-0.6385
6,lower_back,220,good+neck slouch+shoulder slouch,0.5300706723869831,0.5300706723869831,-0.6385,-0.6385
6,lower_back,221,shoulder slouch,0.5300706723869831,0.5309701389269742,-0.6385,8.552285714285714
6,lower_back,222,unknown,0.5309701389269742,0.5323333055276225,8.552285714285714,9.328199999999999
6,lower_back,223,lumbar slouch,0.5323333055276225,0.5323333055276225,9.328199999999999,9.328199999999999
6,lower_back,224,unknown,0.5328361126554118,0.5334003743547444,9.2298,9.2702
6,lower_back,225,lumbar slouch,0.53396463578768,0.5403558757973965,9.4604,24.912
6,lower_back,226,unknown,0.5403558757973965,0.5403558757973965,24.912,24.912
6,lower_back,227,laying back,0.5403558757973965,0.5403558757973965,24.912,24.912
6,lower_back,228,shoulder slouch,0.5411883014225353,0.5411883014225353,16.72042857142857,16.72042857142857
6,lower_back,229,lumbar slouch,0.5411883014225353,0.5411883014225353,16.72042857142857,16.72042857142857
6,lower_back,230,unknown,0.5411883014225353,0.5411883014225353,16.72042857142857,16.72042857142857
6,lower_back,231,shoulder slouch,0.5420542472387033,0.5420542472387033,7.382833333333333,7.382833333333333
6,lower_back,232,lumbar slouch,0.5420542472387033,0.5434509342967778,7.382833333333333,13.122285714285715
6,lower_back,233,shoulder slouch,0.5441157573683889,0.5441157573683889,8.571166666666667,8.571166666666667
6,lower_back,234,unknown,0.5441157573683889,0.5441157573683889,8.571166666666667,8.571166666666667
6,lower_back,235,lumbar slouch,0.5441157573683889,0.5441157573683889,8.571166666666667,8.571166666666667
6,lower_back,236,good+neck slouch+shoulder slouch,0.5448141008974261,0.5448141008974261,5.41,5.41
6,lower_back,237,neck slouch+shoulder slouch,0.5448141008974261,0.5448141008974261,5.41,5.41
6,lower_back,238,shoulder slouch,0.5448141008974261,0.5448141008974261,5.41,5.41
6,lower_back,239,good+neck slouch+shoulder slouch,0.5455459648838895,0.5460487722780757,3.8662,5.1306
6,lower_back,240,shoulder slouch,0.5460487722780757,0.5466130339774083,5.1306,8.496
6,lower_back,241,unknown,0.5466130339774083,0.5466130339774083,8.496,8.496
6,lower_back,242,lumbar slouch,0.5466130339774083,0.5650213692962711,8.496,16.0422
6,lower_back,243,good+neck slouch,0.5656526719104561,0.5656526719104561,10.372,10.372
6,lower_back,244,shoulder slouch,0.5656526719104561,0.5656526719104561,10.372,10.372
6,lower_back,245,lumbar slouch,0.5656526719104561,0.5656526719104561,10.372,10.372
6,lower_back,246,good+neck slouch,0.5663174949820671,0.5663174949820671,10.857571428571429,10.857571428571429
6,lower_back,247,shoulder slouch,0.5663174949820671,0.5663174949820671,10.857571428571429,10.857571428571429
6,lower_back,248,lumbar slouch,0.5663174949820671,0.5698427330846795,10.857571428571429,17.751571428571427
6,lower_back,249,unknown,0.5698427330846795,0.5698427330846795,17.751571428571427,17.751571428571427
6,lower_back,250,lumbar slouch,0.5706416379859952,0.5884857118719223,11.78357142857143,17.826333333333334
6,lower_back,251,shoulder slouch,0.5892175758583856,0.5892175758583856,7.785666666666667,7.785666666666667
6,lower_back,252,unknown,0.5892175758583856,0.5892175758583856,7.785666666666667,7.785666666666667
6,lower_back,253,good+neck slouch+shoulder slouch,0.5898153580151444,0.5898153580151444,5.066666666666666,5.066666666666666
6,lower_back,254,neck slouch+shoulder slouch,0.5898153580151444,0.5898153580151444,5.066666666666666,5.066666666666666
6,lower_back,255,shoulder slouch,0.5898153580151444,0.5904801810867555,5.066666666666666,10.679666666666666
6,lower_back,256,unknown,0.5904801810867555,0.5904801810867555,10.679666666666666,10.679666666666666
6,lower_back,257,lumbar slouch,0.5904801810867555,0.5904801810867555,10.679666666666666,10.679666666666666
6,lower_back,258,unknown,0.5911450041583666,0.5926757730461457,20.118285714285715,25.011333333333333
6,lower_back,259,laying back,0.5926757730461457,0.5926757730461457,25.011333333333333,25.011333333333333
6,lower_back,260,shoulder slouch,0.5933741165751829,0.5933741165751829,14.0132,14.0132
6,lower_back,261,lumbar slouch,0.5933741165751829,0.5933741165751829,14.0132,14.0132
6,lower_back,262,unknown,0.5933741165751829,0.5939104444267953,0.7171666666666666,14.0132
6,lower_back,263,neck slouch,0.5939104444267953,0.5939104444267953,0.7171666666666666,0.7171666666666666
6,lower_back,264,good+neck slouch,0.5939104444267953,0.5945417470409802,0.7171666666666666,2.5323333333333333
6,lower_back,265,good+neck slouch+shoulder slouch,0.5945417470409802,0.5951730493887682,2.5323333333333333,4.7638
6,lower_back,266,neck slouch+shoulder slouch,0.5951730493887682,0.5951730493887682,4.7638,4.7638
6,lower_back,267,shoulder slouch,0.5951730493887682,0.6003966591990842,4.7638,9.84142857142857
6,lower_back,268,lumbar slouch,0.6003966591990842,0.6125813570617583,9.84142857142857,14.70657142857143
6,lower_back,269,shoulder slouch,0.6131791389521202,0.6131791389521202,9.6515,9.6515
6,lower_back,270,unknown,0.6131791389521202,0.6131791389521202,9.6515,9.6515
6,lower_back,271,lumbar slouch,0.6131791389521202,0.6131791389521202,9.6515,9.6515
6,lower_back,272,shoulder slouch,0.6138774824811575,0.6138774824811575,7.6365,7.6365
6,lower_back,273,good+neck slouch+shoulder slouch,0.6144752646379162,0.6144752646379162,6.818375,6.818375
6,lower_back,274,shoulder slouch,0.6144752646379162,0.6144752646379162,6.818375,6.818375
6,lower_back,275,good+neck slouch,0.6154417720927596,0.6154417720927596,2.3758333333333335,2.3758333333333335
6,lower_back,276,good+neck slouch+shoulder slouch,0.6154417720927596,0.6154417720927596,2.3758333333333335,2.3758333333333335
6,lower_back,277,good+neck slouch,0.6160730747069445,0.6160730747069445,2.244,2.244
6,lower_back,278,good+neck slouch+shoulder slouch,0.6160730747069445,0.6160730747069445,2.244,2.244
6,lower_back,279,neck slouch+shoulder slouch,0.6167099639308353,0.6167099639308353,6.955333333333334,6.955333333333334
6,lower_back,280,shoulder slouch,0.6167099639308353,0.6174418279172987,6.955333333333334,9.096499999999999
6,lower_back,281,unknown,0.6174418279172987,0.6174418279172987,9.096499999999999,9.096499999999999
6,lower_back,282,lumbar slouch,0.6174418279172987,0.6174418279172987,9.096499999999999,9.096499999999999
6,lower_back,283,unknown,0.6180731305314837,0.6188049945179471,9.189333333333334,9.199166666666667
6,lower_back,284,lumbar slouch,0.6188049945179471,0.6269281264263965,9.189333333333334,13.332
6,lower_back,285,shoulder slouch,0.627492388125729,0.627492388125729,8.616,8.616
6,lower_back,286,lumbar slouch,0.627492388125729,0.627492388125729,8.616,8.616
6,lower_back,287,shoulder slouch,0.6281236904735171,0.6281236904735171,9.249,9.249
6,lower_back,288,unknown,0.6281236904735171,0.6281236904735171,9.249,9.249
6,lower_back,289,lumbar slouch,0.6281236904735171,0.6384088941503274,9.249,11.3378
6,lower_back,290,shoulder slouch,0.6391407581367908,0.6391407581367908,9.262333333333334,9.262333333333334
6,lower_back,291,unknown,0.6391407581367908,0.6391407581367908,9.262333333333334,9.262333333333334
6,lower_back,292,lumbar slouch,0.6391407581367908,0.6391407581367908,9.262333333333334,9.262333333333334
6,lower_back,293,shoulder slouch,0.6398055812084019,0.6398055812084019,9.090499999999999,9.090499999999999
6,lower_back,294,unknown,0.6398055812084019,0.6398055812084019,9.090499999999999,9.090499999999999
6,lower_back,295,lumbar slouch,0.6398055812084019,0.6404033630987638,9.090499999999999,10.2926
6,lower_back,296,shoulder slouch,0.641570993564561,0.641570993564561,8.9925,8.9925
6,lower_back,297,unknown,0.641570993564561,0.641570993564561,8.9925,8.9925
6,lower_back,298,lumbar slouch,0.641570993564561,0.641570993564561,8.9925,8.9925
6,lower_back,299,shoulder slouch,0.6422693370935982,0.6453979160504056,6.199,8.8376
6,lower_back,300,unknown,0.6453979160504056,0.6459621777497383,8.8376,9.4335
6,lower_back,301,lumbar slouch,0.6459621777497383,0.6586776165879219,9.4335,15.167428571428571
6,lower_back,302,good+neck slouch+shoulder slouch,0.6597782061388668,0.6597782061388668,7.591666666666667,7.591666666666667
6,lower_back,303,shoulder slouch,0.6597782061388668,0.6597782061388668,7.591666666666667,7.591666666666667
6,lower_back,304,unknown,0.6597782061388668,0.6597782061388668,7.591666666666667,7.591666666666667
6,lower_back,305,lumbar slouch,0.6597782061388668,0.6597782061388668,7.591666666666667,7.591666666666667
6,lower_back,306,unknown,0.6607726471750336,0.6607726471750336,1.4865,1.4865
6,lower_back,307,good+neck slouch,0.6607726471750336,0.6607726471750336,1.4865,1.4865
6,lower_back,308,good+neck slouch+shoulder slouch,0.6607726471750336,0.6607726471750336,1.4865,1.4865
6,lower_back,309,unknown,0.6616721137150248,0.6947903573533013,-13.076500000000001,0.14114285714285715
6,lower_back,310,neck slouch,0.6947903573533013,0.6972205927810715,0.14114285714285715,0.7834
6,lower_back,311,good+neck slouch,0.6972205927810715,0.7038408893830651,0.7834,2.6029999999999998
6,lower_back,312,good+neck slouch+shoulder slouch,0.7038408893830651,0.7109639933792449,2.6029999999999998,4.680166666666667
6,lower_back,313,neck slouch+shoulder slouch,0.7109639933792449,0.7109639933792449,4.680166666666667,4.680166666666667
6,lower_back,314,good+neck slouch+shoulder slouch,0.7116623369082822,0.7116623369082822,4.0688571428571425,4.0688571428571425
6,lower_back,315,neck slouch+shoulder slouch,0.7116623369082822,0.7116623369082822,4.0688571428571425,4.0688571428571425
6,lower_back,316,shoulder slouch,0.7124612418095979,0.7124612418095979,5.637666666666666,5.637666666666666
6,lower_back,317,good+neck slouch+shoulder slouch,0.7130646108424594,0.7130646108424594,4.893,4.893
6,lower_back,318,neck slouch+shoulder slouch,0.7130646108424594,0.7130646108424594,4.893,4.893
6,lower_back,319,shoulder slouch,0.7130646108424594,0.7130646108424594,4.893,4.893
6,lower_back,320,neck slouch+shoulder slouch,0.713829995286349,0.713829995286349,6.816285714285714,6.816285714285714
6,lower_back,321,shoulder slouch,0.713829995286349,0.7146624206450909,6.816285714285714,8.421555555555555
6,lower_back,322,unknown,0.7146624206450909,0.7146624206450909,8.421555555555555,8.421555555555555
6,lower_back,323,shoulder slouch,0.7156233414902284,0.7275733958845224,6.550666666666666,8.698375
6,lower_back,324,unknown,0.7275733958845224,0.7285063828819397,8.698375,9.084666666666667
6,lower_back,325,lumbar slouch,0.7285063828819397,0.7285063828819397,9.084666666666667,9.084666666666667
6,lower_back,326,shoulder slouch,0.7292047264109769,0.7292047264109769,9.0795,9.0795
6,lower_back,327,unknown,0.7292047264109769,0.7292047264109769,9.0795,9.0795
6,lower_back,328,lumbar slouch,0.7292047264109769,0.7292047264109769,9.0795,9.0795
6,lower_back,329,shoulder slouch,0.730070672227145,0.730070672227145,9.258333333333333,9.258333333333333
6,lower_back,330,unknown,0.730070672227145,0.730070672227145,9.258333333333333,9.258333333333333
6,lower_back,331,lumbar slouch,0.730070672227145,0.7341322381813696,9.258333333333333,22.754333333333335
6,lower_back,332,unknown,0.7341322381813696,0.7341322381813696,22.754333333333335,22.754333333333335
6,lower_back,333,laying back,0.7341322381813696,0.7543003995130826,22.754333333333335,29.395500000000002
6,lower_back,334,unknown,0.7549317018608706,0.7549317018608706,26.3835,26.3835
6,lower_back,335,laying back,0.7549317018608706,0.7549317018608706,26.3835,26.3835
6,lower_back,336,unknown,0.7555965249324816,0.7605910778841236,22.929777777777776,25.3202
6,lower_back,337,laying back,0.7605910778841236,0.7605910778841236,22.929777777777776,22.929777777777776
6,lower_back,338,unknown,0.7615240648815409,0.7615240648815409,24.723375,24.723375
6,lower_back,339,laying back,0.7615240648815409,0.7641833571679852,24.723375,29.322714285714287
6,lower_back,340,unknown,0.7648872873067284,0.7648872873067284,27.5198,27.5198
6,lower_back,341,laying back,0.7648872873067284,0.7648872873067284,27.5198,27.5198
6,lower_back,342,unknown,0.7654850694634872,0.7679153048912573,21.71011111111111,24.575
6,lower_back,343,laying back,0.7679153048912573,0.7679153048912573,24.575,24.575
6,lower_back,344,unknown,0.7688818123461008,0.7688818123461008,26.079666666666668,26.079666666666668
6,lower_back,345,laying back,0.7688818123461008,0.7688818123461008,26.079666666666668,26.079666666666668
6,lower_back,346,lumbar slouch,0.7705745969113047,0.7705745969113047,26.025444444444442,26.025444444444442
6,lower_back,347,unknown,0.7705745969113047,0.7705745969113047,26.025444444444442,26.025444444444442
6,lower_back,348,laying back,0.7705745969113047,0.9015782563489845,26.025444444444442,45.36814285714286
6,lower_back,349,unknown,0.902148104658023,0.902148104658023,26.241833333333332,26.241833333333332
6,lower_back,350,laying back,0.902148104658023,0.902148104658023,26.241833333333332,26.241833333333332
6,lower_back,351,unknown,0.9028799686444864,0.9028799686444864,25.04325,25.04325
6,lower_back,352,laying back,0.9028799686444864,0.9028799686444864,25.04325,25.04325
6,lower_back,353,unknown,0.9036788735458021,0.9121986646000564,20.49225,26.440333333333335
6,lower_back,354,laying back,0.9121986646000564,0.9302717953446576,26.440333333333335,33.59533333333333
6,lower_back,355,lumbar slouch,0.9309030976924456,0.9309030976924456,20.844833333333334,20.844833333333334
6,lower_back,356,unknown,0.9309030976924456,0.9321321824633892,20.844833333333334,23.732333333333333
6,lower_back,357,laying back,0.9321321824633892,0.9321321824633892,23.732333333333333,23.732333333333333
6,lower_back,358,unknown,0.9327634850775742,0.9327634850775742,23.483,23.483
6,lower_back,359,lumbar slouch,0.9333668538440388,0.9333668538440388,21.836750000000002,21.836750000000002
6,lower_back,360,unknown,0.9333668538440388,0.9338975948195484,6.686166666666667,21.836750000000002
6,lower_back,361,good+neck slouch+shoulder slouch,0.9338975948195484,0.9338975948195484,6.686166666666667,6.686166666666667
6,lower_back,362,shoulder slouch,0.9338975948195484,0.9338975948195484,6.686166666666667,6.686166666666667
6,lower_back,363,lumbar slouch,0.9338975948195484,0.9338975948195484,6.686166666666667,6.686166666666667
6,lower_back,364,unknown,0.9344953769763071,0.9344953769763071,6.39,6.39
6,lower_back,365,good+neck slouch+shoulder slouch,0.9344953769763071,0.9344953769763071,6.39,6.39
6,lower_back,366,lumbar slouch,0.9344953769763071,0.9384228608344303,6.39,18.593333333333334
6,lower_back,367,unknown,0.9384228608344303,0.9384228608344303,18.593333333333334,18.593333333333334
6,lower_back,368,lumbar slouch,0.9391547248208937,0.9391547248208937,19.056666666666665,19.056666666666665
6,lower_back,369,unknown,0.9391547248208937,0.9391547248208937,19.056666666666665,19.056666666666665
6,lower_back,370,lumbar slouch,0.9397580938537553,0.9397580938537553,18.4492,18.4492
6,lower_back,371,unknown,0.9397580938537553,0.9397580938537553,18.4492,18.4492
6,lower_back,372,lumbar slouch,0.9403558757441172,0.9410877397305806,17.805,18.000833333333333
6,lower_back,373,unknown,0.9417525628021917,0.9417525628021917,20.313666666666666,20.313666666666666
6,lower_back,374,lumbar slouch,0.9424173858738027,0.9424173858738027,19.396333333333335,19.396333333333335
6,lower_back,375,unknown,0.9424173858738027,0.9424173858738027,19.396333333333335,19.396333333333335
6,lower_back,376,lumbar slouch,0.9430486884879876,0.9443504007834895,18.5595,18.90833333333333
6,lower_back,377,unknown,0.9443504007834895,0.9498086537957887,18.90833333333333,24.449
6,lower_back,378,lumbar slouch,0.9505069973248259,0.9505069973248259,20.692,20.692
6,lower_back,379,unknown,0.9505069973248259,1,20.692,25.7092
6,mid_back,0,unknown,0,1,-44.954750000000004,21.387272727272727
6,neck,0,unknown,0,0.020627942863516813,-33.705749999999995,12.03825
6,neck,1,good+laying back+lumbar slouch,0.020627942863516813,0.020627942863516813,12.03825,12.03825
6,neck,2,unknown,0.02103011249360141,0.022795189574677348,-1.9969999999999999,9.24075
6,neck,3,good,0.022795189574677348,0.022795189574677348,9.24075,9.24075
6,neck,4,unknown,0.02319177338968056,0.025655061375149994,-7.886333333333333,21.98225
6,neck,5,laying back+lumbar slouch+shoulder slouch,0.025655061375149994,0.025655061375149994,21.98225,21.98225
6,neck,6,unknown,0.025655061375149994,0.025655061375149994,21.98225,21.98225
6,neck,7,good+laying back+lumbar slouch,0.026051645190153207,0.026051645190153207,22.8735,22.8735
6,neck,8,shoulder slouch,0.026051645190153207,0.026051645190153207,22.8735,22.8735
6,neck,9,unknown,0.026051645190153207,0.04079785954421314,-24.325666666666667,22.8735
6,neck,10,good,0.04079785954421314,0.04079785954421314,9.919,9.919
6,neck,11,unknown,0.04122795745066568,0.08991280730698466,-29.01475,9.563666666666666
6,neck,12,good,0.09030939112198787,0.09030939112198787,14.17375,14.17375
6,neck,13,good+laying back+lumbar slouch,0.09030939112198787,0.09077858893497112,14.17375,14.61625
6,neck,14,unknown,0.09120868684142366,0.09120868684142366,10.76375,10.76375
6,neck,15,good,0.09120868684142366,0.09120868684142366,10.76375,10.76375
6,neck,16,good+laying back+lumbar slouch,0.09120868684142366,0.09120868684142366,10.76375,10.76375
6,neck,17,unknown,0.09164437056295759,0.12148869736446856,-4.43825,8.0925
6,neck,18,good,0.1219243810860025,0.1219243810860025,15.42475,15.42475
6,neck,19,good+laying back+lumbar slouch,0.1219243810860025,0.1219243810860025,15.42475,15.42475
6,neck,20,lumbar slouch+shoulder slouch,0.1219243810860025,0.1219243810860025,15.42475,15.42475
6,neck,21,good+laying back+lumbar slouch,0.12235447899245502,0.12235447899245502,17.8792,17.8792
6,neck,22,laying back+lumbar slouch+shoulder slouch,0.12235447899245502,0.12235447899245502,17.8792,17.8792
6,neck,23,lumbar slouch+shoulder slouch,0.12235447899245502,0.12235447899245502,17.8792,17.8792
6,neck,24,shoulder slouch,0.12235447899245502,0.12235447899245502,17.8792,17.8792
6,neck,25,good+laying back+lumbar slouch,0.12292421907978628,0.12292421907978628,14.0098,14.0098
6,neck,26,unknown,0.1234548592605868,0.1234548592605868,10.073,10.073
6,neck,27,good+laying back,0.1234548592605868,0.1234548592605868,10.073,10.073
6,neck,28,good+laying back+lumbar slouch,0.1234548592605868,0.1234548592605868,10.073,10.073
6,neck,29,unknown,0.12391847125848868,0.12391847125848868,11.411,11.411
6,neck,30,good+laying back+lumbar slouch,0.12391847125848868,0.12391847125848868,11.411,11.411
6,neck,31,shoulder slouch,0.12432064088857327,0.12432064088857327,24.36775,24.36775
6,neck,32,unknown,0.12432064088857327,0.12471722470357648,12.47625,24.36775
6,neck,33,good+laying back,0.12471722470357648,0.12471722470357648,12.47625,12.47625
6,neck,34,good+laying back+lumbar slouch,0.12471722470357648,0.12471722470357648,12.47625,12.47625
6,neck,35,unknown,0.1251864222502134,0.12601868978675054,7.139333333333334,14.3445
6,neck,36,good+laying back+lumbar slouch,0.12601868978675054,0.12601868978675054,14.3445,14.3445
6,neck,37,shoulder slouch,0.12658284405900042,0.12658284405900042,22.133000000000003,22.133000000000003
6,neck,38,good+laying back+lumbar slouch,0.12707997041469793,0.12707997041469793,17.417166666666667,17.417166666666667
6,neck,39,laying back+lumbar slouch,0.12707997041469793,0.12707997041469793,17.417166666666667,17.417166666666667
6,neck,40,laying back+lumbar slouch+shoulder slouch,0.12707997041469793,0.12707997041469793,17.417166666666667,17.417166666666667
6,neck,41,lumbar slouch+shoulder slouch,0.12707997041469793,0.12707997041469793,17.417166666666667,17.417166666666667
6,neck,42,unknown,0.1276832245934785,0.1276832245934785,13.785250000000001,13.785250000000001
6,neck,43,good+laying back+lumbar slouch,0.1276832245934785,0.1276832245934785,13.785250000000001,13.785250000000001
6,neck,44,unknown,0.12814683659138038,0.1378324183423578,-3.14875,12.0148
6,neck,45,good+laying back,0.1378324183423578,0.1378324183423578,12.0148,12.0148
6,neck,46,good+laying back+lumbar slouch,0.1378324183423578,0.1378324183423578,12.0148,12.0148
6,neck,47,unknown,0.13839657261460764,0.13839657261460764,11.36525,11.36525
6,neck,48,good+laying back+lumbar slouch,0.13839657261460764,0.13839657261460764,11.36525,11.36525
6,neck,49,unknown,0.13879315642961085,0.13879315642961085,9.8162,9.8162
6,neck,50,good,0.13879315642961085,0.13879315642961085,9.8162,9.8162
6,neck,51,unknown,0.13932938242549278,0.1401616496956836,0.4356666666666667,12.128666666666666
6,neck,52,good+laying back,0.1401616496956836,0.1401616496956836,12.128666666666666,12.128666666666666
6,neck,53,good+laying back+lumbar slouch,0.1401616496956836,0.1401616496956836,12.128666666666666,12.128666666666666
6,neck,54,unknown,0.1405582335106868,0.1405582335106868,11.9365,11.9365
6,neck,55,good,0.1405582335106868,0.1405582335106868,11.9365,11.9365
6,neck,56,good+laying back+lumbar slouch,0.1405582335106868,0.1405582335106868,11.9365,11.9365
6,neck,57,good,0.1409604031407714,0.1409604031407714,13.0134,13.0134
6,neck,58,good+laying back+lumbar slouch,0.1409604031407714,0.1409604031407714,13.0134,13.0134
6,neck,59,unknown,0.14152455741302125,0.14152455741302125,10.616,10.616
6,neck,60,good,0.14152455741302125,0.14152455741302125,10.616,10.616
6,neck,61,unknown,0.14192114122802446,0.14485362702647717,-9.8218,8.3166
6,neck,62,good+laying back,0.14525021084148038,0.14525021084148038,14.5218,14.5218
6,neck,63,good+laying back+lumbar slouch,0.14525021084148038,0.14525021084148038,14.5218,14.5218
6,neck,64,unknown,0.14575292274591295,0.15403649687302198,-8.534666666666666,13.02175
6,neck,65,good+laying back,0.15403649687302198,0.15403649687302198,13.02175,13.02175
6,neck,66,good+laying back+lumbar slouch,0.15403649687302198,0.15403649687302198,13.02175,13.02175
6,neck,67,laying back+lumbar slouch+shoulder slouch,0.1544330806880252,0.1544330806880252,20.394333333333332,20.394333333333332
6,neck,68,shoulder slouch,0.1544330806880252,0.1544330806880252,20.394333333333332,20.394333333333332
6,neck,69,good+laying back+lumbar slouch,0.15483525005176346,0.15483525005176346,16.57725,16.57725
6,neck,70,laying back+lumbar slouch,0.15483525005176346,0.15483525005176346,16.57725,16.57725
6,neck,71,laying back+lumbar slouch+shoulder slouch,0.15483525005176346,0.15483525005176346,16.57725,16.57725
6,neck,72,good+laying back+lumbar slouch,0.1552318338667667,0.1552318338667667,15.79675,15.79675
6,neck,73,unknown,0.15573454577119927,0.15573454577119927,12.83075,12.83075
6,neck,74,good,0.15573454577119927,0.15573454577119927,12.83075,12.83075
6,neck,75,good+laying back+lumbar slouch,0.15573454577119927,0.15573454577119927,12.83075,12.83075
6,neck,76,unknown,0.15619815776910115,0.15966128401470067,6.70575,12.486
6,neck,77,good+laying back,0.15966128401470067,0.15966128401470067,12.486,12.486
6,neck,78,good+laying back+lumbar slouch,0.15966128401470067,0.15966128401470067,12.486,12.486
6,neck,79,unknown,0.16002435373825458,0.16002435373825458,12.45575,12.45575
6,neck,80,good,0.16002435373825458,0.16002435373825458,12.45575,12.45575
6,neck,81,good+laying back+lumbar slouch,0.16002435373825458,0.16002435373825458,12.45575,12.45575
6,neck,82,unknown,0.16046003719344218,0.16046003719344218,12.78,12.78
6,neck,83,good+laying back,0.16046003719344218,0.16046003719344218,12.78,12.78
6,neck,84,good+laying back+lumbar slouch,0.16046003719344218,0.16046003719344218,12.78,12.78
6,neck,85,unknown,0.16095716328279336,0.16095716328279336,12.3662,12.3662
6,neck,86,good,0.16095716328279336,0.16095716328279336,12.3662,12.3662
6,neck,87,good+laying back,0.16095716328279336,0.16095716328279336,12.3662,12.3662
6,neck,88,good+laying back+lumbar slouch,0.16095716328279336,0.16095716328279336,12.3662,12.3662
6,neck,89,unknown,0.16145987518722596,0.16238709918302968,10.31625,11.038499999999999
6,neck,90,good,0.16238709918302968,0.16278926881311429,11.038499999999999,12.460666666666667
6,neck,91,good+laying back,0.16278926881311429,0.16321936671956683,12.460666666666667,12.70325
6,neck,92,unknown,0.1636215360833051,0.16857604086330458,-6.126250000000001,12.1968
6,neck,93,good,0.16857604086330458,0.16857604086330458,12.1968,12.1968
6,neck,94,good+laying back+lumbar slouch,0.16857604086330458,0.16914578095063582,12.1968,16.618
6,neck,95,laying back+lumbar slouch,0.16914578095063582,0.16914578095063582,16.618,16.618
6,neck,96,laying back+lumbar slouch+shoulder slouch,0.16914578095063582,0.16914578095063582,16.618,16.618
6,neck,97,good+laying back+lumbar slouch,0.16967642113143633,0.17007300494643954,14.09425,15.98225
6,neck,98,unknown,0.17050868866797347,0.17050868866797347,11.463000000000001,11.463000000000001
6,neck,99,good,0.17050868866797347,0.17050868866797347,11.463000000000001,11.463000000000001
6,neck,100,good+laying back,0.17050868866797347,0.17050868866797347,11.463000000000001,11.463000000000001
6,neck,101,unknown,0.171039328848774,0.17749638326064351,-2.925,10.8018
6,neck,102,good,0.17749638326064351,0.17749638326064351,10.8018,10.8018
6,neck,103,good+laying back,0.17749638326064351,0.17749638326064351,10.8018,10.8018
6,neck,104,unknown,0.1779599952585454,0.19939227711588506,-9.738,10.6392
6,neck,105,good+laying back,0.19939227711588506,0.19939227711588506,2.7178000000000004,2.7178000000000004
6,neck,106,unknown,0.1999229175630319,0.1999229175630319,11.77175,11.77175
6,neck,107,good,0.1999229175630319,0.1999229175630319,11.77175,11.77175
6,neck,108,good+laying back,0.1999229175630319,0.1999229175630319,11.77175,11.77175
6,neck,109,unknown,0.20032508692677017,0.27892129203384514,-51.658,11.0862
6,neck,110,good+laying back,0.27892129203384514,0.27892129203384514,11.0862,11.0862
6,neck,111,good+laying back+lumbar slouch,0.27892129203384514,0.27892129203384514,11.0862,11.0862
6,neck,112,unknown,0.2794240039382777,0.2987895816251512,-11.2698,11.297666666666666
6,neck,113,good,0.2987895816251512,0.2987895816251512,11.297666666666666,11.297666666666666
6,neck,114,good+laying back,0.29919175098888945,0.29919175098888945,13.06525,13.06525
6,neck,115,good+laying back+lumbar slouch,0.29919175098888945,0.29919175098888945,13.06525,13.06525
6,neck,116,good,0.299621848895342,0.299621848895342,12.58075,12.58075
6,neck,117,good+laying back,0.299621848895342,0.299621848895342,12.58075,12.58075
6,neck,118,good+laying back+lumbar slouch,0.299621848895342,0.299621848895342,12.58075,12.58075
6,neck,119,good,0.30002401852542654,0.30002401852542654,13.64075,13.64075
6,neck,120,good+laying back,0.30002401852542654,0.30002401852542654,13.64075,13.64075
6,neck,121,good+laying back+lumbar slouch,0.30002401852542654,0.30002401852542654,13.64075,13.64075
6,neck,122,unknown,0.3004206023404298,0.3004206023404298,11.022666666666666,11.022666666666666
6,neck,123,good+laying back+lumbar slouch,0.3004206023404298,0.3004206023404298,11.022666666666666,11.022666666666666
6,neck,124,unknown,0.30082277170416805,0.3529651619910052,-29.85125,10.547
6,neck,125,good,0.3529651619910052,0.3529651619910052,9.195500000000001,9.195500000000001
6,neck,126,unknown,0.35339525989745774,0.3595842015777326,-22.415399999999998,11.78825
6,neck,127,good+laying back,0.3595842015777326,0.3595842015777326,11.78825,11.78825
6,neck,128,good+laying back+lumbar slouch,0.3595842015777326,0.3595842015777326,11.78825,11.78825
6,neck,129,unknown,0.35998637094147085,0.3757268374742332,2.516,10.657
6,neck,130,good+laying back+lumbar slouch,0.3757268374742332,0.3761234212892364,10.657,13.8235
6,neck,131,good,0.37652559091932103,0.37652559091932103,12.40475,12.40475
6,neck,132,good+laying back,0.37652559091932103,0.37652559091932103,12.40475,12.40475
6,neck,133,good,0.37695568882577357,0.37695568882577357,12.779,12.779
6,neck,134,good+laying back,0.37695568882577357,0.37695568882577357,12.779,12.779
6,neck,135,good+laying back+lumbar slouch,0.37695568882577357,0.37739137228096115,12.779,13.4288
6,neck,136,unknown,0.3778884986366587,0.3778884986366587,10.999333333333333,10.999333333333333
6,neck,137,good+laying back,0.3778884986366587,0.3778884986366587,10.999333333333333,10.999333333333333
6,neck,138,unknown,0.37829066800039696,0.38051935734572107,6.3162,11.159500000000001
6,neck,139,good,0.38051935734572107,0.38051935734572107,11.159500000000001,11.159500000000001
6,neck,140,unknown,0.3809494552521736,0.38141865279881054,9.14625,11.5835
6,neck,141,good,0.38141865279881054,0.38141865279881054,11.5835,11.5835
6,neck,142,good+laying back,0.38141865279881054,0.38141865279881054,11.5835,11.5835
6,neck,143,good+laying back+lumbar slouch,0.3818152366138138,0.3818152366138138,13.595749999999999,13.595749999999999
6,neck,144,unknown,0.3822509203353477,0.3822509203353477,11.5755,11.5755
6,neck,145,good,0.3822509203353477,0.3822509203353477,11.5755,11.5755
6,neck,146,good+laying back+lumbar slouch,0.3822509203353477,0.3822509203353477,11.5755,11.5755
6,neck,147,unknown,0.38264750415035087,0.38883644556427943,1.7962,11.0258
6,neck,148,good,0.38883644556427943,0.38933357165363064,11.0258,12.433
6,neck,149,good+laying back+lumbar slouch,0.38933357165363064,0.38933357165363064,12.433,12.433
6,neck,150,unknown,0.38976925537516455,0.38976925537516455,10.202,10.202
6,neck,151,good,0.38976925537516455,0.38976925537516455,10.202,10.202
6,neck,152,unknown,0.3901993532816171,0.3909981064603586,8.812666666666667,10.64675
6,neck,153,good,0.3909981064603586,0.3909981064603586,10.64675,10.64675
6,neck,154,good+laying back+lumbar slouch,0.39146730427334187,0.39146730427334187,14.04075,14.04075
6,neck,155,unknown,0.3918974021797944,0.3918974021797944,10.964500000000001,10.964500000000001
6,neck,156,good,0.3918974021797944,0.3918974021797944,10.964500000000001,10.964500000000001
6,neck,157,unknown,0.39236659972643134,0.39236659972643134,9.3352,9.3352
6,neck,158,good,0.39236659972643134,0.39236659972643134,9.3352,9.3352
6,neck,159,unknown,0.3928302119906795,0.40440934163979514,-40.4562,7.656
6,neck,160,good,0.40494556736933074,0.40494556736933074,12.60425,12.60425
6,neck,161,good+laying back+lumbar slouch,0.40494556736933074,0.40494556736933074,12.60425,12.60425
6,neck,162,unknown,0.40537566554212956,0.41359779703507504,-6.391249999999999,11.67025
6,neck,163,good,0.41359779703507504,0.41359779703507504,11.67025,11.67025
6,neck,164,unknown,0.4140614090329769,0.4284724822061972,-6.2677499999999995,10.978
6,neck,165,good,0.4284724822061972,0.4284724822061972,10.978,10.978
6,neck,166,good+laying back,0.4284724822061972,0.4284724822061972,10.978,10.978
6,neck,167,unknown,0.4289360942040991,0.4473353479886381,-0.22666666666666668,11.270333333333333
6,neck,168,good,0.4473353479886381,0.4473353479886381,11.270333333333333,11.270333333333333
6,neck,169,good+laying back,0.4477710314438257,0.4477710314438257,16.94225,16.94225
6,neck,170,good+laying back+lumbar slouch,0.4477710314438257,0.4477710314438257,16.94225,16.94225
6,neck,171,laying back+lumbar slouch+shoulder slouch,0.4477710314438257,0.4477710314438257,16.94225,16.94225
6,neck,172,shoulder slouch,0.4477710314438257,0.4482011293502782,16.94225,26.554166666666667
6,neck,173,unknown,0.4482011293502782,0.4482011293502782,26.554166666666667,26.554166666666667
6,neck,174,shoulder slouch,0.4488043837954051,0.4488043837954051,25.941499999999998,25.941499999999998
6,neck,175,unknown,0.4488043837954051,0.4488043837954051,25.941499999999998,25.941499999999998
6,neck,176,good+laying back+lumbar slouch,0.44923448170185765,0.44923448170185765,20.1915,20.1915
6,neck,177,shoulder slouch,0.44923448170185765,0.44923448170185765,20.1915,20.1915
6,neck,178,unknown,0.4496645796083102,0.4526976076811109,0.76,11.03575
6,neck,179,good,0.4526976076811109,0.45316121967901274,11.03575,11.934000000000001
6,neck,180,good+laying back+lumbar slouch,0.4535913175854653,0.4535913175854653,13.612,13.612
6,neck,181,unknown,0.45406051539844855,0.45406051539844855,11.27325,11.27325
6,neck,182,good,0.45406051539844855,0.45406051539844855,11.27325,11.27325
6,neck,183,unknown,0.45452412739635045,0.4549262967600887,9.245,11.3158
6,neck,184,good,0.4549262967600887,0.4549262967600887,11.3158,11.3158
6,neck,185,good+laying back+lumbar slouch,0.4549262967600887,0.4549262967600887,11.3158,11.3158
6,neck,186,unknown,0.4554234231157862,0.506605075049024,-34.12733333333333,11.61925
6,neck,187,good,0.506605075049024,0.5070016588640271,11.61925,13.557
6,neck,188,good+laying back+lumbar slouch,0.5070016588640271,0.5083980806728141,13.557,15.7915
6,neck,189,good,0.5087667362114494,0.5087667362114494,12.522,12.522
6,neck,190,good+laying back+lumbar slouch,0.5087667362114494,0.5087667362114494,12.522,12.522
6,neck,191,unknown,0.5092973763922499,0.5092973763922499,11.913,11.913
6,neck,192,good,0.5092973763922499,0.5092973763922499,11.913,11.913
6,neck,193,unknown,0.5096995460223346,0.5228426679374838,-4.06225,10.6744
6,neck,194,good,0.5228426679374838,0.5228426679374838,10.6744,10.6744
6,neck,195,unknown,0.5233062799353857,0.5237419636569196,10.724666666666666,11.074200000000001
6,neck,196,good,0.5237419636569196,0.5237419636569196,11.074200000000001,11.074200000000001
6,neck,197,laying back+lumbar slouch,0.5242055756548215,0.5242055756548215,18.063333333333333,18.063333333333333
6,neck,198,laying back+lumbar slouch+shoulder slouch,0.5242055756548215,0.5242055756548215,18.063333333333333,18.063333333333333
6,neck,199,lumbar slouch+shoulder slouch,0.5242055756548215,0.5242055756548215,18.063333333333333,18.063333333333333
6,neck,200,unknown,0.5246077450185598,0.5246077450185598,13.7355,13.7355
6,neck,201,good+laying back+lumbar slouch,0.5246077450185598,0.5246077450185598,13.7355,13.7355
6,neck,202,unknown,0.5249708147421136,0.5257695681872014,6.2085,9.1515
6,neck,203,good+laying back+lumbar slouch,0.5262052516423891,0.5266688636402909,14.414,16.416249999999998
6,neck,204,laying back+lumbar slouch+shoulder slouch,0.5266688636402909,0.5271324756381928,16.416249999999998,20.215
6,neck,205,lumbar slouch+shoulder slouch,0.5271324756381928,0.5271324756381928,20.215,20.215
6,neck,206,shoulder slouch,0.5271324756381928,0.5279982572661792,20.215,23.5685
6,neck,207,good+laying back,0.5284339409877131,0.5284339409877131,15.2074,15.2074
6,neck,208,good+laying back+lumbar slouch,0.5284339409877131,0.5284339409877131,15.2074,15.2074
6,neck,209,laying back+lumbar slouch,0.5284339409877131,0.5284339409877131,15.2074,15.2074
6,neck,210,lumbar slouch+shoulder slouch,0.5284339409877131,0.5284339409877131,15.2074,15.2074
6,neck,211,good+laying back+lumbar slouch,0.528897552985615,0.5294337789814969,14.277800000000001,14.37575
6,neck,212,unknown,0.5298638768879494,0.5298638768879494,3.9165,3.9165
6,neck,213,good,0.5298638768879494,0.5298638768879494,3.9165,3.9165
6,neck,214,unknown,0.5303274888858514,0.5416105769943118,-5.326666666666666,9.959
6,neck,215,good+laying back,0.5416105769943118,0.5416105769943118,6.1458,6.1458
6,neck,216,good+laying back+lumbar slouch,0.5416105769943118,0.5416105769943118,6.1458,6.1458
6,neck,217,unknown,0.5420741889922136,0.5461349838678586,-4.1768,12.6914
6,neck,218,good,0.5461349838678586,0.5461349838678586,12.6914,12.6914
6,neck,219,good+laying back+lumbar slouch,0.5461349838678586,0.5461349838678586,12.6914,12.6914
6,neck,220,unknown,0.546637695505945,0.546637695505945,11.460666666666667,11.460666666666667
6,neck,221,good,0.546637695505945,0.546637695505945,11.460666666666667,11.460666666666667
6,neck,222,good+laying back,0.546637695505945,0.546637695505945,11.460666666666667,11.460666666666667
6,neck,223,unknown,0.5470677934123975,0.5923565457387082,-27.944,12.601666666666667
6,neck,224,good+laying back,0.5923565457387082,0.5923565457387082,12.601666666666667,12.601666666666667
6,neck,225,good+laying back+lumbar slouch,0.5923565457387082,0.5927587151024465,12.601666666666667,14.995
6,neck,226,unknown,0.5932223271003484,0.5932223271003484,10.2248,10.2248
6,neck,227,good+laying back+lumbar slouch,0.5932223271003484,0.5932223271003484,10.2248,10.2248
6,neck,228,unknown,0.5936915249133317,0.6040362176621719,0.7965,11.2365
6,neck,229,good,0.6040362176621719,0.6040362176621719,11.2365,11.2365
6,neck,230,unknown,0.6044383870259101,0.6070971742776867,-2.1835,12.498
6,neck,231,good,0.6070971742776867,0.6070971742776867,12.498,12.498
6,neck,232,good+laying back,0.6070971742776867,0.6070971742776867,12.498,12.498
6,neck,233,good+laying back+lumbar slouch,0.6070971742776867,0.6076334002735687,12.498,13.899666666666667
6,neck,234,unknown,0.6080299840885719,0.6080299840885719,8.72725,8.72725
6,neck,235,good,0.6080299840885719,0.6080299840885719,8.72725,8.72725
6,neck,236,unknown,0.6084656675437595,0.6111244547955361,0.13624999999999998,13.630333333333333
6,neck,237,good+laying back+lumbar slouch,0.6111244547955361,0.6111244547955361,13.630333333333333,13.630333333333333
6,neck,238,laying back+lumbar slouch,0.6111244547955361,0.6111244547955361,13.630333333333333,13.630333333333333
6,neck,239,good+laying back,0.6115266241592744,0.6115266241592744,13.9675,13.9675
6,neck,240,good+laying back+lumbar slouch,0.6115266241592744,0.6115266241592744,13.9675,13.9675
6,neck,241,unknown,0.6119902361571763,0.6119902361571763,10.361,10.361
6,neck,242,good,0.6119902361571763,0.6119902361571763,10.361,10.361
6,neck,243,unknown,0.6124594339701596,0.6239715354363765,-15.6295,10.84
6,neck,244,good,0.6239715354363765,0.6239715354363765,10.84,10.84
6,neck,245,unknown,0.6243681192513797,0.624770288615118,8.80025,13.112
6,neck,246,good+laying back+lumbar slouch,0.624770288615118,0.624770288615118,13.112,13.112
6,neck,247,unknown,0.6252003865215705,0.6417396064994206,-0.12074999999999998,18.9105
6,neck,248,laying back+lumbar slouch+shoulder slouch,0.6417396064994206,0.6417396064994206,18.9105,18.9105
6,neck,249,shoulder slouch,0.6417396064994206,0.6417396064994206,18.9105,18.9105
6,neck,250,unknown,0.6417396064994206,0.6417396064994206,18.9105,18.9105
6,neck,251,laying back+lumbar slouch+shoulder slouch,0.6421752899546083,0.6421752899546083,20.821,20.821
6,neck,252,shoulder slouch,0.6421752899546083,0.6421752899546083,20.821,20.821
6,neck,253,good+laying back,0.6426053878610608,0.6426053878610608,16.0828,16.0828
6,neck,254,good+laying back+lumbar slouch,0.6426053878610608,0.6426053878610608,16.0828,16.0828
6,neck,255,laying back+lumbar slouch,0.6426053878610608,0.6426053878610608,16.0828,16.0828
6,neck,256,laying back+lumbar slouch+shoulder slouch,0.6426053878610608,0.6426053878610608,16.0828,16.0828
6,neck,257,good,0.643069000125309,0.643069000125309,14.3715,14.3715
6,neck,258,good+laying back+lumbar slouch,0.643069000125309,0.643069000125309,14.3715,14.3715
6,neck,259,laying back+lumbar slouch,0.643069000125309,0.643069000125309,14.3715,14.3715
6,neck,260,good+laying back+lumbar slouch,0.643538197671946,0.643538197671946,14.529499999999999,14.529499999999999
6,neck,261,laying back+lumbar slouch,0.643538197671946,0.643538197671946,14.529499999999999,14.529499999999999
6,neck,262,good+laying back+lumbar slouch,0.6439682955783985,0.6439682955783985,15.928333333333333,15.928333333333333
6,neck,263,laying back+lumbar slouch+shoulder slouch,0.6439682955783985,0.6439682955783985,15.928333333333333,15.928333333333333
6,neck,264,good+laying back+lumbar slouch,0.6443704652084831,0.6443704652084831,16.32425,16.32425
6,neck,265,laying back+lumbar slouch,0.6443704652084831,0.6443704652084831,16.32425,16.32425
6,neck,266,laying back+lumbar slouch+shoulder slouch,0.6443704652084831,0.6443704652084831,16.32425,16.32425
6,neck,267,good,0.644834077206385,0.644834077206385,13.0636,13.0636
6,neck,268,good+laying back,0.644834077206385,0.644834077206385,13.0636,13.0636
6,neck,269,good+laying back+lumbar slouch,0.644834077206385,0.644834077206385,13.0636,13.0636
6,neck,270,unknown,0.6453032750193682,0.6453032750193682,11.5905,11.5905
6,neck,271,good+laying back+lumbar slouch,0.6453032750193682,0.6453032750193682,11.5905,11.5905
6,neck,272,good,0.6458004011087194,0.6458004011087194,13.416,13.416
6,neck,273,good+laying back+lumbar slouch,0.6458004011087194,0.6458004011087194,13.416,13.416
6,neck,274,unknown,0.6461969849237226,0.6580777416622285,-15.22,8.802
6,neck,275,good+laying back+lumbar slouch,0.6585134251174162,0.6585134251174162,16.887666666666668,16.887666666666668
6,neck,276,laying back+lumbar slouch+shoulder slouch,0.6585134251174162,0.6585134251174162,16.887666666666668,16.887666666666668
6,neck,277,shoulder slouch,0.6585134251174162,0.6585134251174162,16.887666666666668,16.887666666666668
6,neck,278,good+laying back+lumbar slouch,0.6589100089324194,0.6589100089324194,18.6208,18.6208
6,neck,279,laying back+lumbar slouch,0.6589100089324194,0.6589100089324194,18.6208,18.6208
6,neck,280,lumbar slouch+shoulder slouch,0.6589100089324194,0.6589100089324194,18.6208,18.6208
6,neck,281,shoulder slouch,0.6589100089324194,0.6589100089324194,18.6208,18.6208
6,neck,282,unknown,0.6593792067454026,0.660272916649757,5.4538,10.27
6,neck,283,good,0.660272916649757,0.660272916649757,10.27,10.27
6,neck,284,good+laying back,0.660272916649757,0.660272916649757,10.27,10.27
6,neck,285,unknown,0.6608426567370882,0.6625407056352656,-7.4158333333333335,7.20575
6,neck,286,good,0.6625407056352656,0.6625407056352656,7.20575,7.20575
6,neck,287,unknown,0.6631383742653111,0.6631383742653111,10.3285,10.3285
6,neck,288,good,0.6631383742653111,0.6631383742653111,10.3285,10.3285
6,neck,289,unknown,0.6635349580803143,0.6895251606363039,1.446,11.5838
6,neck,290,good,0.6895251606363039,0.6895251606363039,11.5838,11.5838
6,neck,291,unknown,0.6900278725407364,0.6900278725407364,11.514,11.514
6,neck,292,good,0.6900278725407364,0.6900278725407364,11.514,11.514
6,neck,293,unknown,0.6904914845386383,0.702902881724291,2.609,10.821333333333333
6,neck,294,good,0.702902881724291,0.702902881724291,10.02375,10.02375
6,neck,295,good+laying back,0.7033050510880293,0.7033050510880293,14.25475,14.25475
6,neck,296,good+laying back+lumbar slouch,0.7033050510880293,0.7037351489944819,13.86875,14.25475
6,neck,297,unknown,0.7041652469009344,0.7041652469009344,11.92975,11.92975
6,neck,298,good,0.7041652469009344,0.7041652469009344,11.92975,11.92975
6,neck,299,good+laying back+lumbar slouch,0.7041652469009344,0.7041652469009344,11.92975,11.92975
6,neck,300,unknown,0.7046009306224683,0.7046009306224683,11.689666666666666,11.689666666666666
6,neck,301,good,0.7046009306224683,0.7046009306224683,11.689666666666666,11.689666666666666
6,neck,302,good+laying back,0.7046009306224683,0.7046009306224683,11.689666666666666,11.689666666666666
6,neck,303,good,0.7050310285289209,0.7050310285289209,13.0662,13.0662
6,neck,304,good+laying back+lumbar slouch,0.7050310285289209,0.7050310285289209,13.0662,13.0662
6,neck,305,unknown,0.7055337404333535,0.705963838339806,9.618333333333334,10.22825
6,neck,306,good,0.7063660077035443,0.7063660077035443,12.1496,12.1496
6,neck,307,good+laying back,0.7063660077035443,0.7063660077035443,12.1496,12.1496
6,neck,308,unknown,0.7068631340592418,0.7111250132172365,5.088666666666667,12.11125
6,neck,309,good,0.7111250132172365,0.7111250132172365,12.11125,12.11125
6,neck,310,good+laying back+lumbar slouch,0.7111250132172365,0.7119516949386923,12.11125,15.683250000000001
6,neck,311,laying back+lumbar slouch,0.7119516949386923,0.7119516949386923,15.683250000000001,15.683250000000001
6,neck,312,unknown,0.7123538645687768,0.7123538645687768,11.995750000000001,11.995750000000001
6,neck,313,good,0.7123538645687768,0.7123538645687768,11.995750000000001,11.995750000000001
6,neck,314,good+laying back,0.7123538645687768,0.7123538645687768,11.995750000000001,11.995750000000001
6,neck,315,good+laying back+lumbar slouch,0.7123538645687768,0.7123538645687768,11.995750000000001,11.995750000000001
6,neck,316,unknown,0.7127839624752293,0.7131861318389676,9.906,12.425571428571429
6,neck,317,good,0.7131861318389676,0.7131861318389676,12.425571428571429,12.425571428571429
6,neck,318,good+laying back+lumbar slouch,0.7131861318389676,0.7131861318389676,12.425571428571429,12.425571428571429
6,neck,319,unknown,0.7138843427433612,0.734679856330471,-6.7072,12.251
6,neck,320,good,0.734679856330471,0.734679856330471,12.251,12.251
6,neck,321,good+laying back+lumbar slouch,0.734679856330471,0.734679856330471,12.251,12.251
6,neck,322,unknown,0.7351490541434542,0.7351490541434542,11.869,11.869
6,neck,323,good,0.7351490541434542,0.7351490541434542,11.869,11.869
6,neck,324,good+laying back+lumbar slouch,0.7351490541434542,0.7351490541434542,11.869,11.869
6,neck,325,unknown,0.7355456379584574,0.7483256901500528,0.5455,11.345333333333333
6,neck,326,good,0.7483256901500528,0.7491579576865899,11.345333333333333,11.9365
6,neck,327,unknown,0.7496215696844918,0.7496215696844918,11.687,11.687
6,neck,328,good,0.7496215696844918,0.7496215696844918,11.687,11.687
6,neck,329,good+laying back,0.7496215696844918,0.7496215696844918,11.687,11.687
6,neck,330,good+laying back+lumbar slouch,0.750090767497475,0.750090767497475,13.386666666666667,13.386666666666667
6,neck,331,good,0.7504873513124782,0.7504873513124782,12.9892,12.9892
6,neck,332,good+laying back,0.7504873513124782,0.7504873513124782,12.9892,12.9892
6,neck,333,good+laying back+lumbar slouch,0.7504873513124782,0.7504873513124782,12.9892,12.9892
6,neck,334,unknown,0.7509900632169109,0.7509900632169109,11.3168,11.3168
6,neck,335,good,0.7509900632169109,0.7509900632169109,11.3168,11.3168
6,neck,336,unknown,0.7515207033977114,0.7654625787579484,-3.7133333333333334,10.5165
6,neck,337,good,0.7654625787579484,0.7654625787579484,9.65175,9.65175
6,neck,338,good+laying back,0.7659317765709317,0.7659317765709317,13.30175,13.30175
6,neck,339,good+laying back+lumbar slouch,0.7659317765709317,0.7659317765709317,13.30175,13.30175
6,neck,340,unknown,0.7662948460281392,0.7662948460281392,11.669333333333332,11.669333333333332
6,neck,341,good,0.7662948460281392,0.7662948460281392,11.669333333333332,11.669333333333332
6,neck,342,good+laying back+lumbar slouch,0.7662948460281392,0.7662948460281392,11.669333333333332,11.669333333333332
6,neck,343,unknown,0.7666970156582239,0.7940836400230005,-2.0213333333333336,12.31275
6,neck,344,good+laying back,0.7940836400230005,0.7940836400230005,12.31275,12.31275
6,neck,345,unknown,0.794513737929453,0.794513737929453,10.7666,10.7666
6,neck,346,good,0.794513737929453,0.794513737929453,10.7666,10.7666
6,neck,347,unknown,0.7949773501937012,0.8019706306014526,5.903333333333333,10.678749999999999
6,neck,348,good,0.8019706306014526,0.8019706306014526,10.678749999999999,10.678749999999999
6,neck,349,good+laying back,0.8024342425993545,0.8024342425993545,13.96075,13.96075
6,neck,350,good+laying back+lumbar slouch,0.8024342425993545,0.8036966077759978,13.96075,15.7505
6,neck,351,unknown,0.8041658055889811,0.8041658055889811,12.7486,12.7486
6,neck,352,good,0.8041658055889811,0.8041658055889811,12.7486,12.7486
6,neck,353,good+laying back+lumbar slouch,0.8041658055889811,0.8041658055889811,12.7486,12.7486
6,neck,354,unknown,0.8046964457697816,0.8046964457697816,11.997333333333334,11.997333333333334
6,neck,355,good,0.8046964457697816,0.8046964457697816,11.997333333333334,11.997333333333334
6,neck,356,good+laying back,0.8046964457697816,0.8050986153998662,11.997333333333334,13.1055
6,neck,357,good+laying back+lumbar slouch,0.8050986153998662,0.8050986153998662,13.1055,13.1055
6,neck,358,good,0.8055287133063187,0.8055287133063187,12.044666666666668,12.044666666666668
6,neck,359,unknown,0.805925297121322,0.806858106932207,11.115,11.344750000000001
6,neck,360,good,0.806858106932207,0.806858106932207,11.344750000000001,11.344750000000001
6,neck,361,unknown,0.8072937903873947,0.8072937903873947,10.1194,10.1194
6,neck,362,good,0.8072937903873947,0.8072937903873947,10.1194,10.1194
6,neck,363,unknown,0.8078244308345416,0.8091203101026342,9.695333333333334,11.4285
6,neck,364,good,0.8091203101026342,0.8091203101026342,11.4285,11.4285
6,neck,365,unknown,0.8095224797327188,0.8095224797327188,11.427,11.427
6,neck,366,good,0.8095224797327188,0.8095224797327188,11.427,11.427
6,neck,367,good+laying back+lumbar slouch,0.8099860917306206,0.8112875568137947,13.25925,14.274000000000001
6,neck,368,unknown,0.8117176547202473,0.8117176547202473,11.346,11.346
6,neck,369,good,0.8117176547202473,0.8117176547202473,11.346,11.346
6,neck,370,good+laying back+lumbar slouch,0.8117176547202473,0.8117176547202473,11.346,11.346
6,neck,371,unknown,0.8121812667181492,0.8121812667181492,12.5224,12.5224
6,neck,372,good+laying back+lumbar slouch,0.8121812667181492,0.8121812667181492,12.5224,12.5224
6,neck,373,good,0.8126504645311324,0.8126504645311324,12.617750000000001,12.617750000000001
6,neck,374,good+laying back,0.8126504645311324,0.8126504645311324,12.617750000000001,12.617750000000001
6,neck,375,good+laying back+lumbar slouch,0.8126504645311324,0.8126504645311324,12.617750000000001,12.617750000000001
6,neck,376,unknown,0.8131140765290343,0.8198057298473954,1.9080000000000001,12.524333333333333
6,neck,377,good+laying back+lumbar slouch,0.8198057298473954,0.8202023136623986,12.524333333333333,13.26625
6,neck,378,good,0.8206715114753819,0.8206715114753819,12.937750000000001,12.937750000000001
6,neck,379,good+laying back,0.8206715114753819,0.8206715114753819,12.937750000000001,12.937750000000001
6,neck,380,good+laying back+lumbar slouch,0.8206715114753819,0.8206715114753819,12.937750000000001,12.937750000000001
6,neck,381,unknown,0.8211016093818344,0.845695390129037,-14.030750000000001,10.96025
6,neck,382,good,0.845695390129037,0.845695390129037,10.96025,10.96025
6,neck,383,unknown,0.8461254880354896,0.8461254880354896,11.009500000000001,11.009500000000001
6,neck,384,good,0.8461254880354896,0.8461254880354896,11.009500000000001,11.009500000000001
6,neck,385,unknown,0.8465611717570235,0.846991269663476,10.5535,11.5048
6,neck,386,good,0.846991269663476,0.846991269663476,11.5048,11.5048
6,neck,387,good+laying back,0.8474213675699286,0.8474213675699286,12.908999999999999,12.908999999999999
6,neck,388,good+laying back+lumbar slouch,0.8474213675699286,0.8495886142810891,12.908999999999999,16.340666666666667
6,neck,389,unknown,0.849985197829746,0.849985197829746,12.722,12.722
6,neck,390,good,0.849985197829746,0.849985197829746,12.722,12.722
6,neck,391,good+laying back+lumbar slouch,0.849985197829746,0.849985197829746,12.722,12.722
6,neck,392,unknown,0.8504543956427293,0.8571069490545598,6.016249999999999,12.52575
6,neck,393,good,0.8571069490545598,0.8571069490545598,12.52575,12.52575
6,neck,394,good+laying back+lumbar slouch,0.8571069490545598,0.8576040754102572,12.52575,13.954
6,neck,395,unknown,0.8580062447739955,0.8580062447739955,11.1832,11.1832
6,neck,396,good,0.8580062447739955,0.8580062447739955,11.1832,11.1832
6,neck,397,good+laying back+lumbar slouch,0.8580062447739955,0.8580062447739955,11.1832,11.1832
6,neck,398,unknown,0.8585368852211424,0.8597713221214177,4.859666666666667,11.6312
6,neck,399,good,0.8597713221214177,0.8597713221214177,11.6312,11.6312
6,neck,400,unknown,0.8602349341193196,0.8620335252918448,2.373,11.059666666666667
6,neck,401,good+laying back+lumbar slouch,0.8624301091068481,0.8624301091068481,17.71275,17.71275
6,neck,402,laying back+lumbar slouch+shoulder slouch,0.8624301091068481,0.8624301091068481,17.71275,17.71275
6,neck,403,shoulder slouch,0.8624301091068481,0.8624301091068481,17.71275,17.71275
6,neck,404,unknown,0.8628993069198314,0.8628993069198314,-0.33783333333333315,-0.33783333333333315
6,neck,405,good+laying back+lumbar slouch,0.8628993069198314,0.8628993069198314,-0.33783333333333315,-0.33783333333333315
6,neck,406,unknown,0.8635304893749799,0.8651615100902585,-26.0005,9.120000000000001
6,neck,407,good,0.8655916079967111,0.8655916079967111,12.048333333333334,12.048333333333334
6,neck,408,unknown,0.866027291718245,0.866027291718245,11.293,11.293
6,neck,409,good,0.866027291718245,0.866027291718245,11.293,11.293
6,neck,410,good+laying back,0.866027291718245,0.866027291718245,11.293,11.293
6,neck,411,good,0.8665244178075961,0.8665244178075961,12.541,12.541
6,neck,412,good+laying back,0.8665244178075961,0.8665244178075961,12.541,12.541
6,neck,413,good+laying back+lumbar slouch,0.8665244178075961,0.8665244178075961,12.541,12.541
6,neck,414,unknown,0.8669601015291301,0.8669601015291301,10.2845,10.2845
6,neck,415,good,0.8669601015291301,0.8669601015291301,10.2845,10.2845
6,neck,416,good+laying back,0.8669601015291301,0.8669601015291301,10.2845,10.2845
6,neck,417,unknown,0.8673901994355826,0.87151802222778,-26.902749999999997,11.58775
6,neck,418,good,0.87151802222778,0.87151802222778,11.58775,11.58775
6,neck,419,good+laying back,0.87151802222778,0.87151802222778,11.58775,11.58775
6,neck,420,unknown,0.8719481201342325,0.8802707941678724,-20.502000000000002,9.69825
6,neck,421,good,0.8802707941678724,0.8806673779828755,9.69825,11.861666666666666
6,neck,422,unknown,0.8810639617978787,0.8810639617978787,9.44375,9.44375
6,neck,423,good+laying back,0.8810639617978787,0.8810639617978787,9.44375,9.44375
6,neck,424,unknown,0.881466131161617,0.8860240521266133,-1.9038000000000002,10.726333333333333
6,neck,425,good+laying back,0.8860240521266133,0.8864262214903516,10.726333333333333,13.835
6,neck,426,good+laying back+lumbar slouch,0.8864262214903516,0.8864262214903516,13.835,13.835
6,neck,427,unknown,0.8869233475797027,0.8869233475797027,12.971333333333334,12.971333333333334
6,neck,428,good+laying back,0.8869233475797027,0.8869233475797027,12.971333333333334,12.971333333333334
6,neck,429,good+laying back+lumbar slouch,0.8869233475797027,0.8869233475797027,12.971333333333334,12.971333333333334
6,neck,430,unknown,0.8873255172097874,0.9038591513725561,-30.1642,11.77425
6,neck,431,good+laying back+lumbar slouch,0.9038591513725561,0.9038591513725561,11.77425,11.77425
6,neck,432,laying back+lumbar slouch+shoulder slouch,0.9038591513725561,0.9038591513725561,11.77425,11.77425
6,neck,433,unknown,0.9043283491855394,0.9043283491855394,12.3224,12.3224
6,neck,434,good+laying back+lumbar slouch,0.9043283491855394,0.9043283491855394,12.3224,12.3224
6,neck,435,laying back+lumbar slouch,0.9043283491855394,0.9043283491855394,12.3224,12.3224
6,neck,436,unknown,0.9048254752748905,0.9442939411932153,-22.613666666666667,10.502
6,neck,437,good+laying back+lumbar slouch,0.9442939411932153,0.9442939411932153,10.502,10.502
6,neck,438,good,0.9447910672825666,0.9447910672825666,14.108,14.108
6,neck,439,good+laying back+lumbar slouch,0.9447910672825666,0.9447910672825666,14.108,14.108
6,neck,440,unknown,0.9452267510041005,0.9452267510041005,11.100249999999999,11.100249999999999
6,neck,441,good,0.9452267510041005,0.9452267510041005,11.100249999999999,11.100249999999999
6,neck,442,unknown,0.9457238770934516,0.946952728444992,-13.095666666666666,12.9596
6,neck,443,good+laying back+lumbar slouch,0.946952728444992,0.946952728444992,12.9596,12.9596
6,neck,444,laying back+lumbar slouch,0.946952728444992,0.946952728444992,12.9596,12.9596
6,neck,445,laying back+lumbar slouch+shoulder slouch,0.946952728444992,0.946952728444992,12.9596,12.9596
6,neck,446,unknown,0.9474554400830782,0.9505499110563889,-1.21125,10.3976
6,neck,447,good,0.9505499110563889,0.9505499110563889,10.3976,10.3976
6,neck,448,unknown,0.9511140653286387,1,-26.3645,10.1316
7,lower_back,0,unknown,0,0.2966904724423054,-11.336428571428572,0.758
7,lower_back,1,neck slouch,0.2966904724423054,0.2966904724423054,0.758,0.758
7,lower_back,2,good+neck slouch,0.2966904724423054,0.2966904724423054,0.758,0.758
7,lower_back,3,unknown,0.2973549462963512,0.2973549462963512,-1.2414,-1.2414
7,lower_back,4,neck slouch,0.2973549462963512,0.2973549462963512,-1.2414,-1.2414
7,lower_back,5,unknown,0.29792449550428834,1,-20.9324,-3.801375
7,mid_back,0,unknown,0,1,-28.2045,1.3546666666666667
7,neck,0,unknown,0,1,-31.8206,4.515
8,lower_back,0,neck slouch,0,0.003690634461694899,0.28,0.69375
8,lower_back,1,good+neck slouch,0.00415964103481906,0.005722995834836661,1.1074,3.5742
8,lower_back,2,good+neck slouch+shoulder slouch,0.005722995834836661,0.006286920430258596,3.272,3.5742
8,lower_back,3,good+neck slouch,0.006817344327967863,0.006817344327967863,2.80025,2.80025
8,lower_back,4,good+neck slouch+shoulder slouch,0.006817344327967863,0.006817344327967863,2.80025,2.80025
8,lower_back,5,unknown,0.007286350901092025,0.007286350901092025,0.4692,0.4692
8,lower_back,6,neck slouch,0.007286350901092025,0.007286350901092025,0.4692,0.4692
8,lower_back,7,good+neck slouch,0.007286350901092025,0.007286350901092025,0.4692,0.4692
8,lower_back,8,unknown,0.0078167747988012945,0.008380699394223227,-0.5065999999999999,-0.22674999999999998
8,lower_back,9,neck slouch,0.008849705967347389,0.008849705967347389,0.5274,0.5274
8,lower_back,10,good+neck slouch,0.008849705967347389,0.008849705967347389,0.5274,0.5274
8,lower_back,11,unknown,0.009380129865056657,0.009380129865056657,-0.2712,-0.2712
8,lower_back,12,neck slouch,0.009380129865056657,0.009380129865056657,-0.2712,-0.2712
8,lower_back,13,good+neck slouch,0.009380129865056657,0.009380129865056657,-0.2712,-0.2712
8,lower_back,14,unknown,0.009977554891953493,0.010513562328027462,-0.8054,0.0572
8,lower_back,15,neck slouch,0.010513562328027462,0.011077486657211632,0.0572,0.538
8,lower_back,16,good+neck slouch,0.011540909691971095,0.011540909691971095,1.3744,1.3744
8,lower_back,17,neck slouch,0.012076917128045062,0.012076917128045062,0.9117999999999999,0.9117999999999999
8,lower_back,18,good+neck slouch,0.012076917128045062,0.012076917128045062,0.9117999999999999,0.9117999999999999
8,lower_back,19,unknown,0.012640841723466996,0.012640841723466996,0.103,0.103
8,lower_back,20,neck slouch,0.012640841723466996,0.012640841723466996,0.103,0.103
8,lower_back,21,unknown,0.013104264758226458,0.013673772625775328,-1.037,-0.7615999999999999
8,lower_back,22,neck slouch,0.014204196523484596,0.014204196523484596,0.5725,0.5725
8,lower_back,23,good+neck slouch,0.014204196523484596,0.01466761955824406,0.5725,1.8876
8,lower_back,24,unknown,0.015203626994318027,0.015203626994318027,0.2284,0.2284
8,lower_back,25,neck slouch,0.015203626994318027,0.015203626994318027,0.2284,0.2284
8,lower_back,26,good+neck slouch,0.015203626994318027,0.015203626994318027,0.2284,0.2284
8,lower_back,27,unknown,0.01576755158973996,0.02212147288294836,-8.1725,-0.15599999999999997
8,lower_back,28,neck slouch,0.02212147288294836,0.02212147288294836,-0.15599999999999997,-0.15599999999999997
8,lower_back,29,good+neck slouch,0.02212147288294836,0.02212147288294836,-0.15599999999999997,-0.15599999999999997
8,lower_back,30,unknown,0.022685397212132533,0.022685397212132533,-0.776,-0.776
8,lower_back,31,good+neck slouch,0.022685397212132533,0.022685397212132533,-0.776,-0.776
8,lower_back,32,unknown,0.023148820246891997,0.02837489261549429,-4.8766,1.2546
8,lower_back,33,good+neck slouch,0.02837489261549429,0.02837489261549429,1.2546,1.2546
8,lower_back,34,good+neck slouch+shoulder slouch,0.02837489261549429,0.02837489261549429,1.2546,1.2546
8,lower_back,35,unknown,0.028938817210916224,0.028938817210916224,-1.07675,-1.07675
8,lower_back,36,neck slouch,0.028938817210916224,0.028938817210916224,-1.07675,-1.07675
8,lower_back,37,unknown,0.029407823517802623,0.03519223694346216,-4.4594000000000005,-1.534
8,lower_back,38,good+neck slouch,0.03565565997822162,0.03565565997822162,5.8964,5.8964
8,lower_back,39,shoulder slouch,0.03565565997822162,0.04557179727935224,5.8964,8.504285714285714
8,lower_back,40,unknown,0.04557179727935224,0.04557179727935224,8.504285714285714,8.504285714285714
8,lower_back,41,lumbar slouch,0.04557179727935224,0.04690064879280776,8.504285714285714,10.9138
8,lower_back,42,unknown,0.047464573388229694,0.04793357996135386,9.03475,9.1418
8,lower_back,43,lumbar slouch,0.048464003859063125,0.14998715822118217,9.5176,13.6384
8,lower_back,44,good+neck slouch,0.15045058125594163,0.15045058125594163,8.4002,8.4002
8,lower_back,45,shoulder slouch,0.15045058125594163,0.15045058125594163,8.4002,8.4002
8,lower_back,46,lumbar slouch,0.15045058125594163,0.15045058125594163,8.4002,8.4002
8,lower_back,47,unknown,0.15098100541988868,0.15490614290190788,-6.5038,-3.2872
8,lower_back,48,neck slouch,0.15490614290190788,0.15490614290190788,-3.2872,-3.2872
8,lower_back,49,unknown,0.15547565076945674,0.16093064288625644,-9.0832,3.4772499999999997
8,lower_back,50,good+neck slouch,0.16093064288625644,0.16093064288625644,3.4772499999999997,3.4772499999999997
8,lower_back,51,shoulder slouch,0.16093064288625644,0.16139406618725366,3.4772499999999997,8.6198
8,lower_back,52,unknown,0.16139406618725366,0.16139406618725366,8.6198,8.6198
8,lower_back,53,shoulder slouch,0.16192449008496293,0.16405735301876717,6.7852,8.6585
8,lower_back,54,unknown,0.16405735301876717,0.16405735301876717,8.6585,8.6585
8,lower_back,55,lumbar slouch,0.16405735301876717,0.16405735301876717,8.6585,8.6585
8,lower_back,56,shoulder slouch,0.16452077605352664,0.16452077605352664,6.3194,6.3194
8,lower_back,57,neck slouch+shoulder slouch,0.1650511999512359,0.1650511999512359,5.4614,5.4614
8,lower_back,58,shoulder slouch,0.1650511999512359,0.1650511999512359,5.4614,5.4614
8,lower_back,59,good+neck slouch+shoulder slouch,0.16562070781878477,0.16562070781878477,5.2185,5.2185
8,lower_back,60,shoulder slouch,0.16562070781878477,0.16562070781878477,5.2185,5.2185
8,lower_back,61,good+neck slouch+shoulder slouch,0.16608413085354423,0.16664805544896616,3.6782,4.9878
8,lower_back,62,neck slouch+shoulder slouch,0.16664805544896616,0.16664805544896616,4.9878,4.9878
8,lower_back,63,shoulder slouch,0.16664805544896616,0.16664805544896616,4.9878,4.9878
8,lower_back,64,neck slouch+shoulder slouch,0.16718406288504012,0.16718406288504012,5.4165,5.4165
8,lower_back,65,shoulder slouch,0.16718406288504012,0.16718406288504012,5.4165,5.4165
8,lower_back,66,good+neck slouch+shoulder slouch,0.16764748591979958,0.16764748591979958,3.9956,3.9956
8,lower_back,67,shoulder slouch,0.16764748591979958,0.16764748591979958,3.9956,3.9956
8,lower_back,68,unknown,0.16817790981750885,0.16817790981750885,1.3306,1.3306
8,lower_back,69,good+neck slouch+shoulder slouch,0.16817790981750885,0.16817790981750885,1.3306,1.3306
8,lower_back,70,unknown,0.16874741768505772,0.21128742285419702,-16.4366,0.3096
8,lower_back,71,neck slouch,0.21128742285419702,0.21185693072174588,0.3096,0.37625
8,lower_back,72,unknown,0.21232035375650535,0.21232035375650535,0.368,0.368
8,lower_back,73,neck slouch,0.21232035375650535,0.21232035375650535,0.368,0.368
8,lower_back,74,unknown,0.21288427835192728,0.22280041565305791,-18.991,-0.91475
8,lower_back,75,good+neck slouch+shoulder slouch,0.22280041565305791,0.22326383868781738,-0.91475,3.771
8,lower_back,76,neck slouch,0.22389476387995133,0.22389476387995133,2.2685,2.2685
8,lower_back,77,good+neck slouch,0.22389476387995133,0.22389476387995133,2.2685,2.2685
8,lower_back,78,good+neck slouch+shoulder slouch,0.22389476387995133,0.22389476387995133,2.2685,2.2685
8,lower_back,79,unknown,0.2243637704530755,0.22905383538560384,-12.84325,-0.3349999999999999
8,lower_back,80,neck slouch,0.22905383538560384,0.22905383538560384,-0.3349999999999999,-0.3349999999999999
8,lower_back,81,unknown,0.2295172584203633,0.2437884558067977,-17.56975,0.217
8,lower_back,82,neck slouch,0.2437884558067977,0.24478788627763112,0.217,0.7034
8,lower_back,83,good+neck slouch,0.24478788627763112,0.24535181087305305,0.7034,1.6054
8,lower_back,84,unknown,0.24588223477076232,0.24588223477076232,-3.1222000000000003,-3.1222000000000003
8,lower_back,85,neck slouch,0.24588223477076232,0.24588223477076232,-3.1222000000000003,-3.1222000000000003
8,lower_back,86,unknown,0.2464517426383112,0.2501423771000061,-9.135,-0.2076
8,lower_back,87,neck slouch,0.25070630142919026,0.25070630142919026,1.1247500000000001,1.1247500000000001
8,lower_back,88,good+neck slouch,0.25070630142919026,0.2511697247301875,1.1247500000000001,2.4762
8,lower_back,89,good+neck slouch+shoulder slouch,0.2511697247301875,0.25170573216626146,2.4762,2.7356
8,lower_back,90,good+neck slouch,0.25226965649544564,0.25226965649544564,2.4979999999999998,2.4979999999999998
8,lower_back,91,good+neck slouch+shoulder slouch,0.25226965649544564,0.25226965649544564,2.4979999999999998,2.4979999999999998
8,lower_back,92,unknown,0.2527330795302051,0.253833011561701,-0.7296,0.18675
8,lower_back,93,neck slouch,0.253833011561701,0.25429643459646045,0.18675,0.9624
8,lower_back,94,good+neck slouch,0.25429643459646045,0.25639579683255204,0.9624,2.617
8,lower_back,95,good+neck slouch+shoulder slouch,0.25639579683255204,0.25819365518536946,2.617,4.0154
8,lower_back,96,good+neck slouch,0.25875757951455364,0.25875757951455364,3.848,3.848
8,lower_back,97,good+neck slouch+shoulder slouch,0.25875757951455364,0.25875757951455364,3.848,3.848
8,lower_back,98,unknown,0.25922100254931313,0.25922100254931313,-4.5178,-4.5178
8,lower_back,99,good+neck slouch,0.25922100254931313,0.25922100254931313,-4.5178,-4.5178
8,lower_back,100,unknown,0.2597570099853871,0.2618842896470644,-8.2102,0.3545
8,lower_back,101,neck slouch,0.2618842896470644,0.2618842896470644,0.3545,0.3545
8,lower_back,102,good+neck slouch,0.2618842896470644,0.2628837201178978,0.3545,5.2404
8,lower_back,103,good+neck slouch+shoulder slouch,0.2628837201178978,0.2628837201178978,5.2404,5.2404
8,lower_back,104,shoulder slouch,0.2628837201178978,0.26344764444708196,5.2404,9.263
8,lower_back,105,unknown,0.26344764444708196,0.26344764444708196,9.263,9.263
8,lower_back,106,lumbar slouch,0.26344764444708196,0.26501099951333734,9.263,10.777750000000001
8,lower_back,107,shoulder slouch,0.2654744225480968,0.2654744225480968,9.99,9.99
8,lower_back,108,lumbar slouch,0.2654744225480968,0.2654744225480968,9.99,9.99
8,lower_back,109,good+neck slouch+shoulder slouch,0.2660104299841708,0.2660104299841708,5.1342,5.1342
8,lower_back,110,shoulder slouch,0.2660104299841708,0.2665743543133549,5.1342,9.621
8,lower_back,111,lumbar slouch,0.2665743543133549,0.2670377773481144,9.621,17.8746
8,lower_back,112,unknown,0.2670377773481144,0.26757378478418836,17.8746,21.931
8,lower_back,113,lumbar slouch,0.2681377093796103,0.2681377093796103,17.6965,17.6965
8,lower_back,114,unknown,0.2681377093796103,0.2681377093796103,17.6965,17.6965
8,lower_back,115,lumbar slouch,0.2686011324143698,0.27172784228064273,10.6184,18.297800000000002
8,lower_back,116,unknown,0.27172784228064273,0.27172784228064273,17.8418,17.8418
8,lower_back,117,lumbar slouch,0.2722638497167167,0.2722638497167167,18.5744,18.5744
8,lower_back,118,unknown,0.2728277743121386,0.27439112911215624,19.1108,20.03125
8,lower_back,119,lumbar slouch,0.2748545521469157,0.2748545521469157,19.6316,19.6316
8,lower_back,120,unknown,0.2748545521469157,0.2748545521469157,19.6316,19.6316
8,lower_back,121,lumbar slouch,0.27539055958298964,0.2759544841784116,14.825,22.4812
8,lower_back,122,unknown,0.2759544841784116,0.2759544841784116,22.4812,22.4812
8,lower_back,123,laying back,0.2759544841784116,0.2770488326715428,22.4812,31.3936
8,lower_back,124,lumbar slouch,0.2776183405390917,0.2776183405390917,22.1976,22.1976
8,lower_back,125,unknown,0.2776183405390917,0.2776183405390917,22.1976,22.1976
8,lower_back,126,lumbar slouch,0.27818226486827585,0.27864568816927304,11.6312,14.035
8,lower_back,127,shoulder slouch,0.27918169533910925,0.27918169533910925,9.547,9.547
8,lower_back,128,lumbar slouch,0.27918169533910925,0.27918169533910925,9.547,9.547
8,lower_back,129,shoulder slouch,0.2797456199345312,0.28020904296929067,7.984249999999999,9.1288
8,lower_back,130,unknown,0.28020904296929067,0.28020904296929067,9.1288,9.1288
8,lower_back,131,lumbar slouch,0.28020904296929067,0.28020904296929067,9.1288,9.1288
8,lower_back,132,shoulder slouch,0.2807450504053646,0.2807450504053646,9.144,9.144
8,lower_back,133,unknown,0.2807450504053646,0.2807450504053646,9.144,9.144
8,lower_back,134,lumbar slouch,0.2807450504053646,0.2807450504053646,9.144,9.144
8,lower_back,135,shoulder slouch,0.28130897500078655,0.28130897500078655,9.15175,9.15175
8,lower_back,136,unknown,0.28130897500078655,0.28130897500078655,9.15175,9.15175
8,lower_back,137,lumbar slouch,0.28130897500078655,0.2852006120513309,9.15175,13.701
8,lower_back,138,shoulder slouch,0.28576453664675283,0.28576453664675283,7.5642499999999995,7.5642499999999995
8,lower_back,139,lumbar slouch,0.28576453664675283,0.28576453664675283,7.5642499999999995,7.5642499999999995
8,lower_back,140,good+neck slouch+shoulder slouch,0.28623354295363923,0.28623354295363923,5.4590000000000005,5.4590000000000005
8,lower_back,141,shoulder slouch,0.28623354295363923,0.30512780440965215,5.4590000000000005,8.5714
8,lower_back,142,unknown,0.30512780440965215,0.30512780440965215,8.5714,8.5714
8,lower_back,143,good+neck slouch+shoulder slouch,0.3056582283073614,0.3056582283073614,6.8955,6.8955
8,lower_back,144,shoulder slouch,0.3056582283073614,0.3056582283073614,6.8955,6.8955
8,lower_back,145,good+neck slouch+shoulder slouch,0.3061216513421209,0.3082210138444502,3.4046,4.776
8,lower_back,146,neck slouch+shoulder slouch,0.308818438871347,0.30991837063660516,4.8746,5.1032
8,lower_back,147,good+neck slouch+shoulder slouch,0.31044879453431445,0.31044879453431445,4.389714285714286,4.389714285714286
8,lower_back,148,neck slouch+shoulder slouch,0.31044879453431445,0.31044879453431445,4.389714285714286,4.389714285714286
8,lower_back,149,good+neck slouch+shoulder slouch,0.3112472224162985,0.3112472224162985,5.4852,5.4852
8,lower_back,150,neck slouch+shoulder slouch,0.3112472224162985,0.3112472224162985,5.4852,5.4852
8,lower_back,151,shoulder slouch,0.3112472224162985,0.31177764631400773,5.4852,9.0856
8,lower_back,152,unknown,0.31177764631400773,0.31177764631400773,9.0856,9.0856
8,lower_back,153,lumbar slouch,0.31177764631400773,0.31177764631400773,9.0856,9.0856
8,lower_back,154,good+neck slouch+shoulder slouch,0.31234157090942966,0.31234157090942966,6.7455,6.7455
8,lower_back,155,shoulder slouch,0.31234157090942966,0.31234157090942966,6.7455,6.7455
8,lower_back,156,unknown,0.31234157090942966,0.31234157090942966,6.7455,6.7455
8,lower_back,157,good+neck slouch+shoulder slouch,0.31281057721631605,0.3133410013802631,3.552,4.321
8,lower_back,158,neck slouch+shoulder slouch,0.3133410013802631,0.3133410013802631,4.321,4.321
8,lower_back,159,good+neck slouch+shoulder slouch,0.3139049257094473,0.31437393228257143,2.6948,3.51575
8,lower_back,160,good+neck slouch,0.3149043561802807,0.3149043561802807,2.6684,2.6684
8,lower_back,161,good+neck slouch+shoulder slouch,0.3149043561802807,0.3221907070813727,2.6684,3.6075
8,lower_back,162,good+neck slouch,0.322721130979082,0.322721130979082,2.2523999999999997,2.2523999999999997
8,lower_back,163,good+neck slouch+shoulder slouch,0.322721130979082,0.322721130979082,2.2523999999999997,2.2523999999999997
8,lower_back,164,good+neck slouch,0.32328505557450393,0.3264117654407769,1.8375,2.60375
8,lower_back,165,good+neck slouch+shoulder slouch,0.3264117654407769,0.32957197573852476,2.60375,3.4936000000000003
8,lower_back,166,neck slouch+shoulder slouch,0.3301079831745987,0.3301079831745987,5.7700000000000005,5.7700000000000005
8,lower_back,167,shoulder slouch,0.3301079831745987,0.3301079831745987,5.7700000000000005,5.7700000000000005
8,lower_back,168,unknown,0.33067190777002065,0.33067190777002065,0.96675,0.96675
8,lower_back,169,good+neck slouch,0.33067190777002065,0.33067190777002065,0.96675,0.96675
8,lower_back,170,good+neck slouch+shoulder slouch,0.33067190777002065,0.33067190777002065,0.96675,0.96675
8,lower_back,171,unknown,0.33113533080478014,0.332235262836276,-1.6204,1.6715
8,lower_back,172,good+neck slouch,0.332235262836276,0.332235262836276,1.6715,1.6715
8,lower_back,173,good+neck slouch+shoulder slouch,0.332235262836276,0.33269868587103546,1.6715,4.5726
8,lower_back,174,shoulder slouch,0.33269868587103546,0.3337986176362936,4.5726,6.313
8,lower_back,175,neck slouch+shoulder slouch,0.3342620406710531,0.3342620406710531,5.8866,5.8866
8,lower_back,176,shoulder slouch,0.3342620406710531,0.3342620406710531,5.8866,5.8866
8,lower_back,177,neck slouch+shoulder slouch,0.33479804810712704,0.33479804810712704,5.2042,5.2042
8,lower_back,178,shoulder slouch,0.33479804810712704,0.33582539573730846,5.2042,8.3804
8,lower_back,179,unknown,0.33582539573730846,0.33582539573730846,8.3804,8.3804
8,lower_back,180,lumbar slouch,0.3363614031733824,0.3363614031733824,10.2032,10.2032
8,lower_back,181,shoulder slouch,0.3369253275025666,0.3369253275025666,9.446666666666667,9.446666666666667
8,lower_back,182,unknown,0.3369253275025666,0.3369253275025666,9.446666666666667,9.446666666666667
8,lower_back,183,lumbar slouch,0.3369253275025666,0.3375897533924132,9.446666666666667,9.87675
8,lower_back,184,shoulder slouch,0.33805875996553736,0.33805875996553736,8.1212,8.1212
8,lower_back,185,lumbar slouch,0.33805875996553736,0.33805875996553736,8.1212,8.1212
8,lower_back,186,shoulder slouch,0.33858918386324666,0.3407164632586862,6.5852,8.2645
8,lower_back,187,unknown,0.34118546983181036,0.34118546983181036,9.1878,9.1878
8,lower_back,188,lumbar slouch,0.34118546983181036,0.34118546983181036,9.1878,9.1878
8,lower_back,189,shoulder slouch,0.3417158937295196,0.3417158937295196,8.3926,8.3926
8,lower_back,190,unknown,0.3417158937295196,0.3417158937295196,8.3926,8.3926
8,lower_back,191,shoulder slouch,0.34227981832494153,0.34640595866204793,8.253499999999999,8.9098
8,lower_back,192,unknown,0.34640595866204793,0.34640595866204793,8.9098,8.9098
8,lower_back,193,shoulder slouch,0.34696988325746986,0.34696988325746986,8.306750000000001,8.306750000000001
8,lower_back,194,unknown,0.34696988325746986,0.34696988325746986,8.306750000000001,8.306750000000001
8,lower_back,195,shoulder slouch,0.34743888956435626,0.34793581329682843,6.5904,7.5234000000000005
8,lower_back,196,neck slouch+shoulder slouch,0.3485332380574875,0.3485332380574875,5.20325,5.20325
8,lower_back,197,shoulder slouch,0.3485332380574875,0.3485332380574875,5.20325,5.20325
8,lower_back,198,good+neck slouch+shoulder slouch,0.34900224463061164,0.34953266852832093,4.7848,4.8856
8,lower_back,199,neck slouch+shoulder slouch,0.34953266852832093,0.3511295240260512,4.8856,5.3944
8,lower_back,200,shoulder slouch,0.3511295240260512,0.3557860885271046,5.3944,8.4604
8,lower_back,201,lumbar slouch,0.3557860885271046,0.35635001285628876,7.7146,11.2565
8,lower_back,202,good+neck slouch+shoulder slouch,0.35681901942941296,0.35681901942941296,5.9092,5.9092
8,lower_back,203,neck slouch+shoulder slouch,0.35681901942941296,0.35681901942941296,5.9092,5.9092
8,lower_back,204,shoulder slouch,0.35681901942941296,0.35681901942941296,5.9092,5.9092
8,lower_back,205,lumbar slouch,0.35681901942941296,0.35681901942941296,5.9092,5.9092
8,lower_back,206,good+neck slouch+shoulder slouch,0.3573494433271222,0.3573494433271222,3.9827999999999997,3.9827999999999997
8,lower_back,207,neck slouch+shoulder slouch,0.3573494433271222,0.3573494433271222,3.9827999999999997,3.9827999999999997
8,lower_back,208,shoulder slouch,0.35791336792254413,0.37208406401455385,6.1675,8.107800000000001
8,lower_back,209,neck slouch,0.372647988343738,0.372647988343738,4.723,4.723
8,lower_back,210,good+neck slouch,0.372647988343738,0.372647988343738,4.723,4.723
8,lower_back,211,good+neck slouch+shoulder slouch,0.372647988343738,0.372647988343738,4.723,4.723
8,lower_back,212,neck slouch+shoulder slouch,0.372647988343738,0.372647988343738,4.723,4.723
8,lower_back,213,shoulder slouch,0.372647988343738,0.372647988343738,4.723,4.723
8,lower_back,214,unknown,0.3739154225326084,0.3739154225326084,0.3176,0.3176
8,lower_back,215,neck slouch,0.3739154225326084,0.3739154225326084,0.3176,0.3176
8,lower_back,216,good+neck slouch,0.3739154225326084,0.3739154225326084,0.3176,0.3176
8,lower_back,217,good+neck slouch+shoulder slouch,0.37444584669655545,0.37444584669655545,5.9215,5.9215
8,lower_back,218,shoulder slouch,0.37444584669655545,0.37491485300344185,5.9215,9.287799999999999
8,lower_back,219,unknown,0.37491485300344185,0.37491485300344185,9.287799999999999,9.287799999999999
8,lower_back,220,lumbar slouch,0.37491485300344185,0.3754452771673889,9.287799999999999,19.7028
8,lower_back,221,unknown,0.3754452771673889,0.3754452771673889,19.7028,19.7028
8,lower_back,222,lumbar slouch,0.37604270192804795,0.37604270192804795,19.084600000000002,19.084600000000002
8,lower_back,223,unknown,0.37604270192804795,0.37604270192804795,19.084600000000002,19.084600000000002
8,lower_back,224,lumbar slouch,0.3766066265234699,0.37923641292350846,11.1656,15.3612
8,lower_back,225,unknown,0.37980033725269263,0.37980033725269263,9.745000000000001,9.745000000000001
8,lower_back,226,lumbar slouch,0.37980033725269263,0.38026934382581684,9.745000000000001,11.5706
8,lower_back,227,shoulder slouch,0.3807997677235261,0.3807997677235261,9.0436,9.0436
8,lower_back,228,unknown,0.3807997677235261,0.3807997677235261,9.0436,9.0436
8,lower_back,229,lumbar slouch,0.3807997677235261,0.3807997677235261,9.0436,9.0436
8,lower_back,230,shoulder slouch,0.381363692318948,0.38183269889207216,7.99525,9.1484
8,lower_back,231,unknown,0.38183269889207216,0.3829270473852034,9.1484,9.33125
8,lower_back,232,lumbar slouch,0.3829270473852034,0.38605375725147634,9.33125,9.7545
8,lower_back,233,shoulder slouch,0.3865897646875503,0.3865897646875503,7.5618,7.5618
8,lower_back,234,unknown,0.3865897646875503,0.3865897646875503,7.5618,7.5618
8,lower_back,235,good+neck slouch+shoulder slouch,0.3871871894482094,0.3871871894482094,5.0274,5.0274
8,lower_back,236,neck slouch+shoulder slouch,0.3871871894482094,0.3871871894482094,5.0274,5.0274
8,lower_back,237,shoulder slouch,0.3871871894482094,0.3871871894482094,5.0274,5.0274
8,lower_back,238,good+neck slouch+shoulder slouch,0.3877176136121564,0.3877176136121564,3.5432,3.5432
8,lower_back,239,good+neck slouch,0.38828153794134057,0.3887505445144648,2.40875,2.9488
8,lower_back,240,good+neck slouch+shoulder slouch,0.3887505445144648,0.393206106160431,2.9488,3.647
8,lower_back,241,neck slouch,0.39380353118732786,0.39380353118732786,1.8392,1.8392
8,lower_back,242,good+neck slouch,0.39380353118732786,0.39380353118732786,1.8392,1.8392
8,lower_back,243,unknown,0.39433953835716407,0.4089401570524583,-5.1438,-0.7142
8,lower_back,244,neck slouch,0.4089401570524583,0.4089401570524583,-0.7822,-0.7822
8,lower_back,245,good+neck slouch,0.4089401570524583,0.4089401570524583,-0.7822,-0.7822
8,lower_back,246,unknown,0.4095040816478802,0.4095040816478802,1.144,1.144
8,lower_back,247,neck slouch,0.4095040816478802,0.4095040816478802,1.144,1.144
8,lower_back,248,good+neck slouch,0.4095040816478802,0.4095040816478802,1.144,1.144
8,lower_back,249,unknown,0.4099730879547666,0.411536443021022,-0.4572,-0.1976
8,lower_back,250,good+neck slouch,0.411536443021022,0.4175553597332436,-0.1976,1.3116
8,lower_back,251,neck slouch,0.4180857836309529,0.4180857836309529,1.0152,1.0152
8,lower_back,252,good+neck slouch,0.4180857836309529,0.4180857836309529,1.0152,1.0152
8,lower_back,253,unknown,0.4186552914985017,0.4186552914985017,0.258,0.258
8,lower_back,254,neck slouch,0.4186552914985017,0.4186552914985017,0.258,0.258
8,lower_back,255,unknown,0.4191187145332612,0.42747149676813645,-1.9676,0.3318
8,lower_back,256,neck slouch,0.42747149676813645,0.4300621991983355,0.3318,0.7846
8,lower_back,257,good+neck slouch,0.4300621991983355,0.4321559781623001,0.7846,1.425
8,lower_back,258,neck slouch,0.43272548602984895,0.43272548602984895,0.9325,0.9325
8,lower_back,259,good+neck slouch,0.43272548602984895,0.43272548602984895,0.9325,0.9325
8,lower_back,260,unknown,0.4331889093308462,0.4512512424734002,-1.91275,0.312
8,lower_back,261,neck slouch,0.4512512424734002,0.45172024904652436,0.312,0.9339999999999999
8,lower_back,262,good+neck slouch,0.45172024904652436,0.45281459727341783,0.9339999999999999,2.601
8,lower_back,263,good+neck slouch+shoulder slouch,0.45281459727341783,0.4553103819475568,2.601,3.028
8,lower_back,264,good+neck slouch,0.45584080584526604,0.45584080584526604,2.6204,2.6204
8,lower_back,265,good+neck slouch+shoulder slouch,0.45584080584526604,0.45584080584526604,2.6204,2.6204
8,lower_back,266,good+neck slouch,0.45641031371281493,0.45687373674757437,2.4848,2.51175
8,lower_back,267,good+neck slouch+shoulder slouch,0.45687373674757437,0.45687373674757437,2.4848,2.4848
8,lower_back,268,good+neck slouch,0.4574041609115214,0.45963194160138565,2.3246000000000002,2.5796
8,lower_back,269,good+neck slouch+shoulder slouch,0.45963194160138565,0.464322006533914,2.5796,2.8738
8,lower_back,270,good+neck slouch,0.46489151440146287,0.46489151440146287,2.2874,2.2874
8,lower_back,271,good+neck slouch+shoulder slouch,0.46489151440146287,0.46489151440146287,2.2874,2.2874
8,lower_back,272,unknown,0.4654554389968848,0.4654554389968848,0.2188,0.2188
8,lower_back,273,neck slouch,0.4654554389968848,0.4654554389968848,0.2188,0.2188
8,lower_back,274,good+neck slouch,0.46595236246311916,0.46595236246311916,2.185,2.185
8,lower_back,275,good+neck slouch+shoulder slouch,0.46595236246311916,0.467448716400187,2.185,3.2388
8,lower_back,276,neck slouch+shoulder slouch,0.467448716400187,0.467448716400187,3.2388,3.2388
8,lower_back,277,shoulder slouch,0.4680182242677358,0.4680182242677358,12.550500000000001,12.550500000000001
8,lower_back,278,lumbar slouch,0.4680182242677358,0.46848164756873306,12.550500000000001,20.1972
8,lower_back,279,unknown,0.46848164756873306,0.46848164756873306,20.1972,20.1972
8,lower_back,280,lumbar slouch,0.4690120714664423,0.4690120714664423,12.7166,12.7166
8,lower_back,281,shoulder slouch,0.4695815793339912,0.4695815793339912,9.018857142857144,9.018857142857144
8,lower_back,282,lumbar slouch,0.4695815793339912,0.4782972833092012,9.018857142857144,13.15475
8,lower_back,283,unknown,0.4787607063439607,0.4787607063439607,10.068,10.068
8,lower_back,284,lumbar slouch,0.4787607063439607,0.4787607063439607,10.068,10.068
8,lower_back,285,unknown,0.4792911302416699,0.4792911302416699,9.8944,9.8944
8,lower_back,286,lumbar slouch,0.4792911302416699,0.5197094395537344,9.7145,11.09775
8,lower_back,287,unknown,0.5202733638829186,0.5202733638829186,10.2035,10.2035
8,lower_back,288,lumbar slouch,0.5202733638829186,0.5202733638829186,10.2035,10.2035
8,lower_back,289,good+neck slouch,0.520770287349153,0.520770287349153,4.7218,4.7218
8,lower_back,290,good+neck slouch+shoulder slouch,0.520770287349153,0.520770287349153,4.7218,4.7218
8,lower_back,291,shoulder slouch,0.520770287349153,0.520770287349153,4.7218,4.7218
8,lower_back,292,good+neck slouch+shoulder slouch,0.5213062947852269,0.5213062947852269,3.3936,3.3936
8,lower_back,293,good+neck slouch,0.5218367189491739,0.5218367189491739,2.75075,2.75075
8,lower_back,294,good+neck slouch+shoulder slouch,0.5218367189491739,0.5223001419839334,2.75075,4.924
8,lower_back,295,shoulder slouch,0.5223001419839334,0.5324507823053883,4.924,7.8552
8,lower_back,296,unknown,0.5330147069008103,0.5330147069008103,9.1665,9.1665
8,lower_back,297,lumbar slouch,0.5330147069008103,0.5440586928603093,9.1665,14.849499999999999
8,lower_back,298,shoulder slouch,0.5446226174557312,0.5446226174557312,10.5715,10.5715
8,lower_back,299,lumbar slouch,0.5446226174557312,0.5446226174557312,10.5715,10.5715
8,lower_back,300,good+neck slouch+shoulder slouch,0.5450860404904906,0.5450860404904906,5.5064,5.5064
8,lower_back,301,neck slouch+shoulder slouch,0.5450860404904906,0.5450860404904906,5.5064,5.5064
8,lower_back,302,shoulder slouch,0.5450860404904906,0.5450860404904906,5.5064,5.5064
8,lower_back,303,lumbar slouch,0.5456220479265645,0.5642818060960154,11.529,17.75225
8,lower_back,304,unknown,0.5642818060960154,0.5647452291307749,17.6,29.9596
8,lower_back,305,laying back,0.5647452291307749,0.5653147369983238,29.9596,31.6572
8,lower_back,306,unknown,0.565878661327508,0.565878661327508,26.8638,26.8638
8,lower_back,307,laying back,0.565878661327508,0.5669450929275289,26.8638,29.60925
8,lower_back,308,unknown,0.5674420163937633,0.5674420163937633,26.3596,26.3596
8,lower_back,309,laying back,0.5674420163937633,0.5674420163937633,26.3596,26.3596
8,lower_back,310,unknown,0.5679724402914725,0.5725620039295762,22.621,26.319666666666667
8,lower_back,311,laying back,0.5725620039295762,0.5725620039295762,26.319666666666667,26.319666666666667
8,lower_back,312,unknown,0.5731985126600748,0.5731985126600748,25.7395,25.7395
8,lower_back,313,laying back,0.5731985126600748,0.5731985126600748,25.7395,25.7395
8,lower_back,314,unknown,0.5736619356948344,0.5757892150902739,23.87,26.529799999999998
8,lower_back,315,laying back,0.5757892150902739,0.5757892150902739,26.529799999999998,26.529799999999998
8,lower_back,316,unknown,0.5763252225263479,0.5770566492791442,24.612833333333334,25.7408
8,lower_back,317,laying back,0.5770566492791442,0.7533193376134915,25.7408,36.246
8,lower_back,318,unknown,0.7538832622089133,0.7538832622089133,26.850749999999998,26.850749999999998
8,lower_back,319,laying back,0.7538832622089133,0.7538832622089133,26.850749999999998,26.850749999999998
8,lower_back,320,unknown,0.7543466852436728,0.7549161931112217,19.413,20.6048
8,lower_back,321,lumbar slouch,0.7554466170089309,0.7554466170089309,18.9648,18.9648
8,lower_back,322,unknown,0.7554466170089309,0.8099965384431655,18.9648,28.0215
8,lower_back,323,laying back,0.8099965384431655,0.8110629697769487,27.288999999999998,28.817
8,lower_back,324,unknown,0.8116268943723707,0.8121629018084446,26.340799999999998,26.385
8,lower_back,325,laying back,0.8121629018084446,0.8121629018084446,26.385,26.385
8,lower_back,326,unknown,0.8126263248432041,0.82759544855096,25.5805,26.3078
8,lower_back,327,laying back,0.8280588715857196,0.8545354045539716,26.666999999999998,28.639999999999997
8,lower_back,328,unknown,0.8550714119900457,0.8660148966551199,19.2964,24.6106
8,lower_back,329,lumbar slouch,0.8665453205528292,0.8665453205528292,19.7798,19.7798
8,lower_back,330,unknown,0.8665453205528292,0.867109245148251,19.7798,26.028
8,lower_back,331,laying back,0.867109245148251,0.867109245148251,26.028,26.028
8,lower_back,332,unknown,0.8675782517213753,0.9205983185208293,20.2138,24.0488
8,lower_back,333,lumbar slouch,0.9211622428500135,0.9211622428500135,17.8845,17.8845
8,lower_back,334,unknown,0.9211622428500135,0.9211622428500135,17.8845,17.8845
8,lower_back,335,lumbar slouch,0.9216312494231377,0.9216312494231377,18.574142857142856,18.574142857142856
8,lower_back,336,unknown,0.9216312494231377,0.9216312494231377,18.574142857142856,18.574142857142856
8,lower_back,337,lumbar slouch,0.922396176607409,0.9234291075097173,14.264800000000001,16.526
8,lower_back,338,shoulder slouch,0.9239595316736644,0.9239595316736644,10.9304,10.9304
8,lower_back,339,lumbar slouch,0.9239595316736644,0.9239595316736644,10.9304,10.9304
8,lower_back,340,shoulder slouch,0.9245234560028486,0.925522886473682,6.963,8.934800000000001
8,lower_back,341,unknown,0.925522886473682,0.925522886473682,8.934800000000001,8.934800000000001
8,lower_back,342,lumbar slouch,0.9260868110691038,0.9270862415399374,9.77,9.8702
8,lower_back,343,shoulder slouch,0.9276501658691215,0.9276501658691215,8.6095,8.6095
8,lower_back,344,unknown,0.9276501658691215,0.9276501658691215,8.6095,8.6095
8,lower_back,345,shoulder slouch,0.9281191724422456,0.9386941520948582,6.1798,7.9498
8,lower_back,346,unknown,0.9392580764240424,0.9392580764240424,9.2655,9.2655
8,lower_back,347,lumbar slouch,0.9392580764240424,0.9392580764240424,9.2655,9.2655
8,lower_back,348,shoulder slouch,0.9397270829971666,0.9397270829971666,12.8102,12.8102
8,lower_back,349,lumbar slouch,0.9397270829971666,0.9397270829971666,12.8102,12.8102
8,lower_back,350,unknown,0.9397270829971666,0.9397270829971666,12.8102,12.8102
8,lower_back,351,shoulder slouch,0.9402575068948759,0.9402575068948759,9.4528,9.4528
8,lower_back,352,unknown,0.9402575068948759,0.9402575068948759,9.4528,9.4528
8,lower_back,353,lumbar slouch,0.9402575068948759,0.9402575068948759,9.4528,9.4528
8,lower_back,354,unknown,0.9408214314902977,0.9408214314902977,9.4235,9.4235
8,lower_back,355,lumbar slouch,0.9408214314902977,0.9408214314902977,9.4235,9.4235
8,lower_back,356,good+neck slouch+shoulder slouch,0.9412904380634219,0.9412904380634219,4.8868,4.8868
8,lower_back,357,shoulder slouch,0.9412904380634219,0.9418208619611312,4.8868,10.2148
8,lower_back,358,lumbar slouch,0.9418208619611312,0.9428537928634395,10.2148,18.3142
8,lower_back,359,unknown,0.9428537928634395,0.9428537928634395,18.3142,18.3142
8,lower_back,360,lumbar slouch,0.9433842170273865,0.9439481413565707,12.203,14.5272
8,lower_back,361,shoulder slouch,0.9444171479296949,0.9444171479296949,8.573599999999999,8.573599999999999
8,lower_back,362,unknown,0.9444171479296949,0.9444171479296949,8.573599999999999,8.573599999999999
8,lower_back,363,lumbar slouch,0.9444171479296949,0.9444171479296949,8.573599999999999,8.573599999999999
8,lower_back,364,shoulder slouch,0.9449475718274042,0.9449475718274042,9.368,9.368
8,lower_back,365,unknown,0.9449475718274042,0.9449475718274042,9.368,9.368
8,lower_back,366,lumbar slouch,0.9449475718274042,0.9572199082721717,9.368,18.880000000000003
8,lower_back,367,unknown,0.9572199082721717,0.9572199082721717,18.880000000000003,18.880000000000003
8,lower_back,368,lumbar slouch,0.9577894161397206,0.9577894161397206,18.387,18.387
8,lower_back,369,unknown,0.9577894161397206,0.9577894161397206,18.387,18.387
8,lower_back,370,lumbar slouch,0.95825283917448,1,13.468,18.2012
8,mid_back,0,unknown,0,1,-30.281,16.046999999999997
8,neck,0,unknown,0,0.3562703514501827,-82.62425,4.955
8,neck,1,good+laying back+lumbar slouch,0.3562703514501827,0.3562703514501827,1.8688000000000002,1.8688000000000002
8,neck,2,unknown,0.3568065415062195,0.9217050843995032,-88.087,6.1162
8,neck,3,good+laying back,0.9217050843995032,0.9217050843995032,3.0885000000000002,3.0885000000000002
8,neck,4,unknown,0.9221742507651175,0.9221742507651175,8.8,8.8
8,neck,5,good,0.9221742507651175,0.9221742507651175,8.8,8.8
8,neck,6,unknown,0.9227048553804548,1,-27.279,3.4114
9,lower_back,0,unknown,0,0.0011339576988511307,-2.1094,0.2482
9,lower_back,1,neck slouch,0.0011339576988511307,0.0016646277875411188,0.2482,0.42875
9,lower_back,2,unknown,0.0021282656827810234,0.0021282656827810234,-0.1132,-0.1132
9,lower_back,3,neck slouch,0.0021282656827810234,0.0021282656827810234,-0.1132,-0.1132
9,lower_back,4,unknown,0.0026645216322144847,0.0032287074180877133,-1.5524,-0.4896
9,lower_back,5,neck slouch,0.0032287074180877133,0.0032287074180877133,-0.4896,-0.4896
9,lower_back,6,unknown,0.0037593775067777013,0.0037593775067777013,0.21275,0.21275
9,lower_back,7,neck slouch,0.0037593775067777013,0.0037593775067777013,0.21275,0.21275
9,lower_back,8,good+neck slouch,0.0037593775067777013,0.0037593775067777013,0.21275,0.21275
9,lower_back,9,unknown,0.004262117492666721,0.004262117492666721,-0.077,-0.077
9,lower_back,10,neck slouch,0.004262117492666721,0.004262117492666721,-0.077,-0.077
9,lower_back,11,unknown,0.004792787314995509,0.007390277020121111,-4.33675,0.225
9,lower_back,12,neck slouch,0.007390277020121111,0.007390277020121111,0.225,0.225
9,lower_back,13,good+neck slouch,0.007920946842449898,0.007920946842449898,0.8540000000000001,0.8540000000000001
9,lower_back,14,neck slouch,0.008384584737689802,0.008384584737689802,0.5032,0.5032
9,lower_back,15,unknown,0.008954356650667706,0.008954356650667706,0.0734,0.0734
9,lower_back,16,neck slouch,0.008954356650667706,0.008954356650667706,0.0734,0.0734
9,lower_back,17,unknown,0.009485026739357694,0.0105184365475755,-0.25425,0.255
9,lower_back,18,neck slouch,0.0105184365475755,0.011049106369904287,0.255,0.33525
9,lower_back,19,unknown,0.011546260495049834,0.011546260495049834,0.18216666666666667,0.18216666666666667
9,lower_back,20,neck slouch,0.011546260495049834,0.013076824162051987,0.18216666666666667,0.61675
9,lower_back,21,unknown,0.013546048184396565,0.013546048184396565,0.369,0.369
9,lower_back,22,neck slouch,0.013546048184396565,0.013546048184396565,0.369,0.369
9,lower_back,23,unknown,0.014110233970269795,0.015177160008393245,0.0152,0.0934
9,lower_back,24,neck slouch,0.015177160008393245,0.015741345794266472,0.0934,0.3625
9,lower_back,25,unknown,0.01620498368950638,0.01620498368950638,0.245,0.245
9,lower_back,26,neck slouch,0.01620498368950638,0.01620498368950638,0.245,0.245
9,lower_back,27,unknown,0.016741239638939837,0.01733894165471871,-0.012,0.3184
9,lower_back,28,neck slouch,0.01733894165471871,0.01733894165471871,0.3184,0.3184
9,lower_back,29,unknown,0.01790312770695314,0.01790312770695314,0.1626,0.1626
9,lower_back,30,neck slouch,0.01790312770695314,0.01790312770695314,0.1626,0.1626
9,lower_back,31,unknown,0.018439383390025398,0.018439383390025398,1.4502000000000002,1.4502000000000002
9,lower_back,32,good+neck slouch,0.018439383390025398,0.018970053478715387,1.181857142857143,1.4502000000000002
9,lower_back,33,neck slouch,0.019768851275760904,0.019768851275760904,0.67425,0.67425
9,lower_back,34,good+neck slouch,0.019768851275760904,0.019768851275760904,0.67425,0.67425
9,lower_back,35,unknown,0.02023248917100081,0.02023248917100081,0.4592,0.4592
9,lower_back,36,neck slouch,0.02023248917100081,0.02023248917100081,0.4592,0.4592
9,lower_back,37,good+neck slouch,0.02023248917100081,0.02023248917100081,0.4592,0.4592
9,lower_back,38,unknown,0.02076874512043427,0.021796569067908604,-3.82075,-0.8834
9,lower_back,39,good+neck slouch,0.021796569067908604,0.022332825017342066,-0.8834,1.4876
9,lower_back,40,unknown,0.022897010803215295,0.022897010803215295,-1.2731999999999999,-1.2731999999999999
9,lower_back,41,neck slouch,0.022897010803215295,0.022897010803215295,-1.2731999999999999,-1.2731999999999999
9,lower_back,42,unknown,0.02342768089190528,0.026360330498836498,-7.3322,-0.6734
9,lower_back,43,neck slouch,0.026360330498836498,0.026924516284709727,-0.6734,0.9762500000000001
9,lower_back,44,good+neck slouch,0.026924516284709727,0.02738815417994963,0.9762500000000001,1.5756000000000001
9,lower_back,45,neck slouch,0.02792441012938309,0.02792441012938309,0.6746,0.6746
9,lower_back,46,good+neck slouch,0.02792441012938309,0.02792441012938309,0.6746,0.6746
9,lower_back,47,neck slouch,0.02848859618161752,0.02848859618161752,0.7375,0.7375
9,lower_back,48,good+neck slouch,0.02848859618161752,0.02848859618161752,0.7375,0.7375
9,lower_back,49,neck slouch,0.028952234076857427,0.028952234076857427,0.7405999999999999,0.7405999999999999
9,lower_back,50,good+neck slouch,0.028952234076857427,0.0301197080056142,0.7405999999999999,1.7003333333333335
9,lower_back,51,unknown,0.030717409755031868,0.030717409755031868,0.467,0.467
9,lower_back,52,neck slouch,0.030717409755031868,0.030717409755031868,0.467,0.467
9,lower_back,53,good+neck slouch,0.030717409755031868,0.030717409755031868,0.467,0.467
9,lower_back,54,neck slouch,0.031248079843721858,0.031248079843721858,0.7602,0.7602
9,lower_back,55,good+neck slouch,0.031248079843721858,0.031248079843721858,0.7602,0.7602
9,lower_back,56,neck slouch,0.03181785175669976,0.03304677148544074,0.5813333333333334,0.7284
9,lower_back,57,good+neck slouch,0.03304677148544074,0.03304677148544074,0.7284,0.7284
9,lower_back,58,unknown,0.03361095753767517,0.03361095753767517,0.059,0.059
9,lower_back,59,neck slouch,0.03361095753767517,0.03361095753767517,0.059,0.059
9,lower_back,60,unknown,0.03408018129365855,0.03408018129365855,0.2526,0.2526
9,lower_back,61,neck slouch,0.03408018129365855,0.03577832531110531,0.2526,0.9973333333333333
9,lower_back,62,good+neck slouch,0.03577832531110531,0.038169132841498386,0.9973333333333333,2.2503333333333333
9,lower_back,63,good+neck slouch+shoulder slouch,0.038169132841498386,0.038169132841498386,2.2503333333333333,2.2503333333333333
9,lower_back,64,good+neck slouch,0.038872968875015255,0.039504186587977365,2.2705,2.5762
9,lower_back,65,good+neck slouch+shoulder slouch,0.039504186587977365,0.039504186587977365,2.5762,2.5762
9,lower_back,66,good+neck slouch,0.040101888603756235,0.04233070217717058,1.102,1.954
9,lower_back,67,neck slouch,0.04279992619951516,0.04279992619951516,1.0502,1.0502
9,lower_back,68,good+neck slouch,0.04279992619951516,0.04279992619951516,1.0502,1.0502
9,lower_back,69,neck slouch,0.04336411225174959,0.04336411225174959,1.079,1.079
9,lower_back,70,good+neck slouch,0.04336411225174959,0.04389478207407838,1.079,1.629
9,lower_back,71,neck slouch,0.04445896812631281,0.04445896812631281,0.7306666666666667,0.7306666666666667
9,lower_back,72,good+neck slouch,0.04445896812631281,0.045095771966379594,0.7306666666666667,1.0928
9,lower_back,73,neck slouch,0.045693473982158464,0.045693473982158464,1.258,1.258
9,lower_back,74,good+neck slouch,0.045693473982158464,0.045693473982158464,1.258,1.258
9,lower_back,75,unknown,0.04629117573157614,0.04629117573157614,0.27799999999999997,0.27799999999999997
9,lower_back,76,good+neck slouch,0.04629117573157614,0.04682184582026612,0.27799999999999997,2.1736666666666666
9,lower_back,77,unknown,0.04749216562387735,0.04749216562387735,0.5681428571428572,0.5681428571428572
9,lower_back,78,neck slouch,0.04749216562387735,0.04749216562387735,0.5681428571428572,0.5681428571428572
9,lower_back,79,good+neck slouch,0.04749216562387735,0.04749216562387735,0.5681428571428572,0.5681428571428572
9,lower_back,80,unknown,0.048290963420922865,0.048290963420922865,-0.9493333333333334,-0.9493333333333334
9,lower_back,81,neck slouch,0.048290963420922865,0.048290963420922865,-0.9493333333333334,-0.9493333333333334
9,lower_back,82,unknown,0.048888665436701735,0.050050553238353834,-1.849,-0.3778
9,lower_back,83,neck slouch,0.050050553238353834,0.050050553238353834,-1.849,-1.849
9,lower_back,84,unknown,0.05062032515133174,0.05327926092280275,-18.59175,0.6998
9,lower_back,85,neck slouch,0.05327926092280275,0.05327926092280275,0.6998,0.6998
9,lower_back,86,good+neck slouch,0.05327926092280275,0.053843446708675975,0.6998,1.2812000000000001
9,lower_back,87,neck slouch,0.05441321862165388,0.05441321862165388,0.9952,0.9952
9,lower_back,88,good+neck slouch,0.05441321862165388,0.05494388871034387,0.9952,1.5886
9,lower_back,89,neck slouch,0.05557510642330598,0.05557510642330598,1.1716666666666666,1.1716666666666666
9,lower_back,90,good+neck slouch,0.05557510642330598,0.05557510642330598,1.1716666666666666,1.1716666666666666
9,lower_back,91,unknown,0.05623984036617373,0.060535473822384896,-6.4786,-0.5262
9,lower_back,92,neck slouch,0.060535473822384896,0.060535473822384896,-5.1396,-5.1396
9,lower_back,93,unknown,0.06109965987461932,0.06109965987461932,0.22649999999999998,0.22649999999999998
9,lower_back,94,neck slouch,0.06109965987461932,0.06109965987461932,0.22649999999999998,0.22649999999999998
9,lower_back,95,unknown,0.0615688836306027,0.06266373950516592,-10.4678,-1.02975
9,lower_back,96,neck slouch,0.06266373950516592,0.06266373950516592,-1.02975,-1.02975
9,lower_back,97,good+neck slouch,0.06266373950516592,0.06422781940207371,-1.02975,1.578
9,lower_back,98,unknown,0.06469704342441829,0.06469704342441829,1.1898,1.1898
9,lower_back,99,neck slouch,0.06469704342441829,0.06469704342441829,1.1898,1.1898
9,lower_back,100,good+neck slouch,0.06469704342441829,0.06469704342441829,1.1898,1.1898
9,lower_back,101,unknown,0.06522771324674707,0.06579189903262031,-10.5774,-5.6057500000000005
9,lower_back,102,good+neck slouch,0.06579189903262031,0.06579189903262031,-5.6057500000000005,-5.6057500000000005
9,lower_back,103,neck slouch,0.06626112305496488,0.06626112305496488,0.9804999999999999,0.9804999999999999
9,lower_back,104,good+neck slouch,0.06626112305496488,0.06626112305496488,0.9804999999999999,0.9804999999999999
9,lower_back,105,unknown,0.06675827691374923,0.06675827691374923,0.2748333333333333,0.2748333333333333
9,lower_back,106,good+neck slouch,0.06675827691374923,0.06675827691374923,0.2748333333333333,0.2748333333333333
9,lower_back,107,unknown,0.0673559789295281,0.08023729317105692,-18.5658,0.06799999999999999
9,lower_back,108,neck slouch,0.08023729317105692,0.08023729317105692,0.06799999999999999,0.06799999999999999
9,lower_back,109,unknown,0.0807679632597469,0.1071282934922222,-23.216666666666665,-0.04525
9,lower_back,110,neck slouch,0.1071282934922222,0.1071282934922222,-0.04525,-0.04525
9,lower_back,111,unknown,0.1075919316538233,0.11421134071333866,-8.8142,0.3142
9,lower_back,112,neck slouch,0.11421134071333866,0.11421134071333866,0.3142,0.3142
9,lower_back,113,unknown,0.11474759666277212,0.11684234638200872,-14.810599999999999,-0.7195999999999999
9,lower_back,114,neck slouch,0.11684234638200872,0.11684234638200872,-0.7195999999999999,-0.7195999999999999
9,lower_back,115,unknown,0.11740653216788194,0.12389746350032421,-14.6095,-0.37679999999999997
9,lower_back,116,neck slouch,0.12389746350032421,0.12389746350032421,-0.37679999999999997,-0.37679999999999997
9,lower_back,117,good+neck slouch,0.12389746350032421,0.124428133322653,-0.37679999999999997,1.6952
9,lower_back,118,unknown,0.12506493716271977,0.12779090486127967,-14.15725,0.1966
9,lower_back,119,neck slouch,0.12779090486127967,0.12779090486127967,0.1966,0.1966
9,lower_back,120,unknown,0.1283550906471529,0.1283550906471529,0.1565,0.1565
9,lower_back,121,neck slouch,0.1283550906471529,0.12882431466949748,0.1565,0.6663333333333333
9,lower_back,122,good+neck slouch,0.12882431466949748,0.12882431466949748,0.6663333333333333,0.6663333333333333
9,lower_back,123,unknown,0.1294555326488208,0.1294555326488208,0.5185714285714286,0.5185714285714286
9,lower_back,124,neck slouch,0.1294555326488208,0.1294555326488208,0.5185714285714286,0.5185714285714286
9,lower_back,125,good+neck slouch,0.1294555326488208,0.1294555326488208,0.5185714285714286,0.5185714285714286
9,lower_back,126,unknown,0.13025433044586632,0.13025433044586632,0.511,0.511
9,lower_back,127,neck slouch,0.13025433044586632,0.13025433044586632,0.511,0.511
9,lower_back,128,unknown,0.13085203246164517,0.13617548959896947,-16.46175,0.1675
9,lower_back,129,neck slouch,0.13617548959896947,0.13617548959896947,0.1675,0.1675
9,lower_back,130,unknown,0.13664471362131406,0.13664471362131406,0.1965,0.1965
9,lower_back,131,neck slouch,0.13664471362131406,0.13664471362131406,0.1965,0.1965
9,lower_back,132,unknown,0.13710835151655396,0.13710835151655396,0.1076,0.1076
9,lower_back,133,neck slouch,0.13710835151655396,0.13710835151655396,0.1076,0.1076
9,lower_back,134,good+neck slouch,0.13764460746598742,0.13937068131987396,0.9886666666666666,1.2688
9,lower_back,135,neck slouch,0.1399739691963963,0.1399739691963963,0.7925,0.7925
9,lower_back,136,good+neck slouch,0.1399739691963963,0.1399739691963963,0.7925,0.7925
9,lower_back,137,unknown,0.14047112305518064,0.14047112305518064,0.5142,0.5142
9,lower_back,138,good+neck slouch,0.14047112305518064,0.14153804909330409,0.5142,1.4504000000000001
9,lower_back,139,neck slouch,0.14203520295208844,0.14203520295208844,0.5491666666666667,0.5491666666666667
9,lower_back,140,unknown,0.14259938873796166,0.14259938873796166,0.37566666666666665,0.37566666666666665
9,lower_back,141,neck slouch,0.14259938873796166,0.14259938873796166,0.37566666666666665,0.37566666666666665
9,lower_back,142,good+neck slouch,0.1433311548742795,0.14539797449071512,0.9135,1.0426
9,lower_back,143,neck slouch,0.14602919247003843,0.14602919247003843,0.7472,0.7472
9,lower_back,144,good+neck slouch,0.14602919247003843,0.14602919247003843,0.7472,0.7472
9,lower_back,145,neck slouch,0.14659337825591165,0.14809042622573057,0.55875,0.7021666666666666
9,lower_back,146,good+neck slouch,0.14809042622573057,0.1497550540132717,0.7021666666666666,1.25525
9,lower_back,147,neck slouch,0.15025779373279952,0.15025779373279952,0.89825,0.89825
9,lower_back,148,good+neck slouch,0.15025779373279952,0.15025779373279952,0.89825,0.89825
9,lower_back,149,neck slouch,0.1507214318944006,0.1507214318944006,0.579,0.579
9,lower_back,150,good+neck slouch,0.1507214318944006,0.1507214318944006,0.579,0.579
9,lower_back,151,unknown,0.15128561768027385,0.1535144315200494,-5.8602,0.1648
9,lower_back,152,neck slouch,0.1535144315200494,0.1535144315200494,0.1648,0.1648
9,lower_back,153,unknown,0.15405068720312165,0.1806735598159314,-26.552599999999998,0.10516666666666666
9,lower_back,154,neck slouch,0.1806735598159314,0.1806735598159314,0.10516666666666666,0.10516666666666666
9,lower_back,155,unknown,0.18130477779525472,0.20746401224646335,-28.9732,-0.09475000000000001
9,lower_back,156,neck slouch,0.20746401224646335,0.20746401224646335,-0.09475000000000001,-0.09475000000000001
9,lower_back,157,unknown,0.2079611661052477,0.21292153350432663,-20.498,-1.3084
9,lower_back,158,good+neck slouch,0.21292153350432663,0.21292153350432663,-1.3084,-1.3084
9,lower_back,159,unknown,0.21348571929019985,0.21348571929019985,1.6213333333333333,1.6213333333333333
9,lower_back,160,good+neck slouch,0.21348571929019985,0.21348571929019985,1.6213333333333333,1.6213333333333333
9,lower_back,161,unknown,0.21418396919661203,0.21418396919661203,0.2998,0.2998
9,lower_back,162,neck slouch,0.21418396919661203,0.21418396919661203,0.2998,0.2998
9,lower_back,163,good+neck slouch,0.21418396919661203,0.21418396919661203,0.2998,0.2998
9,lower_back,164,unknown,0.21471463928530204,0.21921136852277984,-19.2975,-3.6024
9,lower_back,165,good+neck slouch,0.21921136852277984,0.21921136852277984,-3.6024,-3.6024
9,lower_back,166,good+neck slouch+shoulder slouch,0.21974203861146982,0.21974203861146982,3.32875,3.32875
9,lower_back,167,unknown,0.22020567650670975,0.22020567650670975,1.6556,1.6556
9,lower_back,168,good+neck slouch,0.22020567650670975,0.22020567650670975,1.6556,1.6556
9,lower_back,169,good+neck slouch+shoulder slouch,0.22020567650670975,0.22020567650670975,1.6556,1.6556
9,lower_back,170,unknown,0.2207419324561432,0.22130611824201643,-9.1032,-2.5226
9,lower_back,171,neck slouch,0.22130611824201643,0.22130611824201643,-2.5226,-2.5226
9,lower_back,172,good+neck slouch,0.22130611824201643,0.2218367883307064,-2.5226,1.026
9,lower_back,173,unknown,0.22233952805023424,0.2387791240172741,-21.660800000000002,18.229599999999998
9,lower_back,174,neck slouch,0.2387791240172741,0.2387791240172741,0.2,0.2
9,lower_back,175,good+neck slouch,0.2387791240172741,0.2387791240172741,0.2,0.2
9,lower_back,176,neck slouch,0.23934330980314733,0.23934330980314733,0.6924,0.6924
9,lower_back,177,good+neck slouch,0.23934330980314733,0.23934330980314733,0.6924,0.6924
9,lower_back,178,neck slouch,0.2398739798918373,0.2398739798918373,0.4956,0.4956
9,lower_back,179,unknown,0.2404046497141661,0.24363335739861502,-1.1985999999999999,-0.0924
9,lower_back,180,neck slouch,0.24363335739861502,0.24533150114970056,-0.0924,0.3132
9,lower_back,181,unknown,0.24590127306267848,0.24590127306267848,0.1888,0.1888
9,lower_back,182,neck slouch,0.24590127306267848,0.24590127306267848,0.1888,0.1888
9,lower_back,183,unknown,0.2464654588485517,0.25102363441873615,-4.21075,0.0658
9,lower_back,184,good+neck slouch,0.25102363441873615,0.25102363441873615,-4.21075,-4.21075
9,lower_back,185,unknown,0.25148727231397605,0.25817929942768497,-35.0846,0.656
9,lower_back,186,good+neck slouch,0.25817929942768497,0.25817929942768497,0.656,0.656
9,lower_back,187,neck slouch,0.2587099692500137,0.2587099692500137,1.1326,1.1326
9,lower_back,188,good+neck slouch,0.2587099692500137,0.2598439272152261,1.1326,1.2416
9,lower_back,189,unknown,0.2604081130010993,0.26377088453972597,-9.59,-0.18675
9,lower_back,190,neck slouch,0.26377088453972597,0.26433507059196043,-1.0756000000000001,1.061
9,lower_back,191,good+neck slouch,0.26433507059196043,0.26433507059196043,1.061,1.061
9,lower_back,192,neck slouch,0.2648657404142892,0.2648657404142892,0.5972500000000001,0.5972500000000001
9,lower_back,193,unknown,0.2653684804001782,0.2653684804001782,-0.12719999999999998,-0.12719999999999998
9,lower_back,194,neck slouch,0.2653684804001782,0.2653684804001782,-0.12719999999999998,-0.12719999999999998
9,lower_back,195,unknown,0.265899150222507,0.27182030964197135,-10.381,0.021799999999999993
9,lower_back,196,neck slouch,0.27182030964197135,0.27182030964197135,0.021799999999999993,0.021799999999999993
9,lower_back,197,good+neck slouch,0.2723565655914048,0.2723565655914048,1.3316,1.3316
9,lower_back,198,neck slouch,0.2729542673408225,0.2729542673408225,1.1064,1.1064
9,lower_back,199,good+neck slouch,0.2729542673408225,0.2740547093424904,1.0986,1.2754
9,lower_back,200,neck slouch,0.2745853791648192,0.2745853791648192,1.0118,1.0118
9,lower_back,201,good+neck slouch,0.2745853791648192,0.2745853791648192,1.0118,1.0118
9,lower_back,202,unknown,0.27518308118059803,0.27518308118059803,-0.23299999999999998,-0.23299999999999998
9,lower_back,203,neck slouch,0.27518308118059803,0.27518308118059803,-0.23299999999999998,-0.23299999999999998
9,lower_back,204,unknown,0.27571375100292683,0.27628352291590474,-0.6262,-0.056499999999999995
9,lower_back,205,neck slouch,0.27628352291590474,0.27628352291590474,-0.056499999999999995,-0.056499999999999995
9,lower_back,206,unknown,0.27674716081114464,0.27674716081114464,0.601,0.601
9,lower_back,207,neck slouch,0.27674716081114464,0.27674716081114464,0.601,0.601
9,lower_back,208,good+neck slouch,0.27674716081114464,0.27674716081114464,0.601,0.601
9,lower_back,209,neck slouch,0.27727783089983465,0.27727783089983465,0.8482000000000001,0.8482000000000001
9,lower_back,210,good+neck slouch,0.27727783089983465,0.2783112407080524,0.8482000000000001,1.1226
9,lower_back,211,neck slouch,0.2788419105303812,0.2788419105303812,0.9054,0.9054
9,lower_back,212,good+neck slouch,0.2788419105303812,0.2788419105303812,0.9054,0.9054
9,lower_back,213,neck slouch,0.2794116824433591,0.2799088365685047,0.5367500000000001,0.8796666666666666
9,lower_back,214,good+neck slouch,0.2799088365685047,0.2805065383179223,0.8796666666666666,0.99
9,lower_back,215,neck slouch,0.28097576234026694,0.28097576234026694,0.767,0.767
9,lower_back,216,good+neck slouch,0.28097576234026694,0.28097576234026694,0.767,0.767
9,lower_back,217,neck slouch,0.2815064321625957,0.2815064321625957,0.8182,0.8182
9,lower_back,218,good+neck slouch,0.2815064321625957,0.2815064321625957,0.8182,0.8182
9,lower_back,219,neck slouch,0.28207061821483015,0.28207061821483015,0.5866,0.5866
9,lower_back,220,unknown,0.28264039012780806,0.28264039012780806,-0.4098,-0.4098
9,lower_back,221,neck slouch,0.28264039012780806,0.28264039012780806,-0.4098,-0.4098
9,lower_back,222,unknown,0.28320457591368126,0.28366821407528237,-1.44325,0.8576666666666667
9,lower_back,223,neck slouch,0.28366821407528237,0.28366821407528237,0.8576666666666667,0.8576666666666667
9,lower_back,224,good+neck slouch,0.28366821407528237,0.28366821407528237,0.8576666666666667,0.8576666666666667
9,lower_back,225,unknown,0.2843050179153492,0.2843050179153492,-4.1445,-4.1445
9,lower_back,226,good+neck slouch,0.2843050179153492,0.2843050179153492,-4.1445,-4.1445
9,lower_back,227,unknown,0.2847686558105891,0.285232293705829,-7.23575,-0.8084
9,lower_back,228,neck slouch,0.285232293705829,0.28576854965526244,-0.8084,1.1086
9,lower_back,229,good+neck slouch,0.28576854965526244,0.28799736349503796,1.1086,2.2796
9,lower_back,230,unknown,0.2885615492809112,0.2885615492809112,-3.598,-3.598
9,lower_back,231,good+neck slouch,0.2885615492809112,0.2885615492809112,-3.598,-3.598
9,lower_back,232,unknown,0.2891257353331456,0.2936894964977123,-16.053,0.515
9,lower_back,233,neck slouch,0.2936894964977123,0.2936894964977123,0.515,0.515
9,lower_back,234,good+neck slouch,0.2936894964977123,0.2941531346593134,0.515,1.336
9,lower_back,235,unknown,0.29465028851809777,0.29465028851809777,0.26199999999999996,0.26199999999999996
9,lower_back,236,neck slouch,0.29465028851809777,0.29465028851809777,0.26199999999999996,0.26199999999999996
9,lower_back,237,good+neck slouch,0.29465028851809777,0.29465028851809777,0.26199999999999996,0.26199999999999996
9,lower_back,238,unknown,0.2952870923581646,0.2977114161184633,-13.391428571428571,-2.2015000000000002
9,lower_back,239,neck slouch,0.2977114161184633,0.2977114161184633,-2.2015000000000002,-2.2015000000000002
9,lower_back,240,unknown,0.29818064014080786,0.29934252794245997,-2.7006,0.6206666666666667
9,lower_back,241,neck slouch,0.29934252794245997,0.29934252794245997,0.6206666666666667,0.6206666666666667
9,lower_back,242,good+neck slouch,0.29934252794245997,0.29934252794245997,0.6206666666666667,0.6206666666666667
9,lower_back,243,unknown,0.29994581581898233,0.29994581581898233,0.24325000000000002,0.24325000000000002
9,lower_back,244,neck slouch,0.29994581581898233,0.29994581581898233,0.24325000000000002,0.24325000000000002
9,lower_back,245,good+neck slouch,0.29994581581898233,0.29994581581898233,0.24325000000000002,0.24325000000000002
9,lower_back,246,unknown,0.30040945371422223,0.30040945371422223,-5.448,-5.448
9,lower_back,247,neck slouch,0.30040945371422223,0.30040945371422223,-5.448,-5.448
9,lower_back,248,good+neck slouch,0.30097363976645664,0.30154341167943455,1.8674000000000002,2.5016000000000003
9,lower_back,249,good+neck slouch+shoulder slouch,0.30154341167943455,0.30207408150176335,2.5016000000000003,3.1412
9,lower_back,250,good+neck slouch,0.3026717835175422,0.3026717835175422,2.7986666666666666,2.7986666666666666
9,lower_back,251,good+neck slouch+shoulder slouch,0.3026717835175422,0.3026717835175422,2.7986666666666666,2.7986666666666666
9,lower_back,252,good+neck slouch,0.30333651719404875,0.30447047515926107,0.9724,2.252
9,lower_back,253,unknown,0.30500114498158987,0.30500114498158987,0.44380000000000003,0.44380000000000003
9,lower_back,254,neck slouch,0.30500114498158987,0.30500114498158987,0.44380000000000003,0.44380000000000003
9,lower_back,255,good+neck slouch,0.30500114498158987,0.30500114498158987,0.44380000000000003,0.44380000000000003
9,lower_back,256,unknown,0.3055318150702799,0.30802875661841095,-18.5076,-1.9456
9,lower_back,257,neck slouch,0.30802875661841095,0.30802875661841095,-1.9456,-1.9456
9,lower_back,258,unknown,0.3085650125678444,0.3106932782506254,-3.89075,0.38725
9,lower_back,259,neck slouch,0.3106932782506254,0.3106932782506254,0.38725,0.38725
9,lower_back,260,good+neck slouch,0.311190432375771,0.311190432375771,1.0198333333333334,1.0198333333333334
9,lower_back,261,unknown,0.31178813412518863,0.31178813412518863,0.316,0.316
9,lower_back,262,neck slouch,0.31178813412518863,0.3122573581475332,0.2318,0.316
9,lower_back,263,unknown,0.312788027969862,0.3156201296861599,-12.6066,-0.43179999999999996
9,lower_back,264,neck slouch,0.3156201296861599,0.31618431547203313,-0.43179999999999996,0.893
9,lower_back,265,good+neck slouch,0.31618431547203313,0.317312687576502,0.893,1.3599999999999999
9,lower_back,266,neck slouch,0.31784894325957425,0.31784894325957425,0.9678,0.9678
9,lower_back,267,good+neck slouch,0.31784894325957425,0.31784894325957425,0.9678,0.9678
9,lower_back,268,neck slouch,0.31841312931180865,0.31841312931180865,0.6362,0.6362
9,lower_back,269,unknown,0.31894379913413745,0.31894379913413745,0.2318,0.2318
9,lower_back,270,neck slouch,0.31894379913413745,0.31894379913413745,0.2318,0.2318
9,lower_back,271,unknown,0.31951357104711536,0.32014478902643867,-0.62716666666666665,0.2846
9,lower_back,272,neck slouch,0.32014478902643867,0.32283724076145415,0.26525,0.9107999999999999
9,lower_back,273,good+neck slouch,0.32283724076145415,0.3240047144238497,0.9107999999999999,1.6546
9,lower_back,274,neck slouch,0.32453538451253966,0.32453538451253966,0.6748571428571428,0.6748571428571428
9,lower_back,275,good+neck slouch,0.32453538451253966,0.32453538451253966,0.6748571428571428,0.6748571428571428
9,lower_back,276,neck slouch,0.32530066634604077,0.32530066634604077,0.6592,0.6592
9,lower_back,277,unknown,0.3259318843253641,0.3259318843253641,-3.6805,-3.6805
9,lower_back,278,neck slouch,0.3259318843253641,0.3259318843253641,-3.6805,-3.6805
9,lower_back,279,unknown,0.32653517220188644,0.3509292309749206,-20.4784,-0.10700000000000001
9,lower_back,280,neck slouch,0.3509292309749206,0.3509292309749206,-0.2998,-0.2998
9,lower_back,281,unknown,0.3514599007972494,0.35322507674178505,-4.681,0.0922
9,lower_back,282,neck slouch,0.35322507674178505,0.35322507674178505,0.0922,0.0922
9,lower_back,283,unknown,0.3537892625276583,0.35428641638644265,-0.61525,0.2032
9,lower_back,284,neck slouch,0.35428641638644265,0.3548226723358761,0.2032,0.601
9,lower_back,285,unknown,0.3553198264610216,0.3553198264610216,0.2264,0.2264
9,lower_back,286,neck slouch,0.3553198264610216,0.3553198264610216,0.2264,0.2264
9,lower_back,287,unknown,0.3559175282104393,0.3564817142626737,-0.7656,0.12066666666666669
9,lower_back,288,neck slouch,0.3564817142626737,0.3571855500298294,0.12066666666666669,0.6456666666666666
9,lower_back,289,unknown,0.35785028397269714,0.35785028397269714,0.034,0.034
9,lower_back,290,good+neck slouch,0.35785028397269714,0.35785028397269714,0.034,0.034
9,lower_back,291,unknown,0.35838095406138715,0.36050921974416816,-5.85425,0.47525
9,lower_back,292,neck slouch,0.36050921974416816,0.36050921974416816,0.47525,0.47525
9,lower_back,293,good+neck slouch,0.36050921974416816,0.36097844350015157,0.47525,2.2014
9,lower_back,294,good+neck slouch+shoulder slouch,0.36097844350015157,0.36097844350015157,2.2014,2.2014
9,lower_back,295,good+neck slouch,0.3615091135888415,0.3615091135888415,1.5786,1.5786
9,lower_back,296,unknown,0.3620732993747148,0.3620732993747148,0.5416,0.5416
9,lower_back,297,neck slouch,0.3620732993747148,0.3620732993747148,0.5416,0.5416
9,lower_back,298,good+neck slouch,0.3620732993747148,0.3620732993747148,0.5416,0.5416
9,lower_back,299,unknown,0.3626765872512371,0.3632072573399271,-0.3978,0.512
9,lower_back,300,neck slouch,0.3632072573399271,0.3632072573399271,0.512,0.512
9,lower_back,301,good+neck slouch,0.3632072573399271,0.3632072573399271,0.512,0.512
9,lower_back,302,unknown,0.3637379271622559,0.3637379271622559,-0.006600000000000005,-0.006600000000000005
9,lower_back,303,neck slouch,0.3637379271622559,0.3637379271622559,-0.006600000000000005,-0.006600000000000005
9,lower_back,304,unknown,0.3643021132144903,0.3664359647580148,-10.7314,-0.9138000000000001
9,lower_back,305,neck slouch,0.3664359647580148,0.3664359647580148,-1.703857142857143,-1.703857142857143
9,lower_back,306,unknown,0.36723476282142153,0.36936302850420255,-16.6334,0.48560000000000003
9,lower_back,307,neck slouch,0.36936302850420255,0.36936302850420255,0.48560000000000003,0.48560000000000003
9,lower_back,308,good+neck slouch,0.36936302850420255,0.36936302850420255,0.48560000000000003,0.48560000000000003
9,lower_back,309,unknown,0.3699272142900758,0.3699272142900758,-1.5051666666666665,-1.5051666666666665
9,lower_back,310,neck slouch,0.3699272142900758,0.3699272142900758,-1.5051666666666665,-1.5051666666666665
9,lower_back,311,good+neck slouch,0.3699272142900758,0.3699272142900758,-1.5051666666666665,-1.5051666666666665
9,lower_back,312,unknown,0.3705584322693991,0.37335701802215254,-20.040200000000002,0.8976000000000001
9,lower_back,313,neck slouch,0.37335701802215254,0.37335701802215254,0.8976000000000001,0.8976000000000001
9,lower_back,314,good+neck slouch,0.37335701802215254,0.3739212038080258,0.8976000000000001,1.42275
9,lower_back,315,unknown,0.37439042783037035,0.37439042783037035,1.1282,1.1282
9,lower_back,316,good+neck slouch,0.37439042783037035,0.37439042783037035,1.1282,1.1282
9,lower_back,317,unknown,0.37492109765269915,0.39435478902665444,-40.4474,-0.7932
9,lower_back,318,neck slouch,0.39435478902665444,0.39435478902665444,-0.8656,-0.8656
9,lower_back,319,unknown,0.3949524910424333,0.3987174544099545,-14.3592,-3.5068
9,lower_back,320,good+neck slouch,0.3992816404621889,0.3992816404621889,1.6216,1.6216
9,lower_back,321,neck slouch,0.39984582651442335,0.39984582651442335,1.3754,1.3754
9,lower_back,322,good+neck slouch,0.39984582651442335,0.39984582651442335,1.3754,1.3754
9,lower_back,323,unknown,0.400443528263841,0.4025438641101823,-10.4294,0.10859999999999997
9,lower_back,324,neck slouch,0.4025438641101823,0.4025438641101823,0.10859999999999997,0.10859999999999997
9,lower_back,325,good+neck slouch,0.4025438641101823,0.4025438641101823,0.10859999999999997,0.10859999999999997
9,lower_back,326,unknown,0.4030410179689666,0.4030410179689666,0.603,0.603
9,lower_back,327,neck slouch,0.4030410179689666,0.4030410179689666,0.603,0.603
9,lower_back,328,good+neck slouch,0.4030410179689666,0.4030410179689666,0.603,0.603
9,lower_back,329,unknown,0.4036387199847455,0.4046721297929633,-0.9380000000000001,0.047199999999999985
9,lower_back,330,neck slouch,0.4046721297929633,0.4046721297929633,0.047199999999999985,0.047199999999999985
9,lower_back,331,good+neck slouch,0.40520279961529204,0.4085655711539187,1.3756,2.017
9,lower_back,332,neck slouch,0.40909624124260874,0.40909624124260874,0.855,0.855
9,lower_back,333,good+neck slouch,0.40909624124260874,0.40909624124260874,0.855,0.855
9,lower_back,334,unknown,0.40979449114902095,0.41219088480651866,-18.079,-3.305
9,lower_back,335,neck slouch,0.41219088480651866,0.41219088480651866,-3.305,-3.305
9,lower_back,336,unknown,0.4128276886465855,0.4128276886465855,-2.363833333333333,-2.363833333333333
9,lower_back,337,neck slouch,0.4128276886465855,0.4128276886465855,-2.363833333333333,-2.363833333333333
9,lower_back,338,good+neck slouch,0.4128276886465855,0.41349242258945323,-2.363833333333333,2.4194
9,lower_back,339,good+neck slouch+shoulder slouch,0.41349242258945323,0.41402309241178203,2.4194,3.720833333333333
9,lower_back,340,unknown,0.41468782635464974,0.41468782635464974,-0.5604,-0.5604
9,lower_back,341,neck slouch,0.41468782635464974,0.41468782635464974,-0.5604,-0.5604
9,lower_back,342,good+neck slouch,0.41468782635464974,0.41468782635464974,-0.5604,-0.5604
9,lower_back,343,unknown,0.41528552837042865,0.47422340633236126,-43.00866666666666,-0.1264
9,lower_back,344,good+neck slouch,0.47422340633236126,0.4754243962246625,-7.5761666666666665,2.450833333333333
9,lower_back,345,good+neck slouch+shoulder slouch,0.4754243962246625,0.4754243962246625,2.450833333333333,2.450833333333333
9,lower_back,346,good+neck slouch,0.47608913016753024,0.47668683218330915,2.3593333333333333,2.5955
9,lower_back,347,good+neck slouch+shoulder slouch,0.47668683218330915,0.47668683218330915,2.5955,2.5955
9,lower_back,348,good+neck slouch,0.47731804989627125,0.47731804989627125,2.4918,2.4918
9,lower_back,349,good+neck slouch+shoulder slouch,0.47731804989627125,0.47731804989627125,2.4918,2.4918
9,lower_back,350,good+neck slouch,0.47792133803915476,0.48117797556004344,1.3062,2.3776
9,lower_back,351,neck slouch,0.4817142315094769,0.4817142315094769,0.758,0.758
9,lower_back,352,good+neck slouch,0.4817142315094769,0.4817142315094769,0.758,0.758
9,lower_back,353,neck slouch,0.4823119332588946,0.4823119332588946,0.8897999999999999,0.8897999999999999
9,lower_back,354,good+neck slouch,0.4823119332588946,0.4823119332588946,0.8897999999999999,0.8897999999999999
9,lower_back,355,neck slouch,0.4828426033475846,0.4828426033475846,0.8855999999999999,0.8855999999999999
9,lower_back,356,good+neck slouch,0.4828426033475846,0.4828426033475846,0.8855999999999999,0.8855999999999999
9,lower_back,357,neck slouch,0.48341237526056247,0.48341237526056247,0.5866,0.5866
9,lower_back,358,unknown,0.48401007700998017,0.48401007700998017,0.0712,0.0712
9,lower_back,359,neck slouch,0.48401007700998017,0.48401007700998017,0.0712,0.0712
9,lower_back,360,unknown,0.4845407470986701,0.48787000267375236,-5.757,-0.14283333333333334
9,lower_back,361,neck slouch,0.48787000267375236,0.48787000267375236,-0.14283333333333334,-0.14283333333333334
9,lower_back,362,unknown,0.48856825258016456,0.48856825258016456,-0.023,-0.023
9,lower_back,363,neck slouch,0.48856825258016456,0.48856825258016456,-0.023,-0.023
9,lower_back,364,unknown,0.48909892240249336,0.4896686943154713,-2.306,0.2592
9,lower_back,365,neck slouch,0.4896686943154713,0.49019936440416123,0.2592,0.7194
9,lower_back,366,good+neck slouch,0.49019936440416123,0.49019936440416123,0.7194,0.7194
9,lower_back,367,unknown,0.49079706615357893,0.49079706615357893,0.2934,0.2934
9,lower_back,368,neck slouch,0.49079706615357893,0.49079706615357893,0.2934,0.2934
9,lower_back,369,good+neck slouch,0.49079706615357893,0.49079706615357893,0.2934,0.2934
9,lower_back,370,unknown,0.4913277362422689,0.4913277362422689,0.3502,0.3502
9,lower_back,371,neck slouch,0.4913277362422689,0.4918975081552468,0.3502,0.51625
9,lower_back,372,unknown,0.4923611460504867,0.49405928980157227,-28.649,-0.625
9,lower_back,373,good+neck slouch,0.49405928980157227,0.49592501363674124,-7.254666666666667,1.8084
9,lower_back,374,neck slouch,0.4966902954702423,0.4966902954702423,0.6208571428571429,0.6208571428571429
9,lower_back,375,good+neck slouch,0.49748909326728785,0.5019467206804777,0.99275,1.9695
9,lower_back,376,unknown,0.5024103585757176,0.5024103585757176,-1.5304,-1.5304
9,lower_back,377,good+neck slouch,0.5024103585757176,0.5024103585757176,-1.5304,-1.5304
9,lower_back,378,unknown,0.5029466145251511,0.5029466145251511,0.018799999999999994,0.018799999999999994
9,lower_back,379,neck slouch,0.5029466145251511,0.5029466145251511,0.018799999999999994,0.018799999999999994
9,lower_back,380,good+neck slouch,0.5029466145251511,0.5035778325044744,0.018799999999999994,1.1645
9,lower_back,381,neck slouch,0.5042090504837977,0.5042090504837977,0.6746,0.6746
9,lower_back,382,good+neck slouch,0.5042090504837977,0.5042090504837977,0.6746,0.6746
9,lower_back,383,unknown,0.5047397203061265,0.5053765241461933,-0.15933333333333333,0.9908
9,lower_back,384,neck slouch,0.5053765241461933,0.5053765241461933,0.9908,0.9908
9,lower_back,385,good+neck slouch,0.5053765241461933,0.5059742261619722,0.9908,2.5183333333333335
9,lower_back,386,good+neck slouch+shoulder slouch,0.5059742261619722,0.5059742261619722,2.5183333333333335,2.5183333333333335
9,lower_back,387,good+neck slouch,0.5066389601048399,0.5066389601048399,2.818,2.818
9,lower_back,388,good+neck slouch+shoulder slouch,0.5066389601048399,0.5066389601048399,2.818,2.818
9,lower_back,389,unknown,0.5073372100112521,0.5073372100112521,0.957,0.957
9,lower_back,390,neck slouch,0.5073372100112521,0.5073372100112521,0.957,0.957
9,lower_back,391,good+neck slouch,0.5073372100112521,0.5073372100112521,0.957,0.957
9,lower_back,392,unknown,0.507867879833581,0.5095995395482109,-1.282,-0.19057142857142859
9,lower_back,393,neck slouch,0.5095995395482109,0.5095995395482109,-0.19057142857142859,-0.19057142857142859
9,lower_back,394,unknown,0.5103313056845288,0.5115658115403744,-3.418,-0.257
9,lower_back,395,neck slouch,0.5115658115403744,0.5115658115403744,-0.257,-0.257
9,lower_back,396,unknown,0.5120294494356143,0.5120294494356143,-0.08319999999999998,-0.08319999999999998
9,lower_back,397,neck slouch,0.5120294494356143,0.5120294494356143,-0.08319999999999998,-0.08319999999999998
9,lower_back,398,unknown,0.5125601192579431,0.5125601192579431,0.10099999999999999,0.10099999999999999
9,lower_back,399,neck slouch,0.5125601192579431,0.513129891170921,0.10099999999999999,0.971
9,lower_back,400,good+neck slouch,0.513129891170921,0.513129891170921,0.971,0.971
9,lower_back,401,unknown,0.5136270450297054,0.5136270450297054,-4.0456666666666665,-4.0456666666666665
9,lower_back,402,neck slouch,0.5136270450297054,0.5136270450297054,-4.0456666666666665,-4.0456666666666665
9,lower_back,403,good+neck slouch,0.5136270450297054,0.5136270450297054,-4.0456666666666665,-4.0456666666666665
9,lower_back,404,unknown,0.5142582630090287,0.5142582630090287,-5.4956000000000005,-5.4956000000000005
9,lower_back,405,good+neck slouch,0.5142582630090287,0.5147889330977187,-5.4956000000000005,2.2268
9,lower_back,406,good+neck slouch+shoulder slouch,0.5147889330977187,0.5162580506983754,2.2268,3.777125
9,lower_back,407,good+neck slouch,0.5169563006047876,0.5169563006047876,2.8326666666666664,2.8326666666666664
9,lower_back,408,good+neck slouch+shoulder slouch,0.5169563006047876,0.5169563006047876,2.8326666666666664,2.8326666666666664
9,lower_back,409,unknown,0.5176545505111998,0.5176545505111998,0.2066,0.2066
9,lower_back,410,neck slouch,0.5176545505111998,0.5176545505111998,0.2066,0.2066
9,lower_back,411,unknown,0.5181852205998898,0.5181852205998898,-0.4076,-0.4076
9,lower_back,412,neck slouch,0.5181852205998898,0.5181852205998898,-0.4076,-0.4076
9,lower_back,413,good+neck slouch,0.5181852205998898,0.5187214765493232,-0.4076,1.9103999999999999
9,lower_back,414,neck slouch,0.5192856623351965,0.5192856623351965,1.103,1.103
9,lower_back,415,good+neck slouch,0.5192856623351965,0.5210173220498264,1.103,2.3192
9,lower_back,416,neck slouch,0.5216150240656053,0.5216150240656053,1.04525,1.04525
9,lower_back,417,good+neck slouch,0.5216150240656053,0.5216150240656053,1.04525,1.04525
9,lower_back,418,neck slouch,0.5221121779243897,0.522743395903713,0.6363333333333333,0.8273999999999999
9,lower_back,419,good+neck slouch,0.522743395903713,0.5245085715818875,0.8273999999999999,1.6113333333333333
9,lower_back,420,unknown,0.524977795604232,0.524977795604232,-1.2786,-1.2786
9,lower_back,421,neck slouch,0.524977795604232,0.524977795604232,-1.2786,-1.2786
9,lower_back,422,unknown,0.5255419816564664,0.5654427742125948,-38.481625,-0.3492
9,lower_back,423,neck slouch,0.5654427742125948,0.5654427742125948,-3.4516666666666667,-3.4516666666666667
9,lower_back,424,unknown,0.566141024119007,0.5685374177765048,-17.1132,0.7182
9,lower_back,425,neck slouch,0.5685374177765048,0.5685374177765048,0.7182,0.7182
9,lower_back,426,good+neck slouch,0.5685374177765048,0.5685374177765048,0.7182,0.7182
9,lower_back,427,unknown,0.5691351197922836,0.5691351197922836,0.3704,0.3704
9,lower_back,428,neck slouch,0.5691351197922836,0.5691351197922836,0.3704,0.3704
9,lower_back,429,good+neck slouch,0.5691351197922836,0.5691351197922836,0.3704,0.3704
9,lower_back,430,unknown,0.5696993055781568,0.5714644812563313,-1.0885,0.5362
9,lower_back,431,neck slouch,0.5714644812563313,0.5714644812563313,0.5362,0.5362
9,lower_back,432,good+neck slouch,0.5714644812563313,0.5714644812563313,0.5362,0.5362
9,lower_back,433,unknown,0.5720007372057647,0.5720007372057647,-1.8476666666666668,-1.8476666666666668
9,lower_back,434,neck slouch,0.5720007372057647,0.5720007372057647,-1.8476666666666668,-1.8476666666666668
9,lower_back,435,good+neck slouch,0.5720007372057647,0.5720007372057647,-1.8476666666666668,-1.8476666666666668
9,lower_back,436,unknown,0.572631955185088,0.5755925348948202,-2.5136,0.1944
9,lower_back,437,neck slouch,0.5755925348948202,0.5761567206806935,0.1944,0.39166666666666666
9,lower_back,438,good+neck slouch,0.5768549705871057,0.5877364971392878,0.898,1.5921666666666667
9,lower_back,439,unknown,0.5882727530887212,0.5882727530887212,0.0342,0.0342
9,lower_back,440,neck slouch,0.5882727530887212,0.58933409299974,0.0342,0.9448
9,lower_back,441,good+neck slouch,0.58933409299974,0.5910992686779144,0.9448,1.48
9,lower_back,442,neck slouch,0.5917640026207822,0.5917640026207822,0.6044,0.6044
9,lower_back,443,good+neck slouch,0.5917640026207822,0.5917640026207822,0.6044,0.6044
9,lower_back,444,unknown,0.5923002585702156,0.5923002585702156,0.2528,0.2528
9,lower_back,445,neck slouch,0.5923002585702156,0.5923002585702156,0.2528,0.2528
9,lower_back,446,unknown,0.5928979605859945,0.5999530774379488,-25.555333333333333,0.39
9,lower_back,447,neck slouch,0.5999530774379488,0.5999530774379488,0.39,0.39
9,lower_back,448,good+neck slouch,0.5999530774379488,0.5999530774379488,0.39,0.39
9,lower_back,449,neck slouch,0.6004837475266388,0.6004837475266388,0.537,0.537
9,lower_back,450,unknown,0.6009529715489834,0.6026120132094198,-16.1214,-0.7976
9,lower_back,451,neck slouch,0.6026120132094198,0.6031817851223977,-0.7976,0.5511666666666667
9,lower_back,452,unknown,0.6038800350288099,0.6074383164879598,-0.667,0.16140000000000002
9,lower_back,453,neck slouch,0.6074383164879598,0.6074383164879598,0.16140000000000002,0.16140000000000002
9,lower_back,454,unknown,0.6080080884009377,0.6080080884009377,0.1404,0.1404
9,lower_back,455,neck slouch,0.6080080884009377,0.6080080884009377,0.1404,0.1404
9,lower_back,456,unknown,0.6085387584896277,0.6123316519599498,-0.2922,0.0386
9,lower_back,457,neck slouch,0.6123316519599498,0.6123316519599498,0.03133333333333334,0.03133333333333334
9,lower_back,458,unknown,0.6129963859028176,0.6129963859028176,0.13840000000000002,0.13840000000000002
9,lower_back,459,neck slouch,0.6129963859028176,0.6129963859028176,0.13840000000000002,0.13840000000000002
9,lower_back,460,unknown,0.6135605716886908,0.6135605716886908,0.2626,0.2626
9,lower_back,461,neck slouch,0.6135605716886908,0.6147280456174475,0.2626,0.692
9,lower_back,462,good+neck slouch,0.6147280456174475,0.6152587154397764,0.692,1.1251
9,lower_back,463,neck slouch,0.6162921252479941,0.6162921252479941,0.6825,0.6825
9,lower_back,464,good+neck slouch,0.6162921252479941,0.6162921252479941,0.6825,0.6825
9,lower_back,465,unknown,0.6168227953366842,0.6168227953366842,0.4482,0.4482
9,lower_back,466,neck slouch,0.6168227953366842,0.6168227953366842,0.4482,0.4482
9,lower_back,467,good+neck slouch,0.6168227953366842,0.6168227953366842,0.4482,0.4482
9,lower_back,468,neck slouch,0.6173925672496621,0.6173925672496621,1.2828333333333333,1.2828333333333333
9,lower_back,469,good+neck slouch,0.6173925672496621,0.6173925672496621,1.2828333333333333,1.2828333333333333
9,lower_back,470,unknown,0.6179902692654409,0.618621486978403,-3.848666666666667,-1.1866
9,lower_back,471,neck slouch,0.6192527049577263,0.6192527049577263,0.537,0.537
9,lower_back,472,good+neck slouch,0.619721928980071,0.6208503008181786,1.526,3.2135000000000002
9,lower_back,473,good+neck slouch+shoulder slouch,0.6208503008181786,0.6208503008181786,3.2135000000000002,3.2135000000000002
9,lower_back,474,unknown,0.6215485507245908,0.6215485507245908,-10.185333333333334,-10.185333333333334
9,lower_back,475,neck slouch,0.6215485507245908,0.6215485507245908,-10.185333333333334,-10.185333333333334
9,lower_back,476,unknown,0.6221853545646575,0.6245761623614119,-20.971,-1.2415
9,lower_back,477,neck slouch,0.6250789020809396,0.6250789020809396,0.7496666666666667,0.7496666666666667
9,lower_back,478,good+neck slouch,0.6250789020809396,0.6250789020809396,0.7496666666666667,0.7496666666666667
9,lower_back,479,neck slouch,0.6257436360238074,0.6263748540031308,0.3252,0.4415
9,lower_back,480,unknown,0.6269725560189096,0.6269725560189096,-0.0484,-0.0484
9,lower_back,481,good+neck slouch,0.6269725560189096,0.6275088119683431,-0.0484,1.4105
9,lower_back,482,unknown,0.6280059658271274,0.6280059658271274,1.0191428571428571,1.0191428571428571
9,lower_back,483,neck slouch,0.6280059658271274,0.6280059658271274,1.0191428571428571,1.0191428571428571
9,lower_back,484,good+neck slouch,0.6280059658271274,0.6280059658271274,1.0191428571428571,1.0191428571428571
9,lower_back,485,unknown,0.628737731697084,0.6293019177493184,-0.13940000000000002,-0.09999999999999999
9,lower_back,486,neck slouch,0.6293019177493184,0.6293019177493184,-0.13940000000000002,-0.13940000000000002
9,lower_back,487,good+neck slouch,0.6299052056258408,0.6317988592974495,1.2503333333333333,1.7725
9,lower_back,488,neck slouch,0.6324971092038617,0.6324971092038617,0.7068333333333333,0.7068333333333333
9,lower_back,489,good+neck slouch,0.6324971092038617,0.6324971092038617,0.7068333333333333,0.7068333333333333
9,lower_back,490,unknown,0.6331003970803841,0.6331003970803841,0.479,0.479
9,lower_back,491,neck slouch,0.6331003970803841,0.6331003970803841,0.479,0.479
9,lower_back,492,good+neck slouch,0.6331003970803841,0.6331003970803841,0.479,0.479
9,lower_back,493,unknown,0.6336980990961629,0.6336980990961629,0.721,0.721
9,lower_back,494,neck slouch,0.6336980990961629,0.6336980990961629,0.721,0.721
9,lower_back,495,good+neck slouch,0.6336980990961629,0.6336980990961629,0.721,0.721
9,lower_back,496,unknown,0.6342622848820362,0.6342622848820362,0.379,0.379
9,lower_back,497,neck slouch,0.6342622848820362,0.6342622848820362,0.379,0.379
9,lower_back,498,unknown,0.634927018824904,0.634927018824904,0.004399999999999997,0.004399999999999997
9,lower_back,499,neck slouch,0.634927018824904,0.634927018824904,0.004399999999999997,0.004399999999999997
9,lower_back,500,unknown,0.6354632747743374,0.6354632747743374,-0.4824,-0.4824
9,lower_back,501,neck slouch,0.6354632747743374,0.6354632747743374,-0.4824,-0.4824
9,lower_back,502,unknown,0.6360274608265718,0.6365581306489007,-0.6274,0.5844
9,lower_back,503,neck slouch,0.6365581306489007,0.6365581306489007,0.5844,0.5844
9,lower_back,504,good+neck slouch,0.6365581306489007,0.6383568222906195,0.5844,1.7945
9,lower_back,505,neck slouch,0.6389210083428539,0.6389210083428539,0.6394,0.6394
9,lower_back,506,good+neck slouch,0.6389210083428539,0.6389210083428539,0.6394,0.6394
9,lower_back,507,unknown,0.6394516781651827,0.6394516781651827,-0.982,-0.982
9,lower_back,508,neck slouch,0.6394516781651827,0.6394516781651827,-0.982,-0.982
9,lower_back,509,good+neck slouch,0.6400214500781606,0.6400214500781606,1.84725,1.84725
9,lower_back,510,good+neck slouch+shoulder slouch,0.6400214500781606,0.6400214500781606,1.84725,1.84725
9,lower_back,511,good+neck slouch,0.6405186042033062,0.6405186042033062,2.462,2.462
9,lower_back,512,good+neck slouch+shoulder slouch,0.6405186042033062,0.6405186042033062,2.462,2.462
9,lower_back,513,good+neck slouch,0.6411498219162682,0.6481043911439505,1.5598,2.21775
9,lower_back,514,unknown,0.6486741630569284,0.6486741630569284,0.29560000000000003,0.29560000000000003
9,lower_back,515,neck slouch,0.6486741630569284,0.6486741630569284,0.29560000000000003,0.29560000000000003
9,lower_back,516,unknown,0.6492048328792571,0.6492048328792571,0.01924999999999999,0.01924999999999999
9,lower_back,517,neck slouch,0.6492048328792571,0.6492048328792571,0.01924999999999999,0.01924999999999999
9,lower_back,518,unknown,0.6496684707744971,0.6515677105732105,-14.188,0.0385
9,lower_back,519,neck slouch,0.6515677105732105,0.6515677105732105,0.0385,0.0385
9,lower_back,520,good+neck slouch,0.6515677105732105,0.6515677105732105,0.0385,0.0385
9,lower_back,521,unknown,0.6521989285525338,0.655131578159465,-17.127,-0.3714
9,lower_back,522,good+neck slouch,0.6556957642116994,0.6556957642116994,0.9878333333333333,0.9878333333333333
9,lower_back,523,unknown,0.6563604978882059,0.6563604978882059,0.24014285714285716,0.24014285714285716
9,lower_back,524,neck slouch,0.6563604978882059,0.6563604978882059,0.24014285714285716,0.24014285714285716
9,lower_back,525,good+neck slouch,0.6563604978882059,0.6563604978882059,0.24014285714285716,0.24014285714285716
9,lower_back,526,unknown,0.6570922640245238,0.6583882156803537,-10.0844,0.0176
9,lower_back,527,neck slouch,0.6583882156803537,0.6583882156803537,0.0176,0.0176
9,lower_back,528,unknown,0.6589244716297871,0.6626838491365649,-0.7333333333333334,0.024200000000000003
9,lower_back,529,neck slouch,0.6626838491365649,0.6626838491365649,0.024200000000000003,0.024200000000000003
9,lower_back,530,unknown,0.6632815511523437,0.6632815511523437,0.4164,0.4164
9,lower_back,531,neck slouch,0.6632815511523437,0.6632815511523437,0.4164,0.4164
9,lower_back,532,unknown,0.6638122209746725,0.666845418472237,-9.424999999999999,-0.014199999999999997
9,lower_back,533,neck slouch,0.666845418472237,0.666845418472237,-0.486,-0.486
9,lower_back,534,unknown,0.6674766364515603,0.6686385242532125,-16.0004,-5.237833333333334
9,lower_back,535,neck slouch,0.6692697422325358,0.6692697422325358,0.5934,0.5934
9,lower_back,536,unknown,0.6698730301090581,0.6698730301090581,0.0342,0.0342
9,lower_back,537,neck slouch,0.6698730301090581,0.6698730301090581,0.0342,0.0342
9,lower_back,538,unknown,0.6703701842342036,0.674861327610938,-0.7635,0.107
9,lower_back,539,neck slouch,0.674861327610938,0.678721253008349,-1.3769367590565906e-18,1.0565
9,lower_back,540,good+neck slouch,0.678721253008349,0.680452912722979,1.0565,1.376
9,lower_back,541,neck slouch,0.6811511626293912,0.6811511626293912,0.8494,0.8494
9,lower_back,542,good+neck slouch,0.6811511626293912,0.6811511626293912,0.8494,0.8494
9,lower_back,543,unknown,0.6817544505059135,0.6817544505059135,-0.8052,-0.8052
9,lower_back,544,neck slouch,0.6817544505059135,0.6817544505059135,-0.8052,-0.8052
9,lower_back,545,unknown,0.682318636558148,0.6854467960856023,-26.0882,-0.1968333333333333
9,lower_back,546,neck slouch,0.6854467960856023,0.6854467960856023,-0.1968333333333333,-0.1968333333333333
9,lower_back,547,unknown,0.6860109821378367,0.6877091258889223,-1.71675,0.245
9,lower_back,548,neck slouch,0.6877091258889223,0.6877091258889223,0.245,0.245
9,lower_back,549,unknown,0.6883403436018845,0.6890050775447522,-5.0023333333333335,-0.48883333333333334
9,lower_back,550,neck slouch,0.6890050775447522,0.68966981148762,-0.48883333333333334,0.8743333333333333
9,lower_back,551,good+neck slouch,0.68966981148762,0.68966981148762,0.8743333333333333,0.8743333333333333
9,lower_back,552,unknown,0.6903066153276868,0.6903066153276868,0.2824,0.2824
9,lower_back,553,neck slouch,0.6903066153276868,0.6903066153276868,0.2824,0.2824
9,lower_back,554,unknown,0.6908708013799212,0.6908708013799212,0.27085714285714285,0.27085714285714285
9,lower_back,555,neck slouch,0.6908708013799212,0.6908708013799212,0.27085714285714285,0.27085714285714285
9,lower_back,556,unknown,0.6916025672498778,0.6916025672498778,0.19583333333333333,0.19583333333333333
9,lower_back,557,neck slouch,0.6916025672498778,0.6916025672498778,0.19583333333333333,0.19583333333333333
9,lower_back,558,unknown,0.6923343331198344,0.6930660989897911,-0.10742857142857143,0.34500000000000003
9,lower_back,559,neck slouch,0.6930660989897911,0.6930660989897911,0.34500000000000003,0.34500000000000003
9,lower_back,560,unknown,0.6936638010055699,0.6936638010055699,0.1966,0.1966
9,lower_back,561,neck slouch,0.6936638010055699,0.6936638010055699,0.1966,0.1966
9,lower_back,562,unknown,0.6942335729185478,0.7041822375531455,-13.6198,0.079
9,lower_back,563,neck slouch,0.7041822375531455,0.7047464236053799,-0.030800000000000004,0.612
9,lower_back,564,good+neck slouch,0.7047464236053799,0.7047464236053799,0.612,0.612
9,lower_back,565,neck slouch,0.7053106093912531,0.7053106093912531,0.6628333333333334,0.6628333333333334
9,lower_back,566,good+neck slouch,0.7053106093912531,0.7053106093912531,0.6628333333333334,0.6628333333333334
9,lower_back,567,neck slouch,0.7059809294612255,0.7059809294612255,0.69,0.69
9,lower_back,568,good+neck slouch,0.7059809294612255,0.7059809294612255,0.69,0.69
9,lower_back,569,neck slouch,0.7069082052517054,0.7069082052517054,0.8183333333333334,0.8183333333333334
9,lower_back,570,good+neck slouch,0.7069082052517054,0.7069082052517054,0.8183333333333334,0.8183333333333334
9,lower_back,571,unknown,0.7075450090917721,0.7075450090917721,0.3105,0.3105
9,lower_back,572,neck slouch,0.7075450090917721,0.7075450090917721,0.3105,0.3105
9,lower_back,573,unknown,0.7081762270710954,0.7086733809298797,-0.62725,0.17779999999999999
9,lower_back,574,neck slouch,0.7086733809298797,0.7092040510185698,0.17779999999999999,0.9328333333333333
9,lower_back,575,good+neck slouch,0.7092040510185698,0.7092040510185698,0.9328333333333333,0.9328333333333333
9,lower_back,576,neck slouch,0.709874370822181,0.709874370822181,0.8955000000000001,0.8955000000000001
9,lower_back,577,good+neck slouch,0.709874370822181,0.7105055888015043,0.8955000000000001,1.0658
9,lower_back,578,neck slouch,0.7110362586238331,0.7110362586238331,1.1998,1.1998
9,lower_back,579,good+neck slouch,0.7110362586238331,0.7110362586238331,1.1998,1.1998
9,lower_back,580,unknown,0.7116674766031564,0.7116674766031564,0.7548,0.7548
9,lower_back,581,neck slouch,0.7116674766031564,0.7116674766031564,0.7548,0.7548
9,lower_back,582,good+neck slouch,0.7116674766031564,0.7122707644796787,0.7548,1.0883333333333334
9,lower_back,583,unknown,0.7129354984225466,0.7129354984225466,0.16749999999999998,0.16749999999999998
9,lower_back,584,neck slouch,0.7129354984225466,0.7129354984225466,0.16749999999999998,0.16749999999999998
9,lower_back,585,unknown,0.7136002323654143,0.7136002323654143,0.16216666666666665,0.16216666666666665
9,lower_back,586,neck slouch,0.7136002323654143,0.7136002323654143,0.16216666666666665,0.16216666666666665
9,lower_back,587,unknown,0.7142314503447376,0.7147621201670663,-0.1968,1.1226
9,lower_back,588,neck slouch,0.7147621201670663,0.7147621201670663,1.1226,1.1226
9,lower_back,589,good+neck slouch,0.7147621201670663,0.7147621201670663,1.1226,1.1226
9,lower_back,590,neck slouch,0.7153318920800442,0.7153318920800442,0.8406,0.8406
9,lower_back,591,good+neck slouch,0.7153318920800442,0.7153318920800442,0.8406,0.8406
9,lower_back,592,neck slouch,0.7158625619023731,0.7158625619023731,0.5206,0.5206
9,lower_back,593,unknown,0.7164602639181519,0.7164602639181519,-2.6092,-2.6092
9,lower_back,594,neck slouch,0.7164602639181519,0.7164602639181519,-2.6092,-2.6092
9,lower_back,595,unknown,0.7170579659339308,0.7175942218833643,-16.796,-1.363
9,lower_back,596,neck slouch,0.7175942218833643,0.7175942218833643,-1.363,-1.363
9,lower_back,597,unknown,0.7184935675710431,0.7184935675710431,0.3037142857142857,0.3037142857142857
9,lower_back,598,neck slouch,0.7184935675710431,0.7184935675710431,0.3037142857142857,0.3037142857142857
9,lower_back,599,unknown,0.7192923656344498,0.7334696317981697,-14.6294,0.1968
9,lower_back,600,neck slouch,0.7334696317981697,0.7334696317981697,0.1968,0.1968
9,lower_back,601,unknown,0.734033817584043,0.734033817584043,-0.14159999999999998,-0.14159999999999998
9,lower_back,602,neck slouch,0.734033817584043,0.734033817584043,-0.14159999999999998,-0.14159999999999998
9,lower_back,603,unknown,0.7345644874063717,0.750071221455827,-4.083333333333333,0.2086
9,lower_back,604,neck slouch,0.750071221455827,0.750071221455827,0.2086,0.2086
9,lower_back,605,unknown,0.750640993368805,0.7512722113481283,-0.4845,0.3164
9,lower_back,606,neck slouch,0.7512722113481283,0.7512722113481283,0.3164,0.3164
9,lower_back,607,unknown,0.7518699130975459,0.7518699130975459,0.136,0.136
9,lower_back,608,neck slouch,0.7518699130975459,0.7518699130975459,0.136,0.136
9,lower_back,609,unknown,0.7524340991497804,0.7612208759827259,-0.7235,0.1198
9,lower_back,610,neck slouch,0.7612208759827259,0.7618185779985047,0.1198,0.6382
9,lower_back,611,good+neck slouch,0.7618185779985047,0.7618185779985047,0.6382,0.6382
9,lower_back,612,unknown,0.7623548336815771,0.7683095090645858,-31.96814285714286,-2.875285714285714
9,lower_back,613,good+neck slouch,0.7683095090645858,0.7683095090645858,-4.2462,-4.2462
9,lower_back,614,unknown,0.7688401788869146,0.7712365725444124,-16.4278,0.5988
9,lower_back,615,good+neck slouch,0.7712365725444124,0.7717728284938459,0.5988,2.4654
9,lower_back,616,good+neck slouch+shoulder slouch,0.7717728284938459,0.7717728284938459,2.4654,2.4654
9,lower_back,617,good+neck slouch,0.7723370145460803,0.7723370145460803,2.5276666666666667,2.5276666666666667
9,lower_back,618,good+neck slouch+shoulder slouch,0.7723370145460803,0.7723370145460803,2.5276666666666667,2.5276666666666667
9,lower_back,619,good+neck slouch,0.773001748488948,0.773001748488948,2.40025,2.40025
9,lower_back,620,good+neck slouch+shoulder slouch,0.773001748488948,0.773001748488948,2.40025,2.40025
9,lower_back,621,good+neck slouch,0.7734989023477323,0.7740016423336213,1.995,2.4739999999999998
9,lower_back,622,good+neck slouch+shoulder slouch,0.7740016423336213,0.7740016423336213,2.4739999999999998,2.4739999999999998
9,lower_back,623,good+neck slouch,0.7745323121559502,0.7745323121559502,2.29475,2.29475
9,lower_back,624,good+neck slouch+shoulder slouch,0.7745323121559502,0.7745323121559502,2.29475,2.29475
9,lower_back,625,unknown,0.7750629819782789,0.7750629819782789,0.38166666666666665,0.38166666666666665
9,lower_back,626,neck slouch,0.7750629819782789,0.7750629819782789,0.38166666666666665,0.38166666666666665
9,lower_back,627,good+neck slouch,0.7750629819782789,0.7750629819782789,0.38166666666666665,0.38166666666666665
9,lower_back,628,unknown,0.7756662701211625,0.7756662701211625,-0.327,-0.327
9,lower_back,629,neck slouch,0.7756662701211625,0.7756662701211625,-0.327,-0.327
9,lower_back,630,unknown,0.7761299080164024,0.7768281579228146,-6.307166666666666,0.4668
9,lower_back,631,neck slouch,0.7768281579228146,0.7768281579228146,0.4668,0.4668
9,lower_back,632,good+neck slouch,0.7768281579228146,0.7792915835074012,0.4668,1.7291999999999998
9,lower_back,633,neck slouch,0.7797887373661856,0.7797887373661856,0.8028,0.8028
9,lower_back,634,good+neck slouch,0.7797887373661856,0.7797887373661856,0.8028,0.8028
9,lower_back,635,neck slouch,0.7803585092791635,0.7803585092791635,0.8758,0.8758
9,lower_back,636,good+neck slouch,0.7803585092791635,0.7814868811172712,0.8758,1.8028
9,lower_back,637,unknown,0.7820566530302491,0.7820566530302491,0.1142,0.1142
9,lower_back,638,neck slouch,0.7820566530302491,0.7820566530302491,0.1142,0.1142
9,lower_back,639,good+neck slouch,0.7820566530302491,0.7820566530302491,0.1142,0.1142
9,lower_back,640,unknown,0.7826208390824835,0.7912065198678011,-23.97625,-1.6668
9,lower_back,641,neck slouch,0.7912065198678011,0.7912065198678011,-1.6668,-1.6668
9,lower_back,642,good+neck slouch,0.7912065198678011,0.7912065198678011,-1.6668,-1.6668
9,lower_back,643,unknown,0.7917371899564911,0.7917371899564911,0.2718333333333333,0.2718333333333333
9,lower_back,644,neck slouch,0.7917371899564911,0.7917371899564911,0.2718333333333333,0.2718333333333333
9,lower_back,645,good+neck slouch,0.7917371899564911,0.7917371899564911,0.2718333333333333,0.2718333333333333
9,lower_back,646,unknown,0.7923684076694533,0.7937704936093823,-1.2606666666666666,0.018799999999999997
9,lower_back,647,neck slouch,0.7937704936093823,0.7943346793952555,0.018799999999999997,0.9232
9,lower_back,648,good+neck slouch,0.7943346793952555,0.7943346793952555,0.9232,0.9232
9,lower_back,649,neck slouch,0.79489886544749,0.79489886544749,0.8404285714285714,0.8404285714285714
9,lower_back,650,good+neck slouch,0.79489886544749,0.79489886544749,0.8404285714285714,0.8404285714285714
9,lower_back,651,neck slouch,0.795664147280991,0.7967981052462033,0.652,0.7188
9,lower_back,652,unknown,0.7974293232255266,0.801021120648221,-18.1604,0.0964
9,lower_back,653,neck slouch,0.801021120648221,0.801021120648221,0.0964,0.0964
9,lower_back,654,unknown,0.8016244085247433,0.8092101954653876,-25.013833333333334,-0.27628571428571425
9,lower_back,655,neck slouch,0.8092101954653876,0.8092101954653876,-0.27628571428571425,-0.27628571428571425
9,lower_back,656,good+neck slouch,0.8092101954653876,0.8110703331734519,-0.27628571428571425,2.2766
9,lower_back,657,neck slouch,0.8116736213163355,0.8116736213163355,1.0404,1.0404
9,lower_back,658,good+neck slouch,0.8116736213163355,0.8127684769245375,1.0404,1.7625
9,lower_back,659,unknown,0.813371765067421,0.813371765067421,-12.92825,-12.92825
9,lower_back,660,neck slouch,0.813371765067421,0.813371765067421,-12.92825,-12.92825
9,lower_back,661,unknown,0.8139024348897498,0.818991280282263,-24.953285714285713,-1.8475000000000001
9,lower_back,662,neck slouch,0.818991280282263,0.818991280282263,-4.3662,-4.3662
9,lower_back,663,good+neck slouch,0.818991280282263,0.818991280282263,-4.3662,-4.3662
9,lower_back,664,neck slouch,0.8195610521952409,0.8195610521952409,0.6678,0.6678
9,lower_back,665,good+neck slouch,0.8195610521952409,0.8195610521952409,0.6678,0.6678
9,lower_back,666,neck slouch,0.8201252379811141,0.8201252379811141,0.61925,0.61925
9,lower_back,667,good+neck slouch,0.820588875876354,0.820588875876354,1.1791666666666667,1.1791666666666667
9,lower_back,668,unknown,0.8212591959463265,0.8212591959463265,-0.16,-0.16
9,lower_back,669,neck slouch,0.8212591959463265,0.8212591959463265,-0.16,-0.16
9,lower_back,670,unknown,0.8221194398097174,0.8226221797956064,-2.12175,0.27449999999999997
9,lower_back,671,neck slouch,0.8226221797956064,0.8226221797956064,0.27449999999999997,0.27449999999999997
9,lower_back,672,good+neck slouch,0.8226221797956064,0.8240857115355197,0.27449999999999997,1.8050000000000002
9,lower_back,673,unknown,0.8248174774054763,0.8248174774054763,-1.845,-1.845
9,lower_back,674,neck slouch,0.8248174774054763,0.8248174774054763,-1.845,-1.845
9,lower_back,675,unknown,0.8255157273118885,0.8255157273118885,0.499875,0.499875
9,lower_back,676,neck slouch,0.8255157273118885,0.8255157273118885,0.499875,0.499875
9,lower_back,677,good+neck slouch,0.8255157273118885,0.826448589229473,0.499875,2.223
9,lower_back,678,good+neck slouch+shoulder slouch,0.826448589229473,0.8271133231723408,2.223,2.837
9,lower_back,679,good+neck slouch,0.8277110249217584,0.8277110249217584,2.394,2.394
9,lower_back,680,good+neck slouch+shoulder slouch,0.8277110249217584,0.8277110249217584,2.394,2.394
9,lower_back,681,good+neck slouch,0.8282472808711918,0.8306771907585953,1.7314,2.6378
9,lower_back,682,good+neck slouch+shoulder slouch,0.8306771907585953,0.8306771907585953,2.6378,2.6378
9,lower_back,683,good+neck slouch,0.831207860580924,0.831207860580924,2.5068333333333332,2.5068333333333332
9,lower_back,684,good+neck slouch+shoulder slouch,0.831207860580924,0.831207860580924,2.5068333333333332,2.5068333333333332
9,lower_back,685,good+neck slouch,0.8319061104873362,0.8356319720305695,1.3612,2.47
9,lower_back,686,unknown,0.8362967059734373,0.8362967059734373,-0.2034,-0.2034
9,lower_back,687,good+neck slouch,0.8362967059734373,0.8362967059734373,-0.2034,-0.2034
9,lower_back,688,unknown,0.8368329619228707,0.837397147708744,-1.07375,-0.2583333333333333
9,lower_back,689,neck slouch,0.837397147708744,0.837397147708744,-0.2583333333333333,-0.2583333333333333
9,lower_back,690,unknown,0.8380618816516117,0.844284684742976,-30.649800000000003,-0.6812
9,lower_back,691,neck slouch,0.844284684742976,0.844284684742976,-0.6812,-0.6812
9,lower_back,692,unknown,0.844815354831666,0.8472452644527082,-8.200333333333333,0.0702
9,lower_back,693,neck slouch,0.8472452644527082,0.8472452644527082,0.0702,0.0702
9,lower_back,694,unknown,0.847882068292775,0.8590261369589304,-27.6492,0.0034
9,lower_back,695,neck slouch,0.8590261369589304,0.8590261369589304,-6.0423333333333336,-6.0423333333333336
9,lower_back,696,good+neck slouch,0.8590261369589304,0.8590261369589304,-6.0423333333333336,-6.0423333333333336
9,lower_back,697,unknown,0.8597243868653426,0.8597243868653426,-6.321666666666667,-6.321666666666667
9,lower_back,698,neck slouch,0.8597243868653426,0.8597243868653426,-6.321666666666667,-6.321666666666667
9,lower_back,699,good+neck slouch,0.8597243868653426,0.8597243868653426,-6.321666666666667,-6.321666666666667
9,lower_back,700,unknown,0.8603276747418649,0.8614560465799725,-20.6625,-8.419166666666666
9,lower_back,701,good+neck slouch,0.8621207805228402,0.8626570364722738,1.6262,1.637
9,lower_back,702,unknown,0.8632547382216914,0.8632547382216914,0.4734,0.4734
9,lower_back,703,neck slouch,0.8632547382216914,0.8632547382216914,0.4734,0.4734
9,lower_back,704,good+neck slouch,0.8632547382216914,0.8632547382216914,0.4734,0.4734
9,lower_back,705,unknown,0.8638189242739258,0.8638189242739258,0.6768,0.6768
9,lower_back,706,neck slouch,0.8638189242739258,0.8638189242739258,0.6768,0.6768
9,lower_back,707,good+neck slouch,0.8638189242739258,0.8638189242739258,0.6768,0.6768
9,lower_back,708,neck slouch,0.8643886961869037,0.8643886961869037,0.9216666666666666,0.9216666666666666
9,lower_back,709,good+neck slouch,0.8643886961869037,0.865019914166227,0.9216666666666666,1.5756000000000001
9,lower_back,710,unknown,0.8656176159156447,0.8656176159156447,0.6076,0.6076
9,lower_back,711,neck slouch,0.8656176159156447,0.8656176159156447,0.6076,0.6076
9,lower_back,712,good+neck slouch,0.8656176159156447,0.8656176159156447,0.6076,0.6076
9,lower_back,713,unknown,0.8661818019678792,0.8733039510132835,-13.3682,-0.6453333333333334
9,lower_back,714,good+neck slouch,0.8733039510132835,0.8733039510132835,-0.6453333333333334,-0.6453333333333334
9,lower_back,715,good+neck slouch+shoulder slouch,0.8733039510132835,0.8733039510132835,-0.6453333333333334,-0.6453333333333334
9,lower_back,716,unknown,0.8740022009196957,0.8740022009196957,0.4328,0.4328
9,lower_back,717,neck slouch,0.8740022009196957,0.8740022009196957,0.4328,0.4328
9,lower_back,718,good+neck slouch,0.8740022009196957,0.8740022009196957,0.4328,0.4328
9,lower_back,719,unknown,0.8745719728326736,0.8820236956527789,-21.527833333333334,0.05225
9,lower_back,720,neck slouch,0.8820236956527789,0.8825208497779246,0.05225,0.39916666666666667
9,lower_back,721,unknown,0.8831576536179913,0.8836883234403201,-0.1396,0.10685714285714286
9,lower_back,722,neck slouch,0.8836883234403201,0.8849507593989667,0.10685714285714286,0.4578
9,lower_back,723,unknown,0.8854870153484001,0.8854870153484001,0.334,0.334
9,lower_back,724,neck slouch,0.8854870153484001,0.8854870153484001,0.334,0.334
9,lower_back,725,unknown,0.8861182333277234,0.8861182333277234,0.2934,0.2934
9,lower_back,726,neck slouch,0.8861182333277234,0.8861182333277234,0.2934,0.2934
9,lower_back,727,good+neck slouch,0.8861182333277234,0.8861182333277234,0.2934,0.2934
9,lower_back,728,neck slouch,0.8867159350771412,0.8867159350771412,0.82375,0.82375
9,lower_back,729,good+neck slouch,0.8867159350771412,0.8892799088187223,0.82375,1.0394999999999999
9,lower_back,730,neck slouch,0.8898440946045956,0.8898440946045956,0.9338,0.9338
9,lower_back,731,good+neck slouch,0.8898440946045956,0.8919388443238321,0.9338,1.0142
9,lower_back,732,neck slouch,0.8925421324667157,0.8925421324667157,0.6995,0.6995
9,lower_back,733,good+neck slouch,0.8925421324667157,0.8925421324667157,0.6995,0.6995
9,lower_back,734,neck slouch,0.8931398342161333,0.8943352379813299,0.40080000000000005,0.8108
9,lower_back,735,good+neck slouch,0.8943352379813299,0.8954356799829978,0.8108,0.8722
9,lower_back,736,neck slouch,0.8958993178782376,0.8958993178782376,0.771,0.771
9,lower_back,737,good+neck slouch,0.8958993178782376,0.8958993178782376,0.771,0.771
9,lower_back,738,neck slouch,0.89650260575476,0.8992285734533199,0.6782,0.74175
9,lower_back,739,good+neck slouch,0.8997592432756487,0.8997592432756487,1.0181666666666667,1.0181666666666667
9,lower_back,740,unknown,0.9004630793091656,0.9004630793091656,-2.774,-2.774
9,lower_back,741,neck slouch,0.9004630793091656,0.9004630793091656,-2.774,-2.774
9,lower_back,742,good+neck slouch,0.9004630793091656,0.9004630793091656,-2.774,-2.774
9,lower_back,743,unknown,0.9010272650950388,0.9071830362593143,-71.6286,0.368
9,lower_back,744,neck slouch,0.9071830362593143,0.9071830362593143,0.368,0.368
9,lower_back,745,good+neck slouch,0.9071830362593143,0.9071830362593143,0.368,0.368
9,lower_back,746,neck slouch,0.9077137063480042,0.9077137063480042,0.83925,0.83925
9,lower_back,747,good+neck slouch,0.9077137063480042,0.9077137063480042,0.83925,0.83925
9,lower_back,748,neck slouch,0.9081829303703488,0.9092107540514619,0.503,0.8394
9,lower_back,749,good+neck slouch,0.9092107540514619,0.9092107540514619,0.8394,0.8394
9,lower_back,750,unknown,0.9097470100008954,0.9097470100008954,-7.569500000000001,-7.569500000000001
9,lower_back,751,neck slouch,0.9097470100008954,0.9097470100008954,-7.569500000000001,-7.569500000000001
9,lower_back,752,unknown,0.9102106478961353,0.9107413179848253,-14.7756,0.21200000000000002
9,lower_back,753,neck slouch,0.9107413179848253,0.9107413179848253,0.21200000000000002,0.21200000000000002
9,lower_back,754,good+neck slouch,0.9107413179848253,0.9120763717313043,0.21200000000000002,1.2121428571428572
9,lower_back,755,unknown,0.9126740737470831,0.9126740737470831,0.06599999999999999,0.06599999999999999
9,lower_back,756,neck slouch,0.9126740737470831,0.9126740737470831,0.06599999999999999,0.06599999999999999
9,lower_back,757,good+neck slouch,0.9126740737470831,0.9126740737470831,0.06599999999999999,0.06599999999999999
9,lower_back,758,unknown,0.913204743569412,0.9553399358260594,-36.4954,-0.3034
9,lower_back,759,good+neck slouch,0.9559711538053827,0.9559711538053827,1.00675,1.00675
9,lower_back,760,neck slouch,0.9564347917006225,0.9564347917006225,0.6724,0.6724
9,lower_back,761,good+neck slouch,0.9564347917006225,0.9564347917006225,0.6724,0.6724
9,lower_back,762,unknown,0.956998977752857,0.956998977752857,0.6636,0.6636
9,lower_back,763,neck slouch,0.956998977752857,0.956998977752857,0.6636,0.6636
9,lower_back,764,good+neck slouch,0.956998977752857,0.956998977752857,0.6636,0.6636
9,lower_back,765,unknown,0.9575687496658349,0.9649199245953068,-25.1412,-0.27699999999999997
9,lower_back,766,neck slouch,0.9649199245953068,0.9655232124718293,-0.27699999999999997,0.6371666666666667
9,lower_back,767,good+neck slouch,0.9655232124718293,0.9655232124718293,0.6371666666666667,0.6371666666666667
9,lower_back,768,unknown,0.9661209144876081,0.9661209144876081,0.5896666666666667,0.5896666666666667
9,lower_back,769,neck slouch,0.9661209144876081,0.9661209144876081,0.5896666666666667,0.5896666666666667
9,lower_back,770,good+neck slouch,0.9661209144876081,0.9661209144876081,0.5896666666666667,0.5896666666666667
9,lower_back,771,unknown,0.9668191643940203,0.9668191643940203,-0.10200000000000001,-0.10200000000000001
9,lower_back,772,neck slouch,0.9668191643940203,0.9668191643940203,-0.10200000000000001,-0.10200000000000001
9,lower_back,773,unknown,0.9673833504462547,0.9738742815123358,-19.1104,0.5558
9,lower_back,774,neck slouch,0.9738742815123358,0.9738742815123358,0.5558,0.5558
9,lower_back,775,unknown,0.974438467298209,0.974438467298209,0.4976,0.4976
9,lower_back,776,neck slouch,0.974438467298209,0.974438467298209,0.4976,0.4976
9,lower_back,777,unknown,0.974969137386899,0.977203537087418,-27.5956,-0.7514000000000001
9,lower_back,778,neck slouch,0.977203537087418,0.977203537087418,-0.754,-0.754
9,lower_back,779,good+neck slouch,0.977203537087418,0.9781978448049867,-0.754,2.1124
9,lower_back,780,unknown,0.9787676167179646,0.9787676167179646,0.05499999999999999,0.05499999999999999
9,lower_back,781,neck slouch,0.9787676167179646,0.9787676167179646,0.05499999999999999,0.05499999999999999
9,lower_back,782,good+neck slouch,0.9787676167179646,0.9787676167179646,0.05499999999999999,0.05499999999999999
9,lower_back,783,unknown,0.9792312546132045,0.9803316966148724,-14.5732,-0.020800000000000006
9,lower_back,784,neck slouch,0.9803316966148724,0.9803316966148724,-0.020800000000000006,-0.020800000000000006
9,lower_back,785,good+neck slouch,0.9808623664372013,0.9808623664372013,0.974,0.974
9,lower_back,786,unknown,0.9813595205623468,0.9813595205623468,0.4998,0.4998
9,lower_back,787,neck slouch,0.9813595205623468,0.9813595205623468,0.4998,0.4998
9,lower_back,788,good+neck slouch,0.9813595205623468,0.9813595205623468,0.4998,0.4998
9,lower_back,789,unknown,0.981895776245419,0.9882805735601233,-23.1262,0.1912
9,lower_back,790,neck slouch,0.9882805735601233,0.9882805735601233,0.1912,0.1912
9,lower_back,791,unknown,0.9888503454731011,0.9888503454731011,0.2582,0.2582
9,lower_back,792,neck slouch,0.9888503454731011,0.9888503454731011,0.2582,0.2582
9,lower_back,793,good+neck slouch,0.9888503454731011,0.98938101529543,0.2582,1.1142
9,lower_back,794,neck slouch,0.9899452013476644,0.9899452013476644,0.7527499999999999,0.7527499999999999
9,lower_back,795,good+neck slouch,0.9899452013476644,0.9909450951923378,0.7527499999999999,1.503
9,lower_back,796,unknown,0.991509280978211,0.991509280978211,-0.41575,-0.41575
9,lower_back,797,neck slouch,0.991509280978211,0.9925091748228844,-0.41575,0.7404
9,lower_back,798,good+neck slouch,0.9925091748228844,0.9925091748228844,0.7404,0.7404
9,lower_back,799,neck slouch,0.9930733608751188,0.9930733608751188,0.7178333333333333,0.7178333333333333
9,lower_back,800,good+neck slouch,0.9930733608751188,0.99374368067873,0.7178333333333333,0.99725
9,lower_back,801,unknown,0.9942073188403311,0.9942073188403311,-2.0236,-2.0236
9,lower_back,802,neck slouch,0.9942073188403311,0.9942073188403311,-2.0236,-2.0236
9,lower_back,803,good+neck slouch,0.9942073188403311,0.9942073188403311,-2.0236,-2.0236
9,lower_back,804,unknown,0.9947379886626599,1,-28.6385,-0.09899999999999996
9,lower_back,805,neck slouch,1,1,-0.09899999999999996,-0.09899999999999996
9,mid_back,0,unknown,0,1,-39.36675,17.27475
9,neck,0,unknown,0,0.2861921649902189,-30.81675,5.9842
9,neck,1,good+laying back,0.28672269848878895,0.28672269848878895,13.1296,13.1296
9,neck,2,good+laying back+lumbar slouch,0.28672269848878895,0.28672269848878895,13.1296,13.1296
9,neck,3,unknown,0.28732024696091046,0.28732024696091046,10.3416,10.3416
9,neck,4,good,0.28732024696091046,0.28732024696091046,10.3416,10.3416
9,neck,5,good+laying back,0.28732024696091046,0.28732024696091046,10.3416,10.3416
9,neck,6,unknown,0.28785636515156515,0.29387652527911495,-11.4136,9.8446
9,neck,7,good,0.29387652527911495,0.29387652527911495,9.8446,9.8446
9,neck,8,unknown,0.2944405663976072,0.2944405663976072,10.220600000000001,10.220600000000001
9,neck,9,good,0.2944405663976072,0.2944405663976072,10.220600000000001,10.220600000000001
9,neck,10,unknown,0.2950046072498066,0.3180632730748723,-16.414666666666665,7.3315
9,neck,11,good+laying back+lumbar slouch,0.3180632730748723,0.3180632730748723,7.3315,7.3315
9,neck,12,unknown,0.3186608215469939,0.3186608215469939,11.257,11.257
9,neck,13,good+laying back,0.3186608215469939,0.3186608215469939,11.257,11.257
9,neck,14,good+laying back+lumbar slouch,0.3186608215469939,0.3186608215469939,11.257,11.257
9,neck,15,unknown,0.3191299250303899,0.3714963841239774,-24.73975,10.1844
9,neck,16,good+laying back,0.3714963841239774,0.3714963841239774,8.320333333333334,8.320333333333334
9,neck,17,unknown,0.3721609473033576,0.3845698489809653,-17.429833333333335,13.368
9,neck,18,good+laying back+lumbar slouch,0.3845698489809653,0.3845698489809653,13.368,13.368
9,neck,19,unknown,0.3851338900994575,0.3851338900994575,13.922857142857143,13.922857142857143
9,neck,20,good,0.3851338900994575,0.3851338900994575,13.922857142857143,13.922857142857143
9,neck,21,good+laying back,0.3851338900994575,0.3851338900994575,13.922857142857143,13.922857142857143
9,neck,22,good+laying back+lumbar slouch,0.3851338900994575,0.3851338900994575,13.922857142857143,13.922857142857143
9,neck,23,unknown,0.3858654679860963,0.4616926814145942,-57.9384,8.6176
9,neck,24,good,0.4616926814145942,0.4616926814145942,2.492166666666667,2.492166666666667
9,neck,25,unknown,0.46225672253308636,0.4872755702763705,-29.225,9.1735
9,neck,26,good,0.4872755702763705,0.4872755702763705,4.445,4.445
9,neck,27,unknown,0.48797364080937994,0.48797364080937994,9.971833333333333,9.971833333333333
9,neck,28,good+laying back+lumbar slouch,0.48797364080937994,0.48797364080937994,9.971833333333333,9.971833333333333
9,neck,29,unknown,0.48867171134238946,0.48867171134238946,9.6995,9.6995
9,neck,30,good,0.48867171134238946,0.48867171134238946,9.6995,9.6995
9,neck,31,unknown,0.4891743221794148,0.5148912407220012,-14.122833333333332,7.305750000000001
9,neck,32,good,0.5148912407220012,0.515388266866942,7.305750000000001,15.0316
9,neck,33,good+laying back+lumbar slouch,0.515388266866942,0.515388266866942,15.0316,15.0316
9,neck,34,laying back+lumbar slouch,0.515388266866942,0.515388266866942,15.0316,15.0316
9,neck,35,laying back+lumbar slouch+shoulder slouch,0.515388266866942,0.515388266866942,15.0316,15.0316
9,neck,36,good+laying back+lumbar slouch,0.5159188003655121,0.5159188003655121,16.842,16.842
9,neck,37,laying back+lumbar slouch+shoulder slouch,0.5159188003655121,0.5159188003655121,16.842,16.842
9,neck,38,unknown,0.5164549185561668,0.5223410492691993,-11.811399999999999,9.362
9,neck,39,good+laying back+lumbar slouch,0.5223410492691993,0.5223410492691993,9.362,9.362
9,neck,40,unknown,0.5228715830340622,0.5228715830340622,10.295166666666667,10.295166666666667
9,neck,41,good,0.5228715830340622,0.5228715830340622,10.295166666666667,10.295166666666667
9,neck,42,good+laying back+lumbar slouch,0.5228715830340622,0.5228715830340622,10.295166666666667,10.295166666666667
9,neck,43,unknown,0.5234747159319755,0.5309580320990958,-6.2855,9.613166666666666
9,neck,44,good,0.5309580320990958,0.5309580320990958,9.613166666666666,9.613166666666666
9,neck,45,good+laying back+lumbar slouch,0.5309580320990958,0.5309580320990958,9.613166666666666,9.613166666666666
9,neck,46,unknown,0.5315890879248465,0.5315890879248465,9.8416,9.8416
9,neck,47,good+laying back+lumbar slouch,0.5315890879248465,0.5315890879248465,9.8416,9.8416
9,neck,48,unknown,0.5321252061155013,0.5423728814868218,-12.1012,10.3106
9,neck,49,good,0.5423728814868218,0.5423728814868218,10.3106,10.3106
9,neck,50,unknown,0.5429704296926506,0.6165638176818109,-7.873285714285714,8.0178
9,neck,51,good+laying back+lumbar slouch,0.6165638176818109,0.6165638176818109,8.0178,8.0178
9,neck,52,unknown,0.6171613661539325,0.6171613661539325,10.754375,10.754375
9,neck,53,good+laying back+lumbar slouch,0.6171613661539325,0.6171613661539325,10.754375,10.754375
9,neck,54,unknown,0.6179599587478299,0.6179599587478299,12.0212,12.0212
9,neck,55,good+laying back+lumbar slouch,0.6179599587478299,0.6179599587478299,12.0212,12.0212
9,neck,56,unknown,0.6185575072199514,0.6401195096518174,-15.22175,9.7325
9,neck,57,good,0.6401195096518174,0.6401195096518174,9.7325,9.7325
9,neck,58,unknown,0.640616536063051,0.640616536063051,10.457166666666666,10.457166666666666
9,neck,59,good,0.640616536063051,0.640616536063051,10.457166666666666,10.457166666666666
9,neck,60,unknown,0.6411805769152504,0.6550917264118497,-5.870333333333333,9.9722
9,neck,61,good,0.6550917264118497,0.6550917264118497,9.9722,9.9722
9,neck,62,good+laying back,0.6550917264118497,0.6550917264118497,9.9722,9.9722
9,neck,63,unknown,0.6556892748839712,0.6638706615841009,-8.123199999999999,8.9352
9,neck,64,good,0.6638706615841009,0.6638706615841009,8.652571428571429,8.652571428571429
9,neck,65,unknown,0.6646022394707397,0.6784463742600803,-16.4258,9.2725
9,neck,66,good+laying back,0.6784463742600803,0.6784463742600803,9.2725,9.2725
9,neck,67,good+laying back+lumbar slouch,0.6784463742600803,0.6784463742600803,9.2725,9.2725
9,neck,68,unknown,0.6790774300858311,0.6790774300858311,13.4232,13.4232
9,neck,69,good+laying back+lumbar slouch,0.6790774300858311,0.6790774300858311,13.4232,13.4232
9,neck,70,unknown,0.6796749782916598,0.6796749782916598,11.9875,11.9875
9,neck,71,good,0.6796749782916598,0.6796749782916598,11.9875,11.9875
9,neck,72,good+laying back,0.6796749782916598,0.6796749782916598,11.9875,11.9875
9,neck,73,unknown,0.6801775891286852,0.6892580907498931,-22.708875,11.8278
9,neck,74,good+laying back,0.6892580907498931,0.6892580907498931,11.8278,11.8278
9,neck,75,good+laying back+lumbar slouch,0.6892580907498931,0.6892580907498931,11.8278,11.8278
9,neck,76,unknown,0.6898221316020925,0.7027001367630963,-30.08325,12.1992
9,neck,77,good,0.7027001367630963,0.7027001367630963,12.1992,12.1992
9,neck,78,good+laying back,0.7027001367630963,0.7027001367630963,12.1992,12.1992
9,neck,79,good+laying back+lumbar slouch,0.7027001367630963,0.7027001367630963,12.1992,12.1992
9,neck,80,unknown,0.7032641778815885,0.7032641778815885,10.9294,10.9294
9,neck,81,good+laying back,0.7032641778815885,0.7032641778815885,10.9294,10.9294
9,neck,82,good+laying back+lumbar slouch,0.7032641778815885,0.7032641778815885,10.9294,10.9294
9,neck,83,unknown,0.7038282187337879,0.7054254041878756,6.123600000000001,9.3438
9,neck,84,good,0.7054254041878756,0.7060285370857889,9.3438,17.1672
9,neck,85,good+laying back+lumbar slouch,0.7060285370857889,0.7060285370857889,17.1672,17.1672
9,neck,86,laying back+lumbar slouch+shoulder slouch,0.7060285370857889,0.7060285370857889,17.1672,17.1672
9,neck,87,lumbar slouch+shoulder slouch,0.7060285370857889,0.7060285370857889,17.1672,17.1672
9,neck,88,shoulder slouch,0.7060285370857889,0.7065925782042811,17.1672,20.7408
9,neck,89,unknown,0.7071566190564805,0.7071566190564805,14.436,14.436
9,neck,90,good,0.7071566190564805,0.7071566190564805,14.436,14.436
9,neck,91,good+laying back+lumbar slouch,0.7071566190564805,0.7071566190564805,14.436,14.436
9,neck,92,laying back+lumbar slouch+shoulder slouch,0.7071566190564805,0.7071566190564805,14.436,14.436
9,neck,93,lumbar slouch+shoulder slouch,0.7071566190564805,0.7071566190564805,14.436,14.436
9,neck,94,unknown,0.707754167528602,0.8268952616236098,-31.0794,10.649714285714285
9,neck,95,good,0.8268952616236098,0.8268952616236098,10.649714285714285,10.649714285714285
9,neck,96,unknown,0.8276268395102486,0.8276268395102486,10.3128,10.3128
9,neck,97,good,0.8276268395102486,0.8276268395102486,10.3128,10.3128
9,neck,98,unknown,0.828190880362448,0.8865495769220406,-35.5065,9.8218
9,neck,99,good,0.8865495769220406,0.8865495769220406,7.972857142857142,7.972857142857142
9,neck,100,good+laying back,0.8865495769220406,0.8865495769220406,7.972857142857142,7.972857142857142
9,neck,101,unknown,0.8872811548086794,0.9116354396388762,-31.9555,12.701714285714285
9,neck,102,good,0.9116354396388762,0.9116354396388762,12.701714285714285,12.701714285714285
9,neck,103,good+laying back+lumbar slouch,0.9116354396388762,0.9116354396388762,12.701714285714285,12.701714285714285
9,neck,104,unknown,0.9124340324990664,0.990154413138524,-15.918,10.9984
9,neck,105,good,0.990154413138524,0.990154413138524,10.9984,10.9984
9,neck,106,good+laying back+lumbar slouch,0.990154413138524,0.990154413138524,10.9984,10.9984
9,neck,107,unknown,0.9906849469033869,1,-22.3496,9.3064
10,lower_back,0,unknown,0,0.0017325307271032974,-0.3963333333333333,1.1261666666666668
10,lower_back,1,good+neck slouch,0.0017325307271032974,0.0017325307271032974,1.1261666666666668,1.1261666666666668
10,lower_back,2,good+neck slouch+shoulder slouch,0.0017325307271032974,0.0017325307271032974,1.1261666666666668,1.1261666666666668
10,lower_back,3,unknown,0.002364066204563636,0.002364066204563636,-0.6834000000000001,-0.6834000000000001
10,lower_back,4,good+neck slouch,0.002364066204563636,0.002364066204563636,-0.6834000000000001,-0.6834000000000001
10,lower_back,5,good+neck slouch+shoulder slouch,0.002364066204563636,0.002364066204563636,-0.6834000000000001,-0.6834000000000001
10,lower_back,6,unknown,0.002934124708745887,0.01671612754111954,-13.15875,-1.3575
10,lower_back,7,good+neck slouch,0.017347663018579876,0.017347663018579876,3.03525,3.03525
10,lower_back,8,good+neck slouch+shoulder slouch,0.017347663018579876,0.017850655612597313,3.03525,5.1448
10,lower_back,9,neck slouch+shoulder slouch,0.017850655612597313,0.017850655612597313,5.1448,5.1448
10,lower_back,10,shoulder slouch,0.017850655612597313,0.017850655612597313,5.1448,5.1448
10,lower_back,11,good+neck slouch+shoulder slouch,0.018381592624553203,0.018381592624553203,3.9738,3.9738
10,lower_back,12,neck slouch+shoulder slouch,0.018381592624553203,0.018381592624553203,3.9738,3.9738
10,lower_back,13,good+neck slouch+shoulder slouch,0.01891252937001391,0.01891252937001391,4.253500000000001,4.253500000000001
10,lower_back,14,neck slouch+shoulder slouch,0.01891252937001391,0.01891252937001391,4.253500000000001,4.253500000000001
10,lower_back,15,neck slouch,0.019381989408691708,0.019381989408691708,2.8882,2.8882
10,lower_back,16,good+neck slouch,0.019381989408691708,0.019381989408691708,2.8882,2.8882
10,lower_back,17,good+neck slouch+shoulder slouch,0.019381989408691708,0.019381989408691708,2.8882,2.8882
10,lower_back,18,neck slouch+shoulder slouch,0.019381989408691708,0.019381989408691708,2.8882,2.8882
10,lower_back,19,unknown,0.019912926154152417,0.022707330638672307,-4.04425,-0.5680000000000001
10,lower_back,20,neck slouch,0.022707330638672307,0.022707330638672307,-0.5680000000000001,-0.5680000000000001
10,lower_back,21,good+neck slouch,0.022707330638672307,0.022707330638672307,-0.5680000000000001,-0.5680000000000001
10,lower_back,22,unknown,0.02327738914285456,0.03423145493536868,-12.907499999999999,0.10639999999999997
10,lower_back,23,neck slouch,0.03423145493536868,0.03423145493536868,0.10639999999999997,0.10639999999999997
10,lower_back,24,good+neck slouch,0.03423145493536868,0.03423145493536868,0.10639999999999997,0.10639999999999997
10,lower_back,25,neck slouch,0.03479592450266421,0.03479592450266421,1.3515,1.3515
10,lower_back,26,good+neck slouch,0.03479592450266421,0.03479592450266421,1.3515,1.3515
10,lower_back,27,unknown,0.03525979560445528,0.04272085552482435,-13.6245,-1.4414
10,lower_back,28,good+neck slouch,0.04272085552482435,0.04272085552482435,-2.5006000000000004,-2.5006000000000004
10,lower_back,29,good+neck slouch+shoulder slouch,0.04272085552482435,0.04272085552482435,-2.5006000000000004,-2.5006000000000004
10,lower_back,30,unknown,0.04328532535861506,0.04328532535861506,0.27875000000000016,0.27875000000000016
10,lower_back,31,good+neck slouch+shoulder slouch,0.04328532535861506,0.04328532535861506,0.27875000000000016,0.27875000000000016
10,lower_back,32,neck slouch+shoulder slouch,0.04328532535861506,0.04328532535861506,0.27875000000000016,0.27875000000000016
10,lower_back,33,unknown,0.043754785397292856,0.044285722142753566,-10.7248,4.7658000000000005
10,lower_back,34,good+neck slouch+shoulder slouch,0.044285722142753566,0.044285722142753566,4.7658000000000005,4.7658000000000005
10,lower_back,35,shoulder slouch,0.044285722142753566,0.044285722142753566,4.7658000000000005,4.7658000000000005
10,lower_back,36,good+neck slouch+shoulder slouch,0.04488372479837909,0.04488372479837909,6.1106,6.1106
10,lower_back,37,shoulder slouch,0.04488372479837909,0.04488372479837909,6.1106,6.1106
10,lower_back,38,good+neck slouch,0.045414661543839795,0.045414661543839795,3.1464,3.1464
10,lower_back,39,good+neck slouch+shoulder slouch,0.045414661543839795,0.045414661543839795,3.1464,3.1464
10,lower_back,40,unknown,0.045984720048022044,0.045984720048022044,0.77725,0.77725
10,lower_back,41,neck slouch,0.045984720048022044,0.045984720048022044,0.77725,0.77725
10,lower_back,42,good+neck slouch,0.045984720048022044,0.045984720048022044,0.77725,0.77725
10,lower_back,43,unknown,0.04644859114981312,0.04801345776774233,-1.379,-0.212
10,lower_back,44,neck slouch,0.04801345776774233,0.04801345776774233,-0.212,-0.212
10,lower_back,45,good+neck slouch,0.04854439451320304,0.04854439451320304,0.9822,0.9822
10,lower_back,46,neck slouch,0.04911445301738529,0.04911445301738529,0.91875,0.91875
10,lower_back,47,good+neck slouch,0.04911445301738529,0.04911445301738529,0.91875,0.91875
10,lower_back,48,neck slouch,0.04961185720750636,0.04961185720750636,0.6491666666666667,0.6491666666666667
10,lower_back,49,good+neck slouch,0.04961185720750636,0.04961185720750636,0.6491666666666667,0.6491666666666667
10,lower_back,50,unknown,0.0502098595966367,0.0502098595966367,0.17700000000000002,0.17700000000000002
10,lower_back,51,neck slouch,0.0502098595966367,0.0502098595966367,0.17700000000000002,0.17700000000000002
10,lower_back,52,unknown,0.0506793196353145,0.05404378262401664,-0.3876,0.08775
10,lower_back,53,neck slouch,0.05404378262401664,0.05457471936947735,0.08120000000000001,1.1186
10,lower_back,54,good+neck slouch,0.05457471936947735,0.05513918920326806,1.1186,1.57125
10,lower_back,55,neck slouch,0.055636593126893945,0.055636593126893945,1.1986,1.1986
10,lower_back,56,good+neck slouch,0.055636593126893945,0.055636593126893945,1.1986,1.1986
10,lower_back,57,unknown,0.05617311880924138,0.05940345051060426,-5.9342500000000005,-0.7966
10,lower_back,58,neck slouch,0.05940345051060426,0.05940345051060426,-0.7966,-0.7966
10,lower_back,59,good+neck slouch,0.059934387256064967,0.059934387256064967,2.519,2.519
10,lower_back,60,good+neck slouch+shoulder slouch,0.059934387256064967,0.060532389911690486,2.519,4.69
10,lower_back,61,shoulder slouch,0.060532389911690486,0.060532389911690486,4.69,4.69
10,lower_back,62,neck slouch+shoulder slouch,0.06106891559403792,0.06106891559403792,5.3162,5.3162
10,lower_back,63,shoulder slouch,0.06106891559403792,0.06272879174058485,5.3162,8.1584
10,lower_back,64,good+neck slouch+shoulder slouch,0.06323178460109748,0.06432719118034888,4.0158,4.5362
10,lower_back,65,neck slouch+shoulder slouch,0.06432719118034888,0.06432719118034888,4.5362,4.5362
10,lower_back,66,shoulder slouch,0.06489724968453113,0.06602618908561736,6.4876000000000005,7.8322
10,lower_back,67,good+neck slouch+shoulder slouch,0.06662419147474771,0.06662419147474771,4.5824,4.5824
10,lower_back,68,neck slouch+shoulder slouch,0.06662419147474771,0.06722778306725996,4.5824,6.4622
10,lower_back,69,shoulder slouch,0.06722778306725996,0.0693571192524847,5.8062,7.8826
10,lower_back,70,good+neck slouch,0.0698880559979454,0.0698880559979454,3.19,3.19
10,lower_back,71,good+neck slouch+shoulder slouch,0.0698880559979454,0.0698880559979454,3.19,3.19
10,lower_back,72,shoulder slouch,0.0698880559979454,0.0698880559979454,3.19,3.19
10,lower_back,73,neck slouch,0.0703575160366232,0.0703575160366232,1.4822,1.4822
10,lower_back,74,good+neck slouch,0.0703575160366232,0.0703575160366232,1.4822,1.4822
10,lower_back,75,good+neck slouch+shoulder slouch,0.0703575160366232,0.0708884527820839,1.4822,5.1384
10,lower_back,76,neck slouch+shoulder slouch,0.0708884527820839,0.0708884527820839,5.1384,5.1384
10,lower_back,77,shoulder slouch,0.0708884527820839,0.0714529226158746,5.1384,9.337
10,lower_back,78,lumbar slouch,0.0714529226158746,0.07192238238805723,9.337,10.9324
10,lower_back,79,unknown,0.07245331940001312,0.07245331940001312,4.1132,4.1132
10,lower_back,80,good+neck slouch,0.07245331940001312,0.07245331940001312,4.1132,4.1132
10,lower_back,81,good+neck slouch+shoulder slouch,0.07245331940001312,0.07245331940001312,4.1132,4.1132
10,lower_back,82,shoulder slouch,0.07245331940001312,0.07245331940001312,4.1132,4.1132
10,lower_back,83,unknown,0.07245331940001312,0.07401818575144715,-6.1842,4.1132
10,lower_back,84,neck slouch,0.07401818575144715,0.07401818575144715,-1.2864,-1.2864
10,lower_back,85,good+neck slouch,0.07401818575144715,0.07458265558523786,-1.2864,4.07175
10,lower_back,86,good+neck slouch+shoulder slouch,0.07458265558523786,0.07458265558523786,4.07175,4.07175
10,lower_back,87,neck slouch+shoulder slouch,0.07458265558523786,0.07458265558523786,4.07175,4.07175
10,lower_back,88,shoulder slouch,0.07458265558523786,0.07505211562391566,4.07175,5.4756
10,lower_back,89,good+neck slouch+shoulder slouch,0.07561658519121117,0.07561658519121117,3.8376,3.8376
10,lower_back,90,neck slouch+shoulder slouch,0.07561658519121117,0.07561658519121117,3.8376,3.8376
10,lower_back,91,unknown,0.07614752220316706,0.07614752220316706,1.0715,1.0715
10,lower_back,92,neck slouch,0.07614752220316706,0.07614752220316706,1.0715,1.0715
10,lower_back,93,good+neck slouch,0.07614752220316706,0.07614752220316706,1.0715,1.0715
10,lower_back,94,neck slouch,0.07661698197534969,0.07661698197534969,1.2568000000000001,1.2568000000000001
10,lower_back,95,good+neck slouch,0.07661698197534969,0.07661698197534969,1.2568000000000001,1.2568000000000001
10,lower_back,96,good+neck slouch+shoulder slouch,0.07718145180914039,0.07718145180914039,4.2582,4.2582
10,lower_back,97,neck slouch+shoulder slouch,0.07718145180914039,0.07718145180914039,4.2582,4.2582
10,lower_back,98,shoulder slouch,0.07718145180914039,0.07774592137643592,4.2582,9.7668
10,lower_back,99,lumbar slouch,0.07774592137643592,0.07774592137643592,9.7668,9.7668
10,lower_back,100,shoulder slouch,0.07828244705878334,0.07828244705878334,8.8846,8.8846
10,lower_back,101,unknown,0.07828244705878334,0.07828244705878334,8.8846,8.8846
10,lower_back,102,lumbar slouch,0.07828244705878334,0.07828244705878334,8.8846,8.8846
10,lower_back,103,shoulder slouch,0.07884691689257405,0.07931078799436513,5.98475,10.4568
10,lower_back,104,unknown,0.07931078799436513,0.07931078799436513,10.4568,10.4568
10,lower_back,105,lumbar slouch,0.07931078799436513,0.07984731367671256,10.4568,13.523
10,lower_back,106,shoulder slouch,0.08041178324400808,0.08041178324400808,8.710333333333333,8.710333333333333
10,lower_back,107,unknown,0.08041178324400808,0.08041178324400808,8.710333333333333,8.710333333333333
10,lower_back,108,lumbar slouch,0.08041178324400808,0.08041178324400808,8.710333333333333,8.710333333333333
10,lower_back,109,shoulder slouch,0.08107685154330324,0.08221137988127619,6.7588,8.9892
10,lower_back,110,unknown,0.08221137988127619,0.08221137988127619,8.9892,8.9892
10,lower_back,111,lumbar slouch,0.08221137988127619,0.08444131453200539,8.9892,11.3512
10,lower_back,112,shoulder slouch,0.08497225154396126,0.08497225154396126,8.6056,8.6056
10,lower_back,113,lumbar slouch,0.08497225154396126,0.08497225154396126,8.6056,8.6056
10,lower_back,114,shoulder slouch,0.08553672111125679,0.08553672111125679,10.7744,10.7744
10,lower_back,115,lumbar slouch,0.08553672111125679,0.08933711131680191,10.7744,17.4615
10,lower_back,116,good+neck slouch+shoulder slouch,0.08993511370593227,0.08993511370593227,5.9328,5.9328
10,lower_back,117,shoulder slouch,0.08993511370593227,0.08993511370593227,5.9328,5.9328
10,lower_back,118,unknown,0.09046605071788814,0.09046605071788814,-0.08774999999999997,-0.08774999999999997
10,lower_back,119,neck slouch,0.09046605071788814,0.09046605071788814,-0.08774999999999997,-0.08774999999999997
10,lower_back,120,good+neck slouch,0.09046605071788814,0.09046605071788814,-0.08774999999999997,-0.08774999999999997
10,lower_back,121,unknown,0.09092992181967922,0.09902251721750864,-9.0958,-3.2681666666666667
10,lower_back,122,neck slouch,0.09902251721750864,0.09902251721750864,-3.2681666666666667,-3.2681666666666667
10,lower_back,123,good+neck slouch+shoulder slouch,0.09902251721750864,0.09902251721750864,-3.2681666666666667,-3.2681666666666667
10,lower_back,124,shoulder slouch,0.09962051987313417,0.09962051987313417,10.131,10.131
10,lower_back,125,lumbar slouch,0.09962051987313417,0.10008997964531678,10.131,15.3842
10,lower_back,126,shoulder slouch,0.10062091665727267,0.10062091665727267,8.89,8.89
10,lower_back,127,unknown,0.10062091665727267,0.10062091665727267,8.89,8.89
10,lower_back,128,lumbar slouch,0.10062091665727267,0.10062091665727267,8.89,8.89
10,lower_back,129,good+neck slouch+shoulder slouch,0.10118538622456819,0.10118538622456819,3.90825,3.90825
10,lower_back,130,neck slouch+shoulder slouch,0.10165484626324599,0.10165484626324599,7.2652,7.2652
10,lower_back,131,shoulder slouch,0.10165484626324599,0.10165484626324599,7.2652,7.2652
10,lower_back,132,good+neck slouch+shoulder slouch,0.1021857830087067,0.1021857830087067,4.978,4.978
10,lower_back,133,neck slouch+shoulder slouch,0.1021857830087067,0.1021857830087067,4.978,4.978
10,lower_back,134,shoulder slouch,0.1021857830087067,0.1021857830087067,4.978,4.978
10,lower_back,135,unknown,0.1027502528424974,0.1027502528424974,1.144,1.144
10,lower_back,136,neck slouch,0.1027502528424974,0.1027502528424974,1.144,1.144
10,lower_back,137,good+neck slouch,0.1027502528424974,0.1027502528424974,1.144,1.144
10,lower_back,138,good+neck slouch+shoulder slouch,0.1027502528424974,0.1027502528424974,1.144,1.144
10,lower_back,139,unknown,0.10321971261468002,0.10531551597806994,-1.8128,0.2668
10,lower_back,140,neck slouch,0.10531551597806994,0.10531551597806994,0.2668,0.2668
10,lower_back,141,unknown,0.10587998581186064,0.10587998581186064,0.2318,0.2318
10,lower_back,142,neck slouch,0.10587998581186064,0.10587998581186064,0.2318,0.2318
10,lower_back,143,unknown,0.10641651149420808,0.10691391541783397,0.143,0.3406
10,lower_back,144,neck slouch,0.10691391541783397,0.10867997896677209,0.3406,0.6896
10,lower_back,145,good+neck slouch,0.10867997896677209,0.10924444880056279,0.6896,0.92275
10,lower_back,146,unknown,0.10971390883924059,0.10971390883924059,0.20859999999999998,0.20859999999999998
10,lower_back,147,neck slouch,0.10971390883924059,0.10971390883924059,0.20859999999999998,0.20859999999999998
10,lower_back,148,good+neck slouch,0.10971390883924059,0.10971390883924059,0.20859999999999998,0.20859999999999998
10,lower_back,149,unknown,0.1102448455847013,0.11393904838785525,-5.5392,1.1518333333333333
10,lower_back,150,good+neck slouch,0.11393904838785525,0.11393904838785525,1.1518333333333333,1.1518333333333333
10,lower_back,151,good+neck slouch+shoulder slouch,0.11457058386531559,0.11457058386531559,3.146,3.146
10,lower_back,152,unknown,0.11507357645933303,0.11507357645933303,1.1734,1.1734
10,lower_back,153,neck slouch,0.11507357645933303,0.11507357645933303,1.1734,1.1734
10,lower_back,154,good+neck slouch,0.11507357645933303,0.11507357645933303,1.1734,1.1734
10,lower_back,155,good+neck slouch+shoulder slouch,0.11507357645933303,0.11507357645933303,1.1734,1.1734
10,lower_back,156,unknown,0.11563804629312373,0.12086358262587689,-13.1,-0.609
10,lower_back,157,neck slouch,0.12086358262587689,0.12086358262587689,-1.9238,-1.9238
10,lower_back,158,unknown,0.12140010830822433,0.12189751223185022,-0.261,0.9228000000000001
10,lower_back,159,neck slouch,0.12189751223185022,0.12189751223185022,0.9228000000000001,0.9228000000000001
10,lower_back,160,good+neck slouch,0.12189751223185022,0.12399331559524013,0.802,1.649
10,lower_back,161,neck slouch,0.12446277563391793,0.12446277563391793,0.7701666666666667,0.7701666666666667
10,lower_back,162,good+neck slouch,0.12446277563391793,0.12446277563391793,0.7701666666666667,0.7701666666666667
10,lower_back,163,neck slouch,0.12506077828954346,0.12506077828954346,0.77875,0.77875
10,lower_back,164,good+neck slouch,0.12506077828954346,0.12506077828954346,0.77875,0.77875
10,lower_back,165,neck slouch,0.12555818221316933,0.12759250860328117,0.279,0.7484
10,lower_back,166,unknown,0.12812344561523706,0.1441074392133918,-14.471400000000001,1.1315
10,lower_back,167,good+neck slouch,0.1441074392133918,0.14557170709932138,1.1315,2.41275
10,lower_back,168,unknown,0.14616970975494692,0.14616970975494692,1.392,1.392
10,lower_back,169,good+neck slouch,0.14616970975494692,0.14616970975494692,1.392,1.392
10,lower_back,170,unknown,0.14673417932224245,0.1713752381520173,-9.0724,21.5474
10,lower_back,171,good+neck slouch,0.1713752381520173,0.1713752381520173,0.5205,0.5205
10,lower_back,172,good+neck slouch+shoulder slouch,0.17183910925380838,0.17183910925380838,4.1705,4.1705
10,lower_back,173,shoulder slouch,0.17183910925380838,0.17230856929248617,4.1705,7.1848
10,lower_back,174,good+neck slouch+shoulder slouch,0.17283950603794687,0.17283950603794687,5.0714,5.0714
10,lower_back,175,neck slouch+shoulder slouch,0.17283950603794687,0.17283950603794687,5.0714,5.0714
10,lower_back,176,shoulder slouch,0.17283950603794687,0.17283950603794687,5.0714,5.0714
10,lower_back,177,unknown,0.1734039758717376,0.1734039758717376,-0.8267500000000001,-0.8267500000000001
10,lower_back,178,good+neck slouch,0.1734039758717376,0.1734039758717376,-0.8267500000000001,-0.8267500000000001
10,lower_back,179,unknown,0.17387343564392022,0.23936309931368532,-6.471,2.2732
10,lower_back,180,good+neck slouch+shoulder slouch,0.23936309931368532,0.23936309931368532,2.2732,2.2732
10,lower_back,181,neck slouch+shoulder slouch,0.23936309931368532,0.23936309931368532,2.2732,2.2732
10,lower_back,182,shoulder slouch,0.23936309931368532,0.24143095852563196,2.2732,7.9651250000000005
10,lower_back,183,unknown,0.2420289611812575,0.2420289611812575,9.68575,9.68575
10,lower_back,184,lumbar slouch,0.2420289611812575,0.24249283228304858,9.68575,10.3128
10,lower_back,185,unknown,0.243029357965396,0.243029357965396,10.0348,10.0348
10,lower_back,186,lumbar slouch,0.243029357965396,0.243029357965396,10.0348,10.0348
10,lower_back,187,shoulder slouch,0.24359382753269151,0.2441247645446474,6.8576,10.0262
10,lower_back,188,unknown,0.2441247645446474,0.2441247645446474,10.0262,10.0262
10,lower_back,189,lumbar slouch,0.2441247645446474,0.24941736652107022,10.0262,14.7746
10,lower_back,190,good+neck slouch+shoulder slouch,0.24998742502525245,0.24998742502525245,6.5358,6.5358
10,lower_back,191,neck slouch+shoulder slouch,0.24998742502525245,0.24998742502525245,6.5358,6.5358
10,lower_back,192,shoulder slouch,0.24998742502525245,0.24998742502525245,6.5358,6.5358
10,lower_back,193,lumbar slouch,0.24998742502525245,0.24998742502525245,6.5358,6.5358
10,lower_back,194,neck slouch,0.25051836203720834,0.25051836203720834,4.245,4.245
10,lower_back,195,good+neck slouch+shoulder slouch,0.25051836203720834,0.25051836203720834,4.245,4.245
10,lower_back,196,shoulder slouch,0.25051836203720834,0.25051836203720834,4.245,4.245
10,lower_back,197,unknown,0.25108283160450384,0.2521167612104772,-15.512,1.3636
10,lower_back,198,good+neck slouch,0.2521167612104772,0.2521167612104772,1.3636,1.3636
10,lower_back,199,good+neck slouch+shoulder slouch,0.2521167612104772,0.2521167612104772,1.3636,1.3636
10,lower_back,200,unknown,0.2526476982224331,0.25378222629391084,-12.81,-5.5502
10,lower_back,201,neck slouch,0.2543802289495364,0.2543802289495364,3.5706666666666664,3.5706666666666664
10,lower_back,202,good+neck slouch,0.2543802289495364,0.2543802289495364,3.5706666666666664,3.5706666666666664
10,lower_back,203,good+neck slouch+shoulder slouch,0.2543802289495364,0.2543802289495364,3.5706666666666664,3.5706666666666664
10,lower_back,204,neck slouch+shoulder slouch,0.2543802289495364,0.2543802289495364,3.5706666666666664,3.5706666666666664
10,lower_back,205,unknown,0.2549446985168319,0.2549446985168319,1.2286666666666668,1.2286666666666668
10,lower_back,206,good+neck slouch,0.2549446985168319,0.2549446985168319,1.2286666666666668,1.2286666666666668
10,lower_back,207,good+neck slouch+shoulder slouch,0.2549446985168319,0.2549446985168319,1.2286666666666668,1.2286666666666668
10,lower_back,208,unknown,0.2556153557530138,0.2628360969836524,-13.5474,-0.27175000000000005
10,lower_back,209,good+neck slouch,0.2628360969836524,0.2628360969836524,-0.27175000000000005,-0.27175000000000005
10,lower_back,210,good+neck slouch+shoulder slouch,0.2628360969836524,0.26330555675583506,-0.27175000000000005,6.4918
10,lower_back,211,shoulder slouch,0.26330555675583506,0.26330555675583506,6.4918,6.4918
10,lower_back,212,unknown,0.2638700265896257,0.2638700265896257,1.4818,1.4818
10,lower_back,213,good+neck slouch,0.2638700265896257,0.2638700265896257,1.4818,1.4818
10,lower_back,214,good+neck slouch+shoulder slouch,0.2638700265896257,0.2638700265896257,1.4818,1.4818
10,lower_back,215,unknown,0.26440096333508645,0.27189555634378554,-6.7798,-0.978
10,lower_back,216,neck slouch,0.27189555634378554,0.27189555634378554,-1.2664,-1.2664
10,lower_back,217,unknown,0.2724264930892462,0.2724264930892462,-0.5822499999999999,-0.5822499999999999
10,lower_back,218,neck slouch,0.2724264930892462,0.2724264930892462,-0.5822499999999999,-0.5822499999999999
10,lower_back,219,good+neck slouch,0.2724264930892462,0.2724264930892462,-0.5822499999999999,-0.5822499999999999
10,lower_back,220,unknown,0.2728903641910373,0.3197078169140238,-29.7312,0.4636
10,lower_back,221,neck slouch,0.3197078169140238,0.3197078169140238,0.4636,0.4636
10,lower_back,222,good+neck slouch,0.3197078169140238,0.3197078169140238,0.4636,0.4636
10,lower_back,223,good+neck slouch+shoulder slouch,0.3197078169140238,0.3197078169140238,0.4636,0.4636
10,lower_back,224,shoulder slouch,0.3202722867478145,0.3202722867478145,7.926500000000001,7.926500000000001
10,lower_back,225,good+neck slouch+shoulder slouch,0.3207361578496056,0.3207361578496056,5.1788,5.1788
10,lower_back,226,neck slouch+shoulder slouch,0.3207361578496056,0.3207361578496056,5.1788,5.1788
10,lower_back,227,shoulder slouch,0.3207361578496056,0.3207361578496056,5.1788,5.1788
10,lower_back,228,good+neck slouch,0.321272683531953,0.321272683531953,2.294,2.294
10,lower_back,229,good+neck slouch+shoulder slouch,0.321272683531953,0.321272683531953,2.294,2.294
10,lower_back,230,good+neck slouch,0.3218706859210833,0.3218706859210833,6.873428571428572,6.873428571428572
10,lower_back,231,good+neck slouch+shoulder slouch,0.3218706859210833,0.3218706859210833,6.873428571428572,6.873428571428572
10,lower_back,232,shoulder slouch,0.3218706859210833,0.3218706859210833,6.873428571428572,6.873428571428572
10,lower_back,233,lumbar slouch,0.3218706859210833,0.3226698857742129,6.873428571428572,12.4924
10,lower_back,234,shoulder slouch,0.32320082251967364,0.32320082251967364,10.456166666666666,10.456166666666666
10,lower_back,235,unknown,0.32320082251967364,0.32320082251967364,10.456166666666666,10.456166666666666
10,lower_back,236,lumbar slouch,0.32320082251967364,0.32320082251967364,10.456166666666666,10.456166666666666
10,lower_back,237,shoulder slouch,0.3238714797558555,0.3238714797558555,6.9883999999999995,6.9883999999999995
10,lower_back,238,lumbar slouch,0.32443594932315106,0.32496688606861174,10.4074,10.8338
10,lower_back,239,shoulder slouch,0.32553135590240245,0.32553135590240245,8.8,8.8
10,lower_back,240,unknown,0.32553135590240245,0.32553135590240245,8.8,8.8
10,lower_back,241,good+neck slouch+shoulder slouch,0.3261014144065847,0.3261014144065847,4.6198,4.6198
10,lower_back,242,shoulder slouch,0.3261014144065847,0.3261014144065847,4.6198,4.6198
10,lower_back,243,good+neck slouch+shoulder slouch,0.3266658842403754,0.3266658842403754,4.6064,4.6064
10,lower_back,244,shoulder slouch,0.3266658842403754,0.3266658842403754,4.6064,4.6064
10,lower_back,245,unknown,0.32723035380767096,0.32723035380767096,10.0888,10.0888
10,lower_back,246,lumbar slouch,0.32723035380767096,0.32776687949001837,10.0888,10.6258
10,lower_back,247,good+neck slouch+shoulder slouch,0.3283313493238091,0.3283313493238091,7.622199999999999,7.622199999999999
10,lower_back,248,shoulder slouch,0.3283313493238091,0.3283313493238091,7.622199999999999,7.622199999999999
10,lower_back,249,unknown,0.3283313493238091,0.3283313493238091,7.622199999999999,7.622199999999999
10,lower_back,250,lumbar slouch,0.3283313493238091,0.3283313493238091,7.622199999999999,7.622199999999999
10,lower_back,251,unknown,0.3288958188911046,0.3288958188911046,2.5816,2.5816
10,lower_back,252,good+neck slouch,0.3288958188911046,0.3288958188911046,2.5816,2.5816
10,lower_back,253,good+neck slouch+shoulder slouch,0.3288958188911046,0.3288958188911046,2.5816,2.5816
10,lower_back,254,shoulder slouch,0.3288958188911046,0.3294602887248953,2.5816,9.3878
10,lower_back,255,unknown,0.3294602887248953,0.3294602887248953,9.3878,9.3878
10,lower_back,256,lumbar slouch,0.3294602887248953,0.33056128397453827,9.3878,13.1135
10,lower_back,257,shoulder slouch,0.33102515507632935,0.33102515507632935,10.5786,10.5786
10,lower_back,258,lumbar slouch,0.33102515507632935,0.33102515507632935,10.5786,10.5786
10,lower_back,259,good+neck slouch+shoulder slouch,0.33156168075867676,0.33156168075867676,5.101,5.101
10,lower_back,260,neck slouch+shoulder slouch,0.33156168075867676,0.33156168075867676,5.101,5.101
10,lower_back,261,shoulder slouch,0.33156168075867676,0.33156168075867676,5.101,5.101
10,lower_back,262,good+neck slouch,0.3321261505924675,0.3326570873379282,1.7096,2.2688
10,lower_back,263,good+neck slouch+shoulder slouch,0.3326570873379282,0.33322714584211044,2.2688,3.42625
10,lower_back,264,unknown,0.33372454976573634,0.33372454976573634,-0.02519999999999999,-0.02519999999999999
10,lower_back,265,neck slouch,0.33372454976573634,0.33372454976573634,-0.02519999999999999,-0.02519999999999999
10,lower_back,266,good+neck slouch,0.33372454976573634,0.33372454976573634,-0.02519999999999999,-0.02519999999999999
10,lower_back,267,unknown,0.33425548677769223,0.33425548677769223,-1.0974,-1.0974
10,lower_back,268,neck slouch,0.33425548677769223,0.33425548677769223,-1.0974,-1.0974
10,lower_back,269,good+neck slouch,0.33479201246003965,0.33479201246003965,5.02075,5.02075
10,lower_back,270,good+neck slouch+shoulder slouch,0.33479201246003965,0.33479201246003965,5.02075,5.02075
10,lower_back,271,shoulder slouch,0.33479201246003965,0.33479201246003965,5.02075,5.02075
10,lower_back,272,unknown,0.3352558835618307,0.3352558835618307,10.7182,10.7182
10,lower_back,273,lumbar slouch,0.3352558835618307,0.338385616531194,10.7182,18.0245
10,lower_back,274,shoulder slouch,0.33884948763298506,0.33884948763298506,9.203199999999999,9.203199999999999
10,lower_back,275,lumbar slouch,0.33884948763298506,0.33884948763298506,9.203199999999999,9.203199999999999
10,lower_back,276,unknown,0.33938601331533247,0.33938601331533247,-6.376399999999999,-6.376399999999999
10,lower_back,277,good+neck slouch,0.33938601331533247,0.33938601331533247,-6.376399999999999,-6.376399999999999
10,lower_back,278,unknown,0.3399504831491232,0.34354408722027746,-21.03475,-0.8868
10,lower_back,279,good+neck slouch,0.34354408722027746,0.34354408722027746,-0.8868,-0.8868
10,lower_back,280,neck slouch+shoulder slouch,0.34354408722027746,0.34354408722027746,-0.8868,-0.8868
10,lower_back,281,shoulder slouch,0.3440806129026249,0.3440806129026249,9.9964,9.9964
10,lower_back,282,unknown,0.3440806129026249,0.3440806129026249,9.9964,9.9964
10,lower_back,283,lumbar slouch,0.3440806129026249,0.3446450824699204,9.9964,11.11825
10,lower_back,284,shoulder slouch,0.3451089538382067,0.3451089538382067,8.0024,8.0024
10,lower_back,285,lumbar slouch,0.3451089538382067,0.3451089538382067,8.0024,8.0024
10,lower_back,286,good+neck slouch+shoulder slouch,0.345645479254059,0.345645479254059,5.1506,5.1506
10,lower_back,287,neck slouch+shoulder slouch,0.345645479254059,0.345645479254059,5.1506,5.1506
10,lower_back,288,shoulder slouch,0.345645479254059,0.345645479254059,5.1506,5.1506
10,lower_back,289,good+neck slouch+shoulder slouch,0.34624348190968446,0.3497085436303862,2.788,3.8486
10,lower_back,290,unknown,0.35023948037584696,0.35023948037584696,1.527,1.527
10,lower_back,291,neck slouch,0.35023948037584696,0.35023948037584696,1.527,1.527
10,lower_back,292,good+neck slouch,0.35023948037584696,0.35023948037584696,1.527,1.527
10,lower_back,293,good+neck slouch+shoulder slouch,0.35023948037584696,0.35023948037584696,1.527,1.527
10,lower_back,294,unknown,0.35080394994314246,0.3581644113980071,-19.5915,-6.236
10,lower_back,295,good+neck slouch,0.3587288812317978,0.3587288812317978,7.1268,7.1268
10,lower_back,296,good+neck slouch+shoulder slouch,0.3587288812317978,0.3587288812317978,7.1268,7.1268
10,lower_back,297,shoulder slouch,0.3587288812317978,0.3587288812317978,7.1268,7.1268
10,lower_back,298,lumbar slouch,0.3587288812317978,0.3598634093032756,7.1268,16.3652
10,lower_back,299,good+neck slouch,0.3603943463152315,0.3603943463152315,9.7536,9.7536
10,lower_back,300,shoulder slouch,0.3603943463152315,0.3603943463152315,9.7536,9.7536
10,lower_back,301,lumbar slouch,0.3603943463152315,0.3603943463152315,9.7536,9.7536
10,lower_back,302,unknown,0.360958815882527,0.360958815882527,0.41900000000000015,0.41900000000000015
10,lower_back,303,good+neck slouch,0.360958815882527,0.360958815882527,0.41900000000000015,0.41900000000000015
10,lower_back,304,good+neck slouch+shoulder slouch,0.360958815882527,0.360958815882527,0.41900000000000015,0.41900000000000015
10,lower_back,305,shoulder slouch,0.3614282759212048,0.3614282759212048,7.5322000000000005,7.5322000000000005
10,lower_back,306,lumbar slouch,0.36195921266666553,0.36408854885189024,9.623999999999999,17.23875
10,lower_back,307,good+neck slouch+shoulder slouch,0.36455800889056805,0.36455800889056805,7.7168,7.7168
10,lower_back,308,shoulder slouch,0.36455800889056805,0.36455800889056805,7.7168,7.7168
10,lower_back,309,unknown,0.36455800889056805,0.36455800889056805,7.7168,7.7168
10,lower_back,310,lumbar slouch,0.36455800889056805,0.36455800889056805,7.7168,7.7168
10,lower_back,311,unknown,0.36508894590252394,0.36508894590252394,-2.8028,-2.8028
10,lower_back,312,good+neck slouch,0.36508894590252394,0.36508894590252394,-2.8028,-2.8028
10,lower_back,313,unknown,0.36565341546981944,0.37181228294304147,-22.95475,-5.622
10,lower_back,314,good+neck slouch,0.37181228294304147,0.37181228294304147,-5.622,-5.622
10,lower_back,315,good+neck slouch+shoulder slouch,0.37234880862538894,0.37234880862538894,6.316,6.316
10,lower_back,316,neck slouch+shoulder slouch,0.37234880862538894,0.37234880862538894,6.316,6.316
10,lower_back,317,shoulder slouch,0.37234880862538894,0.37394720806515297,6.316,8.961166666666667
10,lower_back,318,unknown,0.37394720806515297,0.37394720806515297,8.961166666666667,8.961166666666667
10,lower_back,319,lumbar slouch,0.37394720806515297,0.3745452104542833,8.961166666666667,11.2775
10,lower_back,320,shoulder slouch,0.37504261464440436,0.37504261464440436,8.56525,8.56525
10,lower_back,321,lumbar slouch,0.37504261464440436,0.37504261464440436,8.56525,8.56525
10,lower_back,322,shoulder slouch,0.37551207441658696,0.37551207441658696,7.397714285714286,7.397714285714286
10,lower_back,323,unknown,0.37551207441658696,0.37551207441658696,7.397714285714286,7.397714285714286
10,lower_back,324,lumbar slouch,0.3763112742697166,0.3763112742697166,10.7084,10.7084
10,lower_back,325,shoulder slouch,0.3768422110151773,0.3768422110151773,10.158249999999999,10.158249999999999
10,lower_back,326,lumbar slouch,0.3768422110151773,0.3768422110151773,10.158249999999999,10.158249999999999
10,lower_back,327,shoulder slouch,0.37730608211696837,0.37730608211696837,7.7364,7.7364
10,lower_back,328,lumbar slouch,0.37730608211696837,0.37730608211696837,7.7364,7.7364
10,lower_back,329,unknown,0.3778426077993158,0.3778426077993158,-2.6115999999999997,-2.6115999999999997
10,lower_back,330,good+neck slouch,0.3778426077993158,0.3778426077993158,-2.6115999999999997,-2.6115999999999997
10,lower_back,331,good+neck slouch+shoulder slouch,0.3778426077993158,0.3778426077993158,-2.6115999999999997,-2.6115999999999997
10,lower_back,332,unknown,0.3784070776331065,0.3788709487348976,-9.878,2.047
10,lower_back,333,good+neck slouch,0.3788709487348976,0.3788709487348976,2.047,2.047
10,lower_back,334,good+neck slouch+shoulder slouch,0.3788709487348976,0.3788709487348976,2.047,2.047
10,lower_back,335,unknown,0.37940747441724504,0.37940747441724504,-4.1054,-4.1054
10,lower_back,336,neck slouch,0.37940747441724504,0.37940747441724504,-4.1054,-4.1054
10,lower_back,337,unknown,0.37997194398454054,0.3804358150863316,-16.088,-6.8796
10,lower_back,338,neck slouch,0.3804358150863316,0.3804358150863316,-6.8796,-6.8796
10,lower_back,339,good+neck slouch+shoulder slouch,0.38097234076867903,0.38097234076867903,6.9357999999999995,6.9357999999999995
10,lower_back,340,shoulder slouch,0.38097234076867903,0.38097234076867903,6.9357999999999995,6.9357999999999995
10,lower_back,341,good+neck slouch+shoulder slouch,0.38153681060246974,0.38153681060246974,3.7327500000000002,3.7327500000000002
10,lower_back,342,neck slouch+shoulder slouch,0.38153681060246974,0.38153681060246974,3.7327500000000002,3.7327500000000002
10,lower_back,343,good+neck slouch,0.3820006817042608,0.3820006817042608,3.4892,3.4892
10,lower_back,344,good+neck slouch+shoulder slouch,0.3820006817042608,0.3820006817042608,3.4892,3.4892
10,lower_back,345,good+neck slouch,0.38257074020844306,0.38257074020844306,3.7826,3.7826
10,lower_back,346,good+neck slouch+shoulder slouch,0.38257074020844306,0.38257074020844306,3.7826,3.7826
10,lower_back,347,neck slouch+shoulder slouch,0.38257074020844306,0.38257074020844306,3.7826,3.7826
10,lower_back,348,unknown,0.38310167722039895,0.38310167722039895,-1.25125,-1.25125
10,lower_back,349,neck slouch,0.38310167722039895,0.38310167722039895,-1.25125,-1.25125
10,lower_back,350,unknown,0.38356554832219003,0.3851639474954589,-4.095166666666667,-3.4508
10,lower_back,351,good+neck slouch,0.3851639474954589,0.3851639474954589,-4.095166666666667,-4.095166666666667
10,lower_back,352,good+neck slouch+shoulder slouch,0.3857675390879711,0.3857675390879711,5.3915,5.3915
10,lower_back,353,shoulder slouch,0.3857675390879711,0.3857675390879711,5.3915,5.3915
10,lower_back,354,neck slouch+shoulder slouch,0.38626494301159703,0.38626494301159703,5.5196,5.5196
10,lower_back,355,shoulder slouch,0.38626494301159703,0.38626494301159703,5.5196,5.5196
10,lower_back,356,good+neck slouch,0.3867958797570577,0.3867958797570577,3.7168,3.7168
10,lower_back,357,good+neck slouch+shoulder slouch,0.3867958797570577,0.3867958797570577,3.7168,3.7168
10,lower_back,358,shoulder slouch,0.3867958797570577,0.3867958797570577,3.7168,3.7168
10,lower_back,359,good+neck slouch,0.38733240543940517,0.38779627654119625,1.02875,2.16975
10,lower_back,360,good+neck slouch+shoulder slouch,0.38779627654119625,0.38779627654119625,2.16975,2.16975
10,lower_back,361,good+neck slouch,0.38826014764298733,0.38879667332533474,2.35,2.7685999999999997
10,lower_back,362,good+neck slouch+shoulder slouch,0.38879667332533474,0.39315594442778384,2.7685999999999997,3.9046
10,lower_back,363,good+neck slouch,0.3936868811732446,0.3936868811732446,2.8992,2.8992
10,lower_back,364,good+neck slouch+shoulder slouch,0.3936868811732446,0.3936868811732446,2.8992,2.8992
10,lower_back,365,good+neck slouch,0.3942904727657568,0.3942904727657568,2.3698,2.3698
10,lower_back,366,good+neck slouch+shoulder slouch,0.3942904727657568,0.3942904727657568,2.3698,2.3698
10,lower_back,367,good+neck slouch,0.3948214095112175,0.4230560724121467,0.8304,2.54075
10,lower_back,368,good+neck slouch+shoulder slouch,0.4230560724121467,0.42355347633577256,2.54075,3.12825
10,lower_back,369,unknown,0.4240229363744504,0.4240229363744504,0.9184,0.9184
10,lower_back,370,good+neck slouch,0.4240229363744504,0.4240229363744504,0.9184,0.9184
10,lower_back,371,unknown,0.4245538731199111,0.44493067064234976,-4.040166666666667,-1.0592
10,lower_back,372,neck slouch,0.44493067064234976,0.44493067064234976,-1.0592,-1.0592
10,lower_back,373,good+neck slouch,0.44546160765430565,0.44546160765430565,1.88,1.88
10,lower_back,374,good+neck slouch+shoulder slouch,0.44546160765430565,0.44593106742648825,1.88,6.861
10,lower_back,375,shoulder slouch,0.44593106742648825,0.44593106742648825,6.861,6.861
10,lower_back,376,lumbar slouch,0.44646200443844414,0.44646200443844414,9.855599999999999,9.855599999999999
10,lower_back,377,unknown,0.4470264740057397,0.4470264740057397,9.42225,9.42225
10,lower_back,378,lumbar slouch,0.4470264740057397,0.4470264740057397,9.42225,9.42225
10,lower_back,379,shoulder slouch,0.44749593404441745,0.44749593404441745,7.357600000000001,7.357600000000001
10,lower_back,380,good+neck slouch+shoulder slouch,0.448060403611713,0.448060403611713,4.2748,4.2748
10,lower_back,381,neck slouch+shoulder slouch,0.448060403611713,0.448060403611713,4.2748,4.2748
10,lower_back,382,shoulder slouch,0.448060403611713,0.448060403611713,4.2748,4.2748
10,lower_back,383,good+neck slouch,0.4485913406236689,0.4777593346650669,1.671,2.6464
10,lower_back,384,good+neck slouch+shoulder slouch,0.4777593346650669,0.4783293931692492,2.6464,3.93
10,lower_back,385,neck slouch+shoulder slouch,0.4788938627365447,0.4788938627365447,5.44525,5.44525
10,lower_back,386,shoulder slouch,0.4788938627365447,0.4798942595206832,5.44525,6.56025
10,lower_back,387,neck slouch+shoulder slouch,0.4803581308889695,0.4803581308889695,5.5744,5.5744
10,lower_back,388,shoulder slouch,0.4803581308889695,0.4803581308889695,5.5744,5.5744
10,lower_back,389,neck slouch+shoulder slouch,0.4808890676344302,0.4824874670741942,5.056,5.1775
10,lower_back,390,good+neck slouch+shoulder slouch,0.4830239927565417,0.4830239927565417,4.614166666666667,4.614166666666667
10,lower_back,391,neck slouch+shoulder slouch,0.4830239927565417,0.4830239927565417,4.614166666666667,4.614166666666667
10,lower_back,392,neck slouch,0.48368906078934165,0.48368906078934165,1.66325,1.66325
10,lower_back,393,good+neck slouch,0.48368906078934165,0.48368906078934165,1.66325,1.66325
10,lower_back,394,unknown,0.4841529321576279,0.4919772647142836,-3.856,0.4516
10,lower_back,395,good+neck slouch,0.4919772647142836,0.4919772647142836,0.4516,0.4516
10,lower_back,396,good+neck slouch+shoulder slouch,0.4919772647142836,0.4919772647142836,0.4516,0.4516
10,lower_back,397,neck slouch+shoulder slouch,0.4925082014597443,0.4925082014597443,7.9608,7.9608
10,lower_back,398,shoulder slouch,0.4925082014597443,0.4925082014597443,7.9608,7.9608
10,lower_back,399,lumbar slouch,0.4925082014597443,0.4940730680776735,7.9608,14.3218
10,lower_back,400,unknown,0.4946431265818558,0.4946431265818558,9.71325,9.71325
10,lower_back,401,lumbar slouch,0.4946431265818558,0.4946431265818558,9.71325,9.71325
10,lower_back,402,shoulder slouch,0.4951069976836468,0.49620799293328977,7.05875,8.2102
10,lower_back,403,good+neck slouch,0.49667186403508085,0.49667186403508085,3.3356,3.3356
10,lower_back,404,good+neck slouch+shoulder slouch,0.49667186403508085,0.49667186403508085,3.3356,3.3356
10,lower_back,405,neck slouch+shoulder slouch,0.49667186403508085,0.49667186403508085,3.3356,3.3356
10,lower_back,406,unknown,0.49720280104703674,0.49720280104703674,0.1252,0.1252
10,lower_back,407,good+neck slouch,0.49720280104703674,0.49720280104703674,0.1252,0.1252
10,lower_back,408,unknown,0.49777285955121897,0.49777285955121897,-0.52575,-0.52575
10,lower_back,409,neck slouch,0.49777285955121897,0.49777285955121897,-0.52575,-0.52575
10,lower_back,410,good+neck slouch,0.4982702634748449,0.4982702634748449,2.4816,2.4816
10,lower_back,411,good+neck slouch+shoulder slouch,0.4982702634748449,0.49880120048680077,2.4816,5.1084000000000005
10,lower_back,412,shoulder slouch,0.49880120048680077,0.49880120048680077,5.1084000000000005,5.1084000000000005
10,lower_back,413,neck slouch,0.499337725902653,0.499337725902653,1.7656,1.7656
10,lower_back,414,good+neck slouch,0.499337725902653,0.499337725902653,1.7656,1.7656
10,lower_back,415,good+neck slouch+shoulder slouch,0.499337725902653,0.499337725902653,1.7656,1.7656
10,lower_back,416,shoulder slouch,0.49990219573644373,0.5010031909860867,6.7282,7.2982
10,lower_back,417,good+neck slouch,0.5016011936417122,0.5016011936417122,4.6902,4.6902
10,lower_back,418,good+neck slouch+shoulder slouch,0.5016011936417122,0.5016011936417122,4.6902,4.6902
10,lower_back,419,neck slouch+shoulder slouch,0.5016011936417122,0.5016011936417122,4.6902,4.6902
10,lower_back,420,shoulder slouch,0.5016011936417122,0.5016011936417122,4.6902,4.6902
10,lower_back,421,unknown,0.502132130387173,0.502132130387173,0.15160000000000004,0.15160000000000004
10,lower_back,422,good+neck slouch,0.502132130387173,0.502132130387173,0.15160000000000004,0.15160000000000004
10,lower_back,423,unknown,0.5026966002209636,0.5069608615282998,-1.8525,2.1953333333333336
10,lower_back,424,good+neck slouch,0.5069608615282998,0.5069608615282998,2.1953333333333336,2.1953333333333336
10,lower_back,425,good+neck slouch+shoulder slouch,0.5069608615282998,0.5069608615282998,2.1953333333333336,2.1953333333333336
10,lower_back,426,neck slouch+shoulder slouch,0.5069608615282998,0.5069608615282998,2.1953333333333336,2.1953333333333336
10,lower_back,427,good+neck slouch+shoulder slouch,0.507625929827595,0.507625929827595,4.8472,4.8472
10,lower_back,428,neck slouch+shoulder slouch,0.507625929827595,0.507625929827595,4.8472,4.8472
10,lower_back,429,shoulder slouch,0.507625929827595,0.507625929827595,4.8472,4.8472
10,lower_back,430,unknown,0.5081624555099424,0.5081624555099424,-1.8334000000000001,-1.8334000000000001
10,lower_back,431,good+neck slouch,0.5081624555099424,0.5081624555099424,-1.8334000000000001,-1.8334000000000001
10,lower_back,432,unknown,0.5087269250772379,0.5149863910159644,-12.2572,5.0604000000000005
10,lower_back,433,good+neck slouch,0.5149863910159644,0.5149863910159644,5.0604000000000005,5.0604000000000005
10,lower_back,434,shoulder slouch,0.5149863910159644,0.5149863910159644,5.0604000000000005,5.0604000000000005
10,lower_back,435,unknown,0.5149863910159644,0.5149863910159644,5.0604000000000005,5.0604000000000005
10,lower_back,436,lumbar slouch,0.5149863910159644,0.5155173280279203,5.0604000000000005,12.9628
10,lower_back,437,unknown,0.5160817975952159,0.5160817975952159,10.8984,10.8984
10,lower_back,438,lumbar slouch,0.5160817975952159,0.5179484598761536,10.566,11.8376
10,lower_back,439,unknown,0.5185129297099443,0.5185129297099443,9.23125,9.23125
10,lower_back,440,lumbar slouch,0.5185129297099443,0.519479793672248,9.23125,10.9688
10,lower_back,441,shoulder slouch,0.5200442632395434,0.5200442632395434,9.2704,9.2704
10,lower_back,442,unknown,0.5200442632395434,0.5200442632395434,9.2704,9.2704
10,lower_back,443,lumbar slouch,0.5200442632395434,0.5200442632395434,9.2704,9.2704
10,lower_back,444,shoulder slouch,0.520580788921891,0.520580788921891,8.9154,8.9154
10,lower_back,445,unknown,0.520580788921891,0.520580788921891,8.9154,8.9154
10,lower_back,446,lumbar slouch,0.520580788921891,0.5286342625609988,8.9154,13.3748
10,lower_back,447,shoulder slouch,0.5291707882433463,0.5291707882433463,10.0426,10.0426
10,lower_back,448,lumbar slouch,0.5291707882433463,0.5291707882433463,10.0426,10.0426
10,lower_back,449,neck slouch+shoulder slouch,0.529735258077137,0.529735258077137,5.875,5.875
10,lower_back,450,shoulder slouch,0.529735258077137,0.529735258077137,5.875,5.875
10,lower_back,451,good+neck slouch,0.530199129178928,0.530199129178928,3.3068,3.3068
10,lower_back,452,good+neck slouch+shoulder slouch,0.530199129178928,0.530199129178928,3.3068,3.3068
10,lower_back,453,good+neck slouch,0.5307356548612755,0.531300124428571,2.2004,2.37825
10,lower_back,454,good+neck slouch+shoulder slouch,0.531300124428571,0.531300124428571,2.37825,2.37825
10,lower_back,455,good+neck slouch,0.5317639957968572,0.5323005212127094,2.048,3.0486
10,lower_back,456,good+neck slouch+shoulder slouch,0.5323005212127094,0.5323005212127094,3.0486,3.0486
10,lower_back,457,good+neck slouch,0.5328649910465002,0.5333288621482912,1.59025,3.9058
10,lower_back,458,good+neck slouch+shoulder slouch,0.5333288621482912,0.5333288621482912,3.9058,3.9058
10,lower_back,459,neck slouch+shoulder slouch,0.5333288621482912,0.5333288621482912,3.9058,3.9058
10,lower_back,460,unknown,0.5338653878306387,0.5338653878306387,0.8261999999999999,0.8261999999999999
10,lower_back,461,good+neck slouch,0.5338653878306387,0.5338653878306387,0.8261999999999999,0.8261999999999999
10,lower_back,462,good+neck slouch+shoulder slouch,0.5338653878306387,0.5338653878306387,0.8261999999999999,0.8261999999999999
10,lower_back,463,neck slouch+shoulder slouch,0.5338653878306387,0.5338653878306387,0.8261999999999999,0.8261999999999999
10,lower_back,464,unknown,0.5344633904862642,0.5349943272317249,-4.5066,1.7448000000000001
10,lower_back,465,neck slouch,0.5349943272317249,0.5349943272317249,1.7448000000000001,1.7448000000000001
10,lower_back,466,good+neck slouch,0.5349943272317249,0.5349943272317249,1.7448000000000001,1.7448000000000001
10,lower_back,467,good+neck slouch+shoulder slouch,0.5349943272317249,0.5355643857359071,1.7448000000000001,5.3695
10,lower_back,468,shoulder slouch,0.5355643857359071,0.5360282568376983,5.3695,9.235166666666666
10,lower_back,469,unknown,0.5360282568376983,0.5360282568376983,9.235166666666666,9.235166666666666
10,lower_back,470,lumbar slouch,0.5360282568376983,0.5376266562774623,9.235166666666666,13.1905
10,lower_back,471,shoulder slouch,0.5384929217742616,0.5384929217742616,10.2502,10.2502
10,lower_back,472,unknown,0.5384929217742616,0.5384929217742616,10.2502,10.2502
10,lower_back,473,lumbar slouch,0.5384929217742616,0.5384929217742616,10.2502,10.2502
10,lower_back,474,good+neck slouch+shoulder slouch,0.5390238585197222,0.5390238585197222,4.9578,4.9578
10,lower_back,475,neck slouch+shoulder slouch,0.5390238585197222,0.5390238585197222,4.9578,4.9578
10,lower_back,476,shoulder slouch,0.5390238585197222,0.5390238585197222,4.9578,4.9578
10,lower_back,477,good+neck slouch,0.5395883283535129,0.5395883283535129,3.0784,3.0784
10,lower_back,478,good+neck slouch+shoulder slouch,0.5395883283535129,0.5395883283535129,3.0784,3.0784
10,lower_back,479,good+neck slouch,0.5401248537693651,0.5401248537693651,2.3476,2.3476
10,lower_back,480,good+neck slouch+shoulder slouch,0.5401248537693651,0.5406893236031559,2.3476,5.0964
10,lower_back,481,neck slouch+shoulder slouch,0.5406893236031559,0.5406893236031559,5.0964,5.0964
10,lower_back,482,shoulder slouch,0.5406893236031559,0.5406893236031559,5.0964,5.0964
10,lower_back,483,good+neck slouch+shoulder slouch,0.5412202603486166,0.5412202603486166,4.234,4.234
10,lower_back,484,neck slouch+shoulder slouch,0.5412202603486166,0.5412202603486166,4.234,4.234
10,lower_back,485,good+neck slouch+shoulder slouch,0.5417232532091292,0.5459483927577439,3.4726,4.4702
10,lower_back,486,neck slouch+shoulder slouch,0.5465184512619261,0.5470829210957168,4.9954,5.4197999999999995
10,lower_back,487,shoulder slouch,0.5470829210957168,0.5598030501706739,5.4197999999999995,7.529
10,lower_back,488,good+neck slouch+shoulder slouch,0.5603675200044645,0.5603675200044645,4.9125,4.9125
10,lower_back,489,neck slouch+shoulder slouch,0.5603675200044645,0.5603675200044645,4.9125,4.9125
10,lower_back,490,shoulder slouch,0.5603675200044645,0.5603675200044645,4.9125,4.9125
10,lower_back,491,good+neck slouch,0.5608313911062557,0.5608313911062557,2.5532,2.5532
10,lower_back,492,good+neck slouch+shoulder slouch,0.5608313911062557,0.5608313911062557,2.5532,2.5532
10,lower_back,493,unknown,0.5613679167886031,0.5613679167886031,0.9424,0.9424
10,lower_back,494,good+neck slouch,0.5613679167886031,0.5613679167886031,0.9424,0.9424
10,lower_back,495,unknown,0.5619323863558986,0.5629327834065323,-0.7925,0.2968
10,lower_back,496,neck slouch,0.5629327834065323,0.5629327834065323,0.2968,0.2968
10,lower_back,497,unknown,0.5634972529738278,0.5634972529738278,0.19775,0.19775
10,lower_back,498,neck slouch,0.5634972529738278,0.5634972529738278,0.19775,0.19775
10,lower_back,499,unknown,0.5639946568974538,0.5645311825798012,0.188,0.2062857142857143
10,lower_back,500,neck slouch,0.5645311825798012,0.565760720712887,0.2062857142857143,0.777
10,lower_back,501,good+neck slouch,0.565760720712887,0.56686171596253,0.777,0.8316
10,lower_back,502,neck slouch,0.567325587064321,0.567325587064321,0.7758,0.7758
10,lower_back,503,good+neck slouch,0.567325587064321,0.5720201866516135,0.7758,1.8896
10,lower_back,504,good+neck slouch+shoulder slouch,0.5720201866516135,0.5725511233970743,1.8896,3.9772000000000003
10,lower_back,505,good+neck slouch,0.5731547149895865,0.5731547149895865,3.086,3.086
10,lower_back,506,good+neck slouch+shoulder slouch,0.5731547149895865,0.5731547149895865,3.086,3.086
10,lower_back,507,good+neck slouch,0.573719184556882,0.57691598343641,1.4404,1.7756
10,lower_back,508,unknown,0.5773798545382011,0.5773798545382011,0.11760000000000001,0.11760000000000001
10,lower_back,509,neck slouch,0.5773798545382011,0.5773798545382011,0.11760000000000001,0.11760000000000001
10,lower_back,510,good+neck slouch,0.5773798545382011,0.5773798545382011,0.11760000000000001,0.11760000000000001
10,lower_back,511,unknown,0.5779163802205486,0.5800457164057733,-0.9094,-0.047
10,lower_back,512,neck slouch,0.5805095875075643,0.5842708559543879,0.2682,0.7164
10,lower_back,513,good+neck slouch,0.5842708559543879,0.587434121745586,0.7032,2.328
10,lower_back,514,good+neck slouch+shoulder slouch,0.5879706474279335,0.5918995802504263,2.8542,3.244
10,lower_back,515,unknown,0.5923634513522174,0.5923634513522174,1.1526,1.1526
10,lower_back,516,neck slouch,0.5923634513522174,0.5923634513522174,1.1526,1.1526
10,lower_back,517,good+neck slouch,0.5923634513522174,0.5923634513522174,1.1526,1.1526
10,lower_back,518,unknown,0.592894388097678,0.6145063124235941,-2.008,-0.1692
10,lower_back,519,neck slouch,0.6145063124235941,0.6145063124235941,-0.1692,-0.1692
10,lower_back,520,good+neck slouch,0.6145063124235941,0.61503724943555,-0.1692,4.178
10,lower_back,521,good+neck slouch+shoulder slouch,0.61503724943555,0.61503724943555,4.178,4.178
10,lower_back,522,neck slouch+shoulder slouch,0.61503724943555,0.61503724943555,4.178,4.178
10,lower_back,523,shoulder slouch,0.61503724943555,0.6156073079397323,4.178,8.9822
10,lower_back,524,lumbar slouch,0.6156073079397323,0.6156073079397323,8.9822,8.9822
10,lower_back,525,neck slouch+shoulder slouch,0.616138244685193,0.616138244685193,6.9356,6.9356
10,lower_back,526,shoulder slouch,0.616138244685193,0.616138244685193,6.9356,6.9356
10,lower_back,527,unknown,0.616138244685193,0.616138244685193,6.9356,6.9356
10,lower_back,528,good+neck slouch,0.6167027142524885,0.6167027142524885,2.5157499999999997,2.5157499999999997
10,lower_back,529,good+neck slouch+shoulder slouch,0.6167027142524885,0.6167027142524885,2.5157499999999997,2.5157499999999997
10,lower_back,530,neck slouch,0.6171721742911663,0.6171721742911663,0.9282,0.9282
10,lower_back,531,good+neck slouch,0.6171721742911663,0.6171721742911663,0.9282,0.9282
10,lower_back,532,neck slouch,0.617736644124957,0.6257621736126217,0.4206,0.7408333333333333
10,lower_back,533,good+neck slouch,0.626393709090082,0.6443058419424526,0.8096,1.8844
10,lower_back,534,neck slouch,0.644870311509748,0.644870311509748,0.6292857142857142,0.6292857142857142
10,lower_back,535,good+neck slouch,0.644870311509748,0.644870311509748,0.6292857142857142,0.6292857142857142
10,lower_back,536,unknown,0.6456359785410428,0.6456359785410428,-0.31,-0.31
10,lower_back,537,neck slouch,0.6456359785410428,0.6456359785410428,-0.31,-0.31
10,lower_back,538,unknown,0.6462004481083383,0.6634531013318054,-2.96625,1.0382
10,lower_back,539,neck slouch,0.6634531013318054,0.6634531013318054,1.0382,1.0382
10,lower_back,540,good+neck slouch,0.6634531013318054,0.6634531013318054,1.0382,1.0382
10,lower_back,541,good+neck slouch+shoulder slouch,0.6634531013318054,0.6634531013318054,1.0382,1.0382
10,lower_back,542,shoulder slouch,0.6639840383437612,0.6639840383437612,9.1164,9.1164
10,lower_back,543,lumbar slouch,0.6639840383437612,0.6645485079110568,9.1164,12.6795
10,lower_back,544,shoulder slouch,0.6650179679497346,0.6650179679497346,10.5094,10.5094
10,lower_back,545,lumbar slouch,0.6650179679497346,0.6650179679497346,10.5094,10.5094
10,lower_back,546,unknown,0.6655489046951952,0.6655489046951952,0.1678000000000001,0.1678000000000001
10,lower_back,547,good+neck slouch,0.6655489046951952,0.6655489046951952,0.1678000000000001,0.1678000000000001
10,lower_back,548,good+neck slouch+shoulder slouch,0.6655489046951952,0.6655489046951952,0.1678000000000001,0.1678000000000001
10,lower_back,549,unknown,0.666113374528986,0.666113374528986,1.137,1.137
10,lower_back,550,good+neck slouch,0.666113374528986,0.666113374528986,1.137,1.137
10,lower_back,551,unknown,0.6665828343011686,0.6665828343011686,1.0394,1.0394
10,lower_back,552,neck slouch,0.6665828343011686,0.6665828343011686,1.0394,1.0394
10,lower_back,553,good+neck slouch,0.6665828343011686,0.6665828343011686,1.0394,1.0394
10,lower_back,554,unknown,0.6671137713131244,0.6671137713131244,0.2736,0.2736
10,lower_back,555,neck slouch,0.6671137713131244,0.6671137713131244,0.2736,0.2736
10,lower_back,556,good+neck slouch,0.66767824088042,0.6681477009190978,1.07,1.995
10,lower_back,557,good+neck slouch+shoulder slouch,0.6681477009190978,0.6757373034564146,1.995,3.3872
10,lower_back,558,good+neck slouch,0.6762682404683705,0.6762682404683705,2.6082,2.6082
10,lower_back,559,good+neck slouch+shoulder slouch,0.6762682404683705,0.6762682404683705,2.6082,2.6082
10,lower_back,560,good+neck slouch,0.676832710035666,0.6783975766535952,2.30975,2.513
10,lower_back,561,unknown,0.6788670364257778,0.6788670364257778,-2.137,-2.137
10,lower_back,562,good+neck slouch,0.6788670364257778,0.6788670364257778,-2.137,-2.137
10,lower_back,563,unknown,0.6793979734377337,0.6799624430050293,-5.796399999999999,1.633
10,lower_back,564,good+neck slouch,0.6799624430050293,0.6799624430050293,1.633,1.633
10,lower_back,565,neck slouch+shoulder slouch,0.6799624430050293,0.6799624430050293,1.633,1.633
10,lower_back,566,shoulder slouch,0.680431903043707,0.680431903043707,9.9878,9.9878
10,lower_back,567,unknown,0.680431903043707,0.680431903043707,9.9878,9.9878
10,lower_back,568,lumbar slouch,0.680431903043707,0.6809628397891677,9.9878,12.1906
10,lower_back,569,unknown,0.6815273096229585,0.6815273096229585,10.846,10.846
10,lower_back,570,lumbar slouch,0.6815273096229585,0.6815273096229585,10.846,10.846
10,lower_back,571,shoulder slouch,0.6819967696616362,0.684126105846861,5.87,7.9618
10,lower_back,572,neck slouch+shoulder slouch,0.6846570425923217,0.6846570425923217,5.06475,5.06475
10,lower_back,573,good+neck slouch+shoulder slouch,0.6851265026309995,0.6851265026309995,4.8152,4.8152
10,lower_back,574,neck slouch+shoulder slouch,0.6851265026309995,0.6851265026309995,4.8152,4.8152
10,lower_back,575,good+neck slouch+shoulder slouch,0.6856574393764602,0.6882562356003628,4.32175,4.8042
10,lower_back,576,neck slouch+shoulder slouch,0.6882562356003628,0.6882562356003628,4.8042,4.8042
10,lower_back,577,good+neck slouch+shoulder slouch,0.6887871723458234,0.6887871723458234,4.8274,4.8274
10,lower_back,578,neck slouch+shoulder slouch,0.6887871723458234,0.6887871723458234,4.8274,4.8274
10,lower_back,579,good+neck slouch+shoulder slouch,0.6893572308500057,0.6940518304372981,2.8354,4.7725
10,lower_back,580,good+neck slouch,0.6946163002710889,0.6946163002710889,2.6346,2.6346
10,lower_back,581,good+neck slouch+shoulder slouch,0.6946163002710889,0.6946163002710889,2.6346,2.6346
10,lower_back,582,good+neck slouch,0.6951807698383844,0.7026697739101967,1.1481999999999999,2.42675
10,lower_back,583,good+neck slouch+shoulder slouch,0.7026697739101967,0.705704497084447,2.0676,3.281
10,lower_back,584,good+neck slouch,0.706235434096403,0.706235434096403,2.7508,2.7508
10,lower_back,585,good+neck slouch+shoulder slouch,0.706235434096403,0.706235434096403,2.7508,2.7508
10,lower_back,586,good+neck slouch,0.7067999036636985,0.7088342303203055,2.05825,2.5366
10,lower_back,587,good+neck slouch+shoulder slouch,0.7088342303203055,0.7099296368995569,2.4745,2.69725
10,lower_back,588,good+neck slouch,0.7103990966717395,0.7103990966717395,2.6026,2.6026
10,lower_back,589,good+neck slouch+shoulder slouch,0.7103990966717395,0.7103990966717395,2.6026,2.6026
10,lower_back,590,good+neck slouch,0.7109300336836955,0.7109300336836955,2.5884,2.5884
10,lower_back,591,good+neck slouch+shoulder slouch,0.7109300336836955,0.7115615688946606,2.5884,2.6091666666666664
10,lower_back,592,good+neck slouch,0.7121595715502861,0.7121595715502861,2.5955,2.5955
10,lower_back,593,good+neck slouch+shoulder slouch,0.7121595715502861,0.7121595715502861,2.5955,2.5955
10,lower_back,594,good+neck slouch,0.7126290315889638,0.7194194345396463,2.4018,2.5614999999999997
10,lower_back,595,good+neck slouch+shoulder slouch,0.7194194345396463,0.7194194345396463,2.5614999999999997,2.5614999999999997
10,lower_back,596,unknown,0.7200845025724463,0.7200845025724463,1.435,1.435
10,lower_back,597,neck slouch,0.7200845025724463,0.7200845025724463,1.435,1.435
10,lower_back,598,good+neck slouch,0.7200845025724463,0.7200845025724463,1.435,1.435
10,lower_back,599,good+neck slouch+shoulder slouch,0.7200845025724463,0.7200845025724463,1.435,1.435
10,lower_back,600,unknown,0.7206880941649585,0.7223144374896706,-1.0404,0.9578
10,lower_back,601,neck slouch,0.7223144374896706,0.7223144374896706,0.9578,0.9578
10,lower_back,602,good+neck slouch,0.7223144374896706,0.7228844959938528,0.9578,2.6187500000000004
10,lower_back,603,good+neck slouch+shoulder slouch,0.7228844959938528,0.725147963732912,2.6187500000000004,4.0878
10,lower_back,604,good+neck slouch,0.7257124333002076,0.7257124333002076,2.3786,2.3786
10,lower_back,605,good+neck slouch+shoulder slouch,0.7257124333002076,0.7257124333002076,2.3786,2.3786
10,lower_back,606,good+neck slouch,0.7262433700456683,0.7345371626410018,0.97625,2.3302
10,lower_back,607,good+neck slouch+shoulder slouch,0.7345371626410018,0.7362026277244355,2.3302,4.8709999999999996
10,lower_back,608,neck slouch+shoulder slouch,0.7362026277244355,0.7387623021896165,4.8709999999999996,5.0306
10,lower_back,609,good+neck slouch+shoulder slouch,0.7392317622282942,0.7392317622282942,4.755,4.755
10,lower_back,610,neck slouch+shoulder slouch,0.7392317622282942,0.7392317622282942,4.755,4.755
10,lower_back,611,good+neck slouch+shoulder slouch,0.7397962317955897,0.7595414941070633,2.6488,4.5514
10,lower_back,612,good+neck slouch,0.7601059636743588,0.7601059636743588,2.5871999999999997,2.5871999999999997
10,lower_back,613,good+neck slouch+shoulder slouch,0.7601059636743588,0.7601059636743588,2.5871999999999997,2.5871999999999997
10,lower_back,614,good+neck slouch,0.760676022178541,0.760676022178541,2.388,2.388
10,lower_back,615,neck slouch,0.7611398932803322,0.7611398932803322,1.193,1.193
10,lower_back,616,good+neck slouch,0.7611398932803322,0.7611398932803322,1.193,1.193
10,lower_back,617,neck slouch,0.761670830292288,0.761670830292288,0.2792,0.2792
10,lower_back,618,unknown,0.7622408887964702,0.7638057551479043,0.0182,0.13325
10,lower_back,619,neck slouch,0.7642696265161906,0.7752236920422095,0.256,0.766
10,lower_back,620,good+neck slouch,0.7752236920422095,0.7786887534964161,0.766,1.2338
10,lower_back,621,good+neck slouch+shoulder slouch,0.7792196905083719,0.7792196905083719,5.0085,5.0085
10,lower_back,622,shoulder slouch,0.7792196905083719,0.7796835616101631,5.0085,9.6648
10,lower_back,623,unknown,0.7796835616101631,0.7796835616101631,9.6648,9.6648
10,lower_back,624,lumbar slouch,0.7796835616101631,0.7834168859055434,9.6648,14.506400000000001
10,lower_back,625,neck slouch+shoulder slouch,0.7840148885611689,0.7840148885611689,10.7338,10.7338
10,lower_back,626,shoulder slouch,0.7840148885611689,0.7840148885611689,10.7338,10.7338
10,lower_back,627,lumbar slouch,0.7840148885611689,0.7840148885611689,10.7338,10.7338
10,lower_back,628,unknown,0.7845793581284644,0.7845793581284644,0.15800000000000003,0.15800000000000003
10,lower_back,629,neck slouch,0.7845793581284644,0.7845793581284644,0.15800000000000003,0.15800000000000003
10,lower_back,630,good+neck slouch,0.7845793581284644,0.7845793581284644,0.15800000000000003,0.15800000000000003
10,lower_back,631,unknown,0.7850432292302555,0.7904084860537298,-4.3682,0.168
10,lower_back,632,neck slouch,0.7904084860537298,0.7904084860537298,0.168,0.168
10,lower_back,633,unknown,0.7909394227991905,0.7909394227991905,0.2352,0.2352
10,lower_back,634,neck slouch,0.7909394227991905,0.7909394227991905,0.2352,0.2352
10,lower_back,635,unknown,0.7914703595446512,0.7919733524051639,0.0945,0.1385
10,lower_back,636,neck slouch,0.7919733524051639,0.7999262275787673,0.1385,1.2964
10,lower_back,637,good+neck slouch,0.7999262275787673,0.8004962860829495,1.2964,2.8664
10,lower_back,638,good+neck slouch+shoulder slouch,0.8004962860829495,0.8004962860829495,2.8664,2.8664
10,lower_back,639,unknown,0.8010272230949054,0.8010272230949054,0.256,0.256
10,lower_back,640,neck slouch,0.8010272230949054,0.8010272230949054,0.256,0.256
10,lower_back,641,good+neck slouch,0.8010272230949054,0.8010272230949054,0.256,0.256
10,lower_back,642,good+neck slouch+shoulder slouch,0.8010272230949054,0.8010272230949054,0.256,0.256
10,lower_back,643,unknown,0.8015916926622009,0.802692688178339,-2.807,0.2595
10,lower_back,644,neck slouch,0.802692688178339,0.802692688178339,0.2595,0.2595
10,lower_back,645,good+neck slouch,0.8031565592801301,0.8037266177843124,1.2622,2.8432
10,lower_back,646,good+neck slouch+shoulder slouch,0.8037266177843124,0.8087509569195614,2.8432,3.5742000000000003
10,lower_back,647,good+neck slouch,0.8093210154237437,0.8093210154237437,4.332,4.332
10,lower_back,648,good+neck slouch+shoulder slouch,0.8093210154237437,0.8093210154237437,4.332,4.332
10,lower_back,649,shoulder slouch,0.8093210154237437,0.8093210154237437,4.332,4.332
10,lower_back,650,good+neck slouch+shoulder slouch,0.8098519524356996,0.8098519524356996,6.21,6.21
10,lower_back,651,shoulder slouch,0.8098519524356996,0.8098519524356996,6.21,6.21
10,lower_back,652,unknown,0.8103158235374907,0.8125457581882198,-30.744,-9.836
10,lower_back,653,neck slouch,0.8125457581882198,0.8125457581882198,-9.836,-9.836
10,lower_back,654,neck slouch+shoulder slouch,0.8130822838705672,0.8130822838705672,9.021,9.021
10,lower_back,655,shoulder slouch,0.8130822838705672,0.8130822838705672,9.021,9.021
10,lower_back,656,lumbar slouch,0.8130822838705672,0.8130822838705672,9.021,9.021
10,lower_back,657,shoulder slouch,0.8136802865261928,0.8136802865261928,9.3188,9.3188
10,lower_back,658,unknown,0.8136802865261928,0.8136802865261928,9.3188,9.3188
10,lower_back,659,lumbar slouch,0.8136802865261928,0.8136802865261928,9.3188,9.3188
10,lower_back,660,neck slouch,0.8142112232716535,0.8142112232716535,3.9784,3.9784
10,lower_back,661,good+neck slouch+shoulder slouch,0.8142112232716535,0.8142112232716535,3.9784,3.9784
10,lower_back,662,shoulder slouch,0.8142112232716535,0.8142112232716535,3.9784,3.9784
10,lower_back,663,unknown,0.8147812817758358,0.8153792844314613,-6.8686,-3.1002
10,lower_back,664,good+neck slouch,0.8153792844314613,0.8153792844314613,-3.1002,-3.1002
10,lower_back,665,good+neck slouch+shoulder slouch,0.8159437539987568,0.8159437539987568,10.727285714285715,10.727285714285715
10,lower_back,666,shoulder slouch,0.8159437539987568,0.8159437539987568,10.727285714285715,10.727285714285715
10,lower_back,667,lumbar slouch,0.8159437539987568,0.8184084189353201,10.727285714285715,15.9125
10,lower_back,668,unknown,0.8190064213244505,0.8190064213244505,10.4416,10.4416
10,lower_back,669,lumbar slouch,0.8190064213244505,0.8190064213244505,10.4416,10.4416
10,lower_back,670,unknown,0.8195708911582411,0.8195708911582411,9.848,9.848
10,lower_back,671,lumbar slouch,0.8195708911582411,0.8245337535867073,9.848,18.0778
10,lower_back,672,shoulder slouch,0.8251988218860025,0.8251988218860025,8.8266,8.8266
10,lower_back,673,unknown,0.8251988218860025,0.8251988218860025,8.8266,8.8266
10,lower_back,674,lumbar slouch,0.8251988218860025,0.8251988218860025,8.8266,8.8266
10,lower_back,675,shoulder slouch,0.8257353475683499,0.8257353475683499,10.357800000000001,10.357800000000001
10,lower_back,676,lumbar slouch,0.8257353475683499,0.8262662843138107,10.357800000000001,12.8704
10,lower_back,677,good+neck slouch+shoulder slouch,0.8268642869694361,0.8268642869694361,5.292,5.292
10,lower_back,678,shoulder slouch,0.8268642869694361,0.8268642869694361,5.292,5.292
10,lower_back,679,good+neck slouch,0.8274958221804013,0.8274958221804013,5.0728333333333335,5.0728333333333335
10,lower_back,680,good+neck slouch+shoulder slouch,0.8274958221804013,0.8274958221804013,5.0728333333333335,5.0728333333333335
10,lower_back,681,neck slouch+shoulder slouch,0.8274958221804013,0.8274958221804013,5.0728333333333335,5.0728333333333335
10,lower_back,682,shoulder slouch,0.8274958221804013,0.8274958221804013,5.0728333333333335,5.0728333333333335
10,lower_back,683,unknown,0.8281329465947483,0.8401824187000188,-9.2724,-1.537
10,lower_back,684,good+neck slouch,0.8401824187000188,0.8401824187000188,-3.8824,-3.8824
10,lower_back,685,unknown,0.8407133554454794,0.8407133554454794,1.3632,1.3632
10,lower_back,686,good+neck slouch,0.8407133554454794,0.8407133554454794,1.3632,1.3632
10,lower_back,687,unknown,0.8412834139496617,0.8418143509616175,-10.883,-2.3529999999999998
10,lower_back,688,good+neck slouch,0.8418143509616175,0.8418143509616175,-2.3529999999999998,-2.3529999999999998
10,lower_back,689,neck slouch+shoulder slouch,0.8418143509616175,0.8418143509616175,-2.3529999999999998,-2.3529999999999998
10,lower_back,690,shoulder slouch,0.8423452877070783,0.8423452877070783,10.1995,10.1995
10,lower_back,691,lumbar slouch,0.8423452877070783,0.8423452877070783,10.1995,10.1995
10,lower_back,692,shoulder slouch,0.8428482805675909,0.8428482805675909,9.7284,9.7284
10,lower_back,693,lumbar slouch,0.8428482805675909,0.8428482805675909,9.7284,9.7284
10,lower_back,694,good+neck slouch,0.8433792173130515,0.8433792173130515,3.2422500000000003,3.2422500000000003
10,lower_back,695,good+neck slouch+shoulder slouch,0.8433792173130515,0.8433792173130515,3.2422500000000003,3.2422500000000003
10,lower_back,696,good+neck slouch,0.8438430884148427,0.8438430884148427,1.6434,1.6434
10,lower_back,697,unknown,0.8443796140971901,0.8443796140971901,-0.389,-0.389
10,lower_back,698,neck slouch,0.8443796140971901,0.8443796140971901,-0.389,-0.389
10,lower_back,699,unknown,0.8449440839309807,0.8747100803615092,-9.006400000000001,-0.745
10,lower_back,700,neck slouch,0.8747100803615092,0.8747100803615092,-0.8709999999999999,-0.8709999999999999
10,lower_back,701,good+neck slouch+shoulder slouch,0.8747100803615092,0.8747100803615092,-0.8709999999999999,-0.8709999999999999
10,lower_back,702,shoulder slouch,0.875241017373465,0.875241017373465,8.1156,8.1156
10,lower_back,703,unknown,0.875241017373465,0.875241017373465,8.1156,8.1156
10,lower_back,704,good+neck slouch,0.8758110758776473,0.8758110758776473,4.5768,4.5768
10,lower_back,705,good+neck slouch+shoulder slouch,0.8758110758776473,0.8758110758776473,4.5768,4.5768
10,lower_back,706,shoulder slouch,0.8758110758776473,0.8758110758776473,4.5768,4.5768
10,lower_back,707,good+neck slouch,0.8763755454449429,0.8763755454449429,1.6372,1.6372
10,lower_back,708,unknown,0.8769400152787336,0.8769400152787336,-0.2855,-0.2855
10,lower_back,709,neck slouch,0.8769400152787336,0.8769400152787336,-0.2855,-0.2855
10,lower_back,710,good+neck slouch,0.8769400152787336,0.8769400152787336,-0.2855,-0.2855
10,lower_back,711,unknown,0.8776050835780287,0.9050740794476632,-5.5392,-2.435
10,lower_back,712,good+neck slouch,0.9055435394863409,0.9055435394863409,5.077,5.077
10,lower_back,713,good+neck slouch+shoulder slouch,0.9055435394863409,0.9055435394863409,5.077,5.077
10,lower_back,714,shoulder slouch,0.9055435394863409,0.9055435394863409,5.077,5.077
10,lower_back,715,lumbar slouch,0.906007410588132,0.9065439362704795,13.9262,14.750399999999999
10,lower_back,716,neck slouch+shoulder slouch,0.9071084061042701,0.9071084061042701,7.80575,7.80575
10,lower_back,717,shoulder slouch,0.9071084061042701,0.9071084061042701,7.80575,7.80575
10,lower_back,718,lumbar slouch,0.9071084061042701,0.9071084061042701,7.80575,7.80575
10,lower_back,719,unknown,0.9075722772060612,0.9075722772060612,1.0413999999999999,1.0413999999999999
10,lower_back,720,good+neck slouch,0.9075722772060612,0.9075722772060612,1.0413999999999999,1.0413999999999999
10,lower_back,721,good+neck slouch+shoulder slouch,0.9075722772060612,0.9075722772060612,1.0413999999999999,1.0413999999999999
10,lower_back,722,unknown,0.9081088028884087,0.9391043374520229,-2.2336,-0.8382000000000001
10,lower_back,723,good+neck slouch,0.9396352741974836,0.9396352741974836,4.4516,4.4516
10,lower_back,724,good+neck slouch+shoulder slouch,0.9396352741974836,0.9396352741974836,4.4516,4.4516
10,lower_back,725,shoulder slouch,0.9396352741974836,0.940171799879831,4.4516,8.793
10,lower_back,726,unknown,0.940171799879831,0.940171799879831,8.793,8.793
10,lower_back,727,lumbar slouch,0.940171799879831,0.9406356709816222,8.793,11.07125
10,lower_back,728,good+neck slouch+shoulder slouch,0.9410995420834132,0.9410995420834132,7.9266000000000005,7.9266000000000005
10,lower_back,729,shoulder slouch,0.9410995420834132,0.9410995420834132,7.9266000000000005,7.9266000000000005
10,lower_back,730,lumbar slouch,0.9410995420834132,0.9410995420834132,7.9266000000000005,7.9266000000000005
10,lower_back,731,unknown,0.9416360677657606,0.9416360677657606,0.0022857142857142737,0.0022857142857142737
10,lower_back,732,good+neck slouch,0.9416360677657606,0.9416360677657606,0.0022857142857142737,0.0022857142857142737
10,lower_back,733,unknown,0.942468800440725,0.9456655990537579,-0.24,0.813
10,lower_back,734,neck slouch,0.9456655990537579,0.9456655990537579,0.813,0.813
10,lower_back,735,good+neck slouch,0.9456655990537579,0.9592128721332879,0.813,1.8238
10,lower_back,736,good+neck slouch+shoulder slouch,0.9592128721332879,0.9597493978156353,1.8238,4.3208
10,lower_back,737,neck slouch+shoulder slouch,0.9597493978156353,0.9597493978156353,4.3208,4.3208
10,lower_back,738,shoulder slouch,0.9597493978156353,0.9639074714540852,4.3208,7.98325
10,lower_back,739,good+neck slouch,0.9644439971364326,0.9644439971364326,3.4464,3.4464
10,lower_back,740,good+neck slouch+shoulder slouch,0.9644439971364326,0.9644439971364326,3.4464,3.4464
10,lower_back,741,neck slouch+shoulder slouch,0.9644439971364326,0.9644439971364326,3.4464,3.4464
10,lower_back,742,shoulder slouch,0.9644439971364326,0.9644439971364326,3.4464,3.4464
10,lower_back,743,unknown,0.9650084669702232,0.9913764675902147,-5.609999999999999,-1.87575
10,lower_back,744,good+neck slouch,0.9918459276288925,0.9918459276288925,3.177,3.177
10,lower_back,745,good+neck slouch+shoulder slouch,0.9918459276288925,0.9918459276288925,3.177,3.177
10,lower_back,746,shoulder slouch,0.9918459276288925,0.9923768643743532,3.177,6.3656
10,lower_back,747,good+neck slouch+shoulder slouch,0.9929413342081439,0.9929413342081439,4.53175,4.53175
10,lower_back,748,neck slouch+shoulder slouch,0.9929413342081439,0.9929413342081439,4.53175,4.53175
10,lower_back,749,shoulder slouch,0.9929413342081439,0.9929413342081439,4.53175,4.53175
10,lower_back,750,unknown,0.9934107942468217,0.9934107942468217,0.5459999999999999,0.5459999999999999
10,lower_back,751,neck slouch,0.9934107942468217,0.9934107942468217,0.5459999999999999,0.5459999999999999
10,lower_back,752,good+neck slouch,0.9934107942468217,0.9934107942468217,0.5459999999999999,0.5459999999999999
10,lower_back,753,unknown,0.9939417309922824,0.9973061939809845,-1.1277499999999998,1.3974
10,lower_back,754,neck slouch,0.9973061939809845,0.9973061939809845,1.3974,1.3974
10,lower_back,755,good+neck slouch,0.9973061939809845,0.9973061939809845,1.3974,1.3974
10,lower_back,756,good+neck slouch+shoulder slouch,0.9973061939809845,0.9973061939809845,1.3974,1.3974
10,lower_back,757,neck slouch+shoulder slouch,0.9978706638147753,0.9978706638147753,6.63025,6.63025
10,lower_back,758,shoulder slouch,0.9978706638147753,0.9978706638147753,6.63025,6.63025
10,lower_back,759,unknown,0.9983401235869579,0.9983401235869579,10.4338,10.4338
10,lower_back,760,lumbar slouch,0.9983401235869579,0.9994355301662093,10.4054,11.74
10,lower_back,761,neck slouch+shoulder slouch,1,1,6.994000000000001,6.994000000000001
10,lower_back,762,shoulder slouch,1,1,6.994000000000001,6.994000000000001
10,mid_back,0,unknown,0,1,-67.46039999999999,9.1585
10,neck,0,unknown,0,0.05866605551163439,-46.0465,10.9118
10,neck,1,good,0.05866605551163439,0.05866605551163439,10.9118,10.9118
10,neck,2,unknown,0.059230528500229,0.05969999089620732,11.0975,11.594
10,neck,3,good+laying back,0.05969999089620732,0.05969999089620732,11.594,11.594
10,neck,4,good+laying back+lumbar slouch,0.05969999089620732,0.060862469616148565,11.594,16.3805
10,neck,5,laying back+lumbar slouch,0.060862469616148565,0.060862469616148565,16.3805,16.3805
10,neck,6,laying back+lumbar slouch+shoulder slouch,0.060862469616148565,0.060862469616148565,16.3805,16.3805
10,neck,7,unknown,0.061460475613991865,0.061460475613991865,12.0564,12.0564
10,neck,8,good,0.061460475613991865,0.061460475613991865,12.0564,12.0564
10,neck,9,good+laying back+lumbar slouch,0.061460475613991865,0.061460475613991865,12.0564,12.0564
10,neck,10,unknown,0.06203053730421293,0.0624944109985648,9.181750000000001,9.4854
10,neck,11,good+laying back,0.0624944109985648,0.0624944109985648,9.4854,9.4854
10,neck,12,good+laying back+lumbar slouch,0.0624944109985648,0.0624944109985648,9.4854,9.4854
10,neck,13,good,0.06302535097791072,0.06302535097791072,13.3024,13.3024
10,neck,14,good+laying back,0.06302535097791072,0.06302535097791072,13.3024,13.3024
10,neck,15,good+laying back+lumbar slouch,0.06302535097791072,0.06302535097791072,13.3024,13.3024
10,neck,16,good+laying back,0.06356187965888309,0.06356187965888309,14.525,14.525
10,neck,17,good+laying back+lumbar slouch,0.06356187965888309,0.06409281937173235,13.8756,14.525
10,neck,18,unknown,0.06469082536957564,0.06469082536957564,10.5326,10.5326
10,neck,19,good+laying back,0.06469082536957564,0.06469082536957564,10.5326,10.5326
10,neck,20,unknown,0.06528883110092228,0.08723061787255161,-41.525999999999996,5.4905
10,neck,21,good+laying back,0.08723061787255161,0.08723061787255161,5.4905,5.4905
10,neck,22,unknown,0.08786774558127004,0.24389139761893702,-55.77075,9.504
10,neck,23,good+laying back+lumbar slouch,0.24389139761893702,0.24445587034103497,9.504,18.418833333333332
10,neck,24,laying back+lumbar slouch+shoulder slouch,0.24445587034103497,0.24445587034103497,18.418833333333332,18.418833333333332
10,neck,25,lumbar slouch+shoulder slouch,0.24445587034103497,0.24445587034103497,18.418833333333332,18.418833333333332
10,neck,26,shoulder slouch,0.24508740934812695,0.24508740934812695,20.6016,20.6016
10,neck,27,laying back+lumbar slouch+shoulder slouch,0.24571894835521893,0.24571894835521893,19.743333333333332,19.743333333333332
10,neck,28,lumbar slouch+shoulder slouch,0.24571894835521893,0.24571894835521893,19.743333333333332,19.743333333333332
10,neck,29,shoulder slouch,0.24571894835521893,0.24571894835521893,19.743333333333332,19.743333333333332
10,neck,30,good+laying back+lumbar slouch,0.24631695435306225,0.24631695435306225,16.614,16.614
10,neck,31,laying back+lumbar slouch,0.24631695435306225,0.24631695435306225,16.614,16.614
10,neck,32,laying back+lumbar slouch+shoulder slouch,0.24631695435306225,0.24631695435306225,16.614,16.614
10,neck,33,unknown,0.24702114808027806,0.24702114808027806,9.830333333333334,9.830333333333334
10,neck,34,good,0.24702114808027806,0.24702114808027806,9.830333333333334,9.830333333333334
10,neck,35,unknown,0.24765268708737004,0.3229343645382819,-37.0196,11.1984
10,neck,36,good,0.3229343645382819,0.3229343645382819,11.1984,11.1984
10,neck,37,good+laying back,0.3229343645382819,0.3229343645382819,11.1984,11.1984
10,neck,38,unknown,0.3234653045176278,0.8217998301259629,-57.818799999999996,9.6394
10,neck,39,good+laying back+lumbar slouch,0.8217998301259629,0.8223307698388121,4.6398,19.4622
10,neck,40,laying back+lumbar slouch+shoulder slouch,0.8223307698388121,0.8223307698388121,19.4622,19.4622
10,neck,41,shoulder slouch,0.8223307698388121,0.8229343648047786,19.4622,26.4146
10,neck,42,unknown,0.8229343648047786,0.8229343648047786,26.4146,26.4146
10,neck,43,laying back+lumbar slouch+shoulder slouch,0.8234653045176278,0.8234653045176278,25.1146,25.1146
10,neck,44,shoulder slouch,0.8234653045176278,0.8234653045176278,25.1146,25.1146
10,neck,45,unknown,0.8234653045176278,0.8240297772397257,-7.339714285714286,25.1146
10,neck,46,good+laying back,0.8240297772397257,0.8240297772397257,-7.339714285714286,-7.339714285714286
10,neck,47,unknown,0.8248289815595579,1,-50.5788,-3.4451666666666667
11,lower_back,0,neck slouch,0,0,0.48133333333333334,0.48133333333333334
11,lower_back,1,good+neck slouch,4.02299963130039e-4,0.0016315492880029205,0.829,1.2613333333333334
11,lower_back,2,neck slouch,0.0020338489847003204,0.0020338489847003204,0.9475,0.9475
11,lower_back,3,good+neck slouch,0.0020338489847003204,0.0020338489847003204,0.9475,0.9475
11,lower_back,4,unknown,0.002497611494003795,0.002497611494003795,-0.645,-0.645
11,lower_back,5,neck slouch,0.002497611494003795,0.002497611494003795,-0.645,-0.645
11,lower_back,6,unknown,0.002961373736874631,0.007755446476884563,-2.15,-0.034999999999999996
11,lower_back,7,neck slouch,0.007755446476884563,0.007755446476884563,-0.034999999999999996,-0.034999999999999996
11,lower_back,8,unknown,0.008157746173581963,0.008157746173581963,0.2775,0.2775
11,lower_back,9,neck slouch,0.008157746173581963,0.008157746173581963,0.2775,0.2775
11,lower_back,10,unknown,0.008554458511408672,0.01168345701089362,-0.31866666666666665,0.21725
11,lower_back,11,neck slouch,0.01168345701089362,0.01168345701089362,0.21725,0.21725
11,lower_back,12,unknown,0.012119281926545723,0.012119281926545723,0.224,0.224
11,lower_back,13,neck slouch,0.012119281926545723,0.01391845597715896,0.224,0.4703333333333333
11,lower_back,14,good+neck slouch,0.014348693267507732,0.014348693267507732,0.9956,0.9956
11,lower_back,15,neck slouch,0.014812455776811208,0.015214755473508607,0.23475,0.45233333333333337
11,lower_back,16,unknown,0.015577942858813252,0.015577942858813252,0.1855,0.1855
11,lower_back,17,neck slouch,0.015577942858813252,0.015577942858813252,0.1855,0.1855
11,lower_back,18,unknown,0.016013767508032715,0.016013767508032715,0.2653333333333333,0.2653333333333333
11,lower_back,19,neck slouch,0.016013767508032715,0.01737711690942649,0.2653333333333333,0.776
11,lower_back,20,good+neck slouch,0.01737711690942649,0.018243179115427364,0.776,0.9175
11,lower_back,21,neck slouch,0.0187069413582982,0.01950595339282231,0.60725,0.6553333333333333
11,lower_back,22,good+neck slouch,0.019908253355952348,0.021070452775781102,0.7925,0.9446666666666667
11,lower_back,23,neck slouch,0.021472752472478502,0.021472752472478502,0.8295,0.8295
11,lower_back,24,good+neck slouch,0.021472752472478502,0.021472752472478502,0.8295,0.8295
11,lower_back,25,neck slouch,0.02183593985778315,0.02183593985778315,0.7706666666666666,0.7706666666666666
11,lower_back,26,good+neck slouch,0.02183593985778315,0.022634952158739896,0.7706666666666666,0.98475
11,lower_back,27,neck slouch,0.02307077680795936,0.02307077680795936,0.64275,0.64275
11,lower_back,28,good+neck slouch,0.02307077680795936,0.02307077680795936,0.64275,0.64275
11,lower_back,29,neck slouch,0.023534539050830198,0.02440060125683107,0.5933333333333334,0.6712
11,lower_back,30,good+neck slouch,0.02440060125683107,0.024869951125005237,0.6712,0.8896666666666667
11,lower_back,31,neck slouch,0.02530018841535401,0.02530018841535401,0.4404,0.4404
11,lower_back,32,good+neck slouch,0.02530018841535401,0.02530018841535401,0.4404,0.4404
11,lower_back,33,neck slouch,0.025763950658224843,0.026166250354922246,0.39766666666666667,0.81175
11,lower_back,34,good+neck slouch,0.026166250354922246,0.026562962692748954,0.81175,0.8222499999999999
11,lower_back,35,neck slouch,0.02703231256092312,0.02703231256092312,0.758,0.758
11,lower_back,36,good+neck slouch,0.02703231256092312,0.02703231256092312,0.758,0.758
11,lower_back,37,neck slouch,0.027395499946227767,0.027797799642925166,0.7224999999999999,0.8405
11,lower_back,38,good+neck slouch,0.027797799642925166,0.03468718391380885,0.8292499999999999,1.133
11,lower_back,39,neck slouch,0.03515094615667969,0.03515094615667969,0.8696666666666666,0.8696666666666666
11,lower_back,40,good+neck slouch,0.03515094615667969,0.03515094615667969,0.8696666666666666,0.8696666666666666
11,lower_back,41,neck slouch,0.03555324611980973,0.036385783106855904,0.65675,0.7583333333333333
11,lower_back,42,good+neck slouch,0.036385783106855904,0.03718479540781265,0.7583333333333333,1.00675
11,lower_back,43,neck slouch,0.037615032698161424,0.037615032698161424,0.9450000000000001,0.9450000000000001
11,lower_back,44,good+neck slouch,0.037615032698161424,0.037615032698161424,0.9450000000000001,0.9450000000000001
11,lower_back,45,neck slouch,0.03821848237642384,0.03901190705207726,0.7013333333333334,0.7404999999999999
11,lower_back,46,good+neck slouch,0.03938068179625259,0.04114633089434377,0.9544,1.3886
11,lower_back,47,neck slouch,0.04164361835616931,0.04164361835616931,1.00125,1.00125
11,lower_back,48,good+neck slouch,0.04164361835616931,0.04164361835616931,1.00125,1.00125
11,lower_back,49,neck slouch,0.042079443005388774,0.042079443005388774,0.6315,0.6315
11,lower_back,50,good+neck slouch,0.04250968029573755,0.04250968029573755,0.876,0.876
11,lower_back,51,neck slouch,0.04297344253860838,0.04297344253860838,0.7286666666666667,0.7286666666666667
11,lower_back,52,good+neck slouch,0.04297344253860838,0.04297344253860838,0.7286666666666667,0.7286666666666667
11,lower_back,53,neck slouch,0.04337574250173842,0.04337574250173842,0.69625,0.69625
11,lower_back,54,good+neck slouch,0.04380597979208719,0.054723949720978764,0.8908,2.56675
11,lower_back,55,good+neck slouch+shoulder slouch,0.05515977463663087,0.05515977463663087,2.5966666666666667,2.5966666666666667
11,lower_back,56,good+neck slouch,0.05555648670802494,0.05555648670802494,2.5845000000000002,2.5845000000000002
11,lower_back,57,good+neck slouch+shoulder slouch,0.05555648670802494,0.05555648670802494,2.5845000000000002,2.5845000000000002
11,lower_back,58,good+neck slouch,0.055958786671154975,0.057255086167504625,2.534,2.639
11,lower_back,59,good+neck slouch+shoulder slouch,0.057255086167504625,0.059417447603422505,2.639,2.8036
11,lower_back,60,good+neck slouch,0.05998737232916286,0.06298227101855956,2.2004,2.503
11,lower_back,61,good+neck slouch+shoulder slouch,0.06298227101855956,0.06378128305308367,2.477333333333333,2.7355
11,lower_back,62,good+neck slouch,0.06421152034343244,0.06421152034343244,2.3236666666666665,2.3236666666666665
11,lower_back,63,good+neck slouch+shoulder slouch,0.06421152034343244,0.06421152034343244,2.3236666666666665,2.3236666666666665
11,lower_back,64,good+neck slouch,0.06461382004012983,0.06507758254943331,2.06,2.2388
11,lower_back,65,good+neck slouch+shoulder slouch,0.06507758254943331,0.07153672952996823,2.2388,4.54675
11,lower_back,66,neck slouch+shoulder slouch,0.07153672952996823,0.07153672952996823,4.54675,4.54675
11,lower_back,67,shoulder slouch,0.07153672952996823,0.07153672952996823,4.54675,4.54675
11,lower_back,68,neck slouch+shoulder slouch,0.07193902922666563,0.07193902922666563,5.1305,5.1305
11,lower_back,69,shoulder slouch,0.07193902922666563,0.07276597885484111,5.1305,5.8652500000000005
11,lower_back,70,neck slouch+shoulder slouch,0.07316827855153851,0.07316827855153851,5.596,5.596
11,lower_back,71,shoulder slouch,0.07316827855153851,0.07316827855153851,5.596,5.596
11,lower_back,72,good+neck slouch+shoulder slouch,0.07359851610831993,0.07583351507458526,3.4935,4.775333333333333
11,lower_back,73,neck slouch+shoulder slouch,0.07583351507458526,0.07706276439945814,4.775333333333333,5.10575
11,lower_back,74,good+neck slouch+shoulder slouch,0.07745947673728486,0.07745947673728486,4.7665,4.7665
11,lower_back,75,neck slouch+shoulder slouch,0.07745947673728486,0.07745947673728486,4.7665,4.7665
11,lower_back,76,good+neck slouch+shoulder slouch,0.07786177643398225,0.08189036209199013,4.4623333333333335,4.812
11,lower_back,77,neck slouch+shoulder slouch,0.08189036209199013,0.08228707442981685,4.812,5.258
11,lower_back,78,shoulder slouch,0.08228707442981685,0.08228707442981685,5.258,5.258
11,lower_back,79,neck slouch+shoulder slouch,0.08275642429799102,0.08275642429799102,5.216666666666667,5.216666666666667
11,lower_back,80,shoulder slouch,0.08275642429799102,0.08275642429799102,5.216666666666667,5.216666666666667
11,lower_back,81,good+neck slouch+shoulder slouch,0.08318666158833979,0.08318666158833979,4.6648000000000005,4.6648000000000005
11,lower_back,82,neck slouch+shoulder slouch,0.08318666158833979,0.08318666158833979,4.6648000000000005,4.6648000000000005
11,lower_back,83,good+neck slouch+shoulder slouch,0.08365601145651395,0.09010957081174553,4.03325,4.7842
11,lower_back,84,neck slouch+shoulder slouch,0.09010957081174553,0.09100915797026847,4.7842,5.062
11,lower_back,85,good+neck slouch+shoulder slouch,0.09147850783844264,0.12452855483894525,2.903,4.7410000000000005
11,lower_back,86,good+neck slouch,0.12499790470711941,0.12499790470711941,2.6016,2.6016
11,lower_back,87,good+neck slouch+shoulder slouch,0.12499790470711941,0.12499790470711941,2.6016,2.6016
11,lower_back,88,good+neck slouch,0.12556224207398908,0.12596454177068647,2.2303333333333333,2.3485
11,lower_back,89,good+neck slouch+shoulder slouch,0.12636125410851318,0.13168613899643808,2.9499999999999997,4.867
11,lower_back,90,neck slouch+shoulder slouch,0.13168613899643808,0.13168613899643808,4.867,4.867
11,lower_back,91,good+neck slouch+shoulder slouch,0.13215548886461226,0.13255220120243896,4.208,4.50725
11,lower_back,92,neck slouch+shoulder slouch,0.13255220120243896,0.13302155107061311,4.50725,5.19375
11,lower_back,93,shoulder slouch,0.13302155107061311,0.13508333764896482,5.19375,7.0435
11,lower_back,94,good+neck slouch+shoulder slouch,0.13548004998679153,0.13548004998679153,4.6293999999999995,4.6293999999999995
11,lower_back,95,neck slouch+shoulder slouch,0.13548004998679153,0.13548004998679153,4.6293999999999995,4.6293999999999995
11,lower_back,96,shoulder slouch,0.13548004998679153,0.13548004998679153,4.6293999999999995,4.6293999999999995
11,lower_back,97,good+neck slouch+shoulder slouch,0.13594939958853305,0.13894429827792976,4.29,4.794
11,lower_back,98,neck slouch+shoulder slouch,0.13894429827792976,0.14154248462949973,4.794,5.16
11,lower_back,99,shoulder slouch,0.14154248462949973,0.14154248462949973,5.16,5.16
11,lower_back,100,neck slouch+shoulder slouch,0.14193919696732643,0.14193919696732643,5.2145,5.2145
11,lower_back,101,shoulder slouch,0.14193919696732643,0.1486665438344705,5.2145,6.0404
11,lower_back,102,good+neck slouch+shoulder slouch,0.1491638310298634,0.1491638310298634,4.859666666666667,4.859666666666667
11,lower_back,103,shoulder slouch,0.1491638310298634,0.1491638310298634,4.859666666666667,4.859666666666667
11,lower_back,104,unknown,0.1495661307265608,0.1495661307265608,-0.4132,-0.4132
11,lower_back,105,neck slouch,0.1495661307265608,0.1495661307265608,-0.4132,-0.4132
11,lower_back,106,good+neck slouch,0.1495661307265608,0.1495661307265608,-0.4132,-0.4132
11,lower_back,107,unknown,0.15006341818838634,0.15006341818838634,1.12475,1.12475
11,lower_back,108,neck slouch,0.15006341818838634,0.15006341818838634,1.12475,1.12475
11,lower_back,109,good+neck slouch,0.15006341818838634,0.15006341818838634,1.12475,1.12475
11,lower_back,110,good+neck slouch+shoulder slouch,0.15006341818838634,0.15006341818838634,1.12475,1.12475
11,lower_back,111,good+neck slouch,0.15052718043125718,0.15052718043125718,2.9375,2.9375
11,lower_back,112,good+neck slouch+shoulder slouch,0.15052718043125718,0.15052718043125718,2.9375,2.9375
11,lower_back,113,unknown,0.15092948012795457,0.15355560407317592,-3.43325,-1.39225
11,lower_back,114,neck slouch,0.15405847889387217,0.15405847889387217,1.0726666666666667,1.0726666666666667
11,lower_back,115,good+neck slouch,0.15405847889387217,0.15535477812378917,1.0726666666666667,2.7652
11,lower_back,116,good+neck slouch+shoulder slouch,0.15535477812378917,0.15535477812378917,2.7652,2.7652
11,lower_back,117,good+neck slouch,0.1558576529444854,0.1558576529444854,2.61625,2.61625
11,lower_back,118,good+neck slouch+shoulder slouch,0.1558576529444854,0.1558576529444854,2.61625,2.61625
11,lower_back,119,good+neck slouch,0.15628789023483416,0.15668460257266087,2.3916666666666666,2.8958
11,lower_back,120,good+neck slouch+shoulder slouch,0.15668460257266087,0.15718747739335712,2.8958,5.03975
11,lower_back,121,neck slouch+shoulder slouch,0.15718747739335712,0.15718747739335712,5.03975,5.03975
11,lower_back,122,shoulder slouch,0.15718747739335712,0.15718747739335712,5.03975,5.03975
11,lower_back,123,good+neck slouch+shoulder slouch,0.1576177146837059,0.1576177146837059,5.90525,5.90525
11,lower_back,124,shoulder slouch,0.1576177146837059,0.1576177146837059,5.90525,5.90525
11,lower_back,125,unknown,0.15805353933292535,0.15805353933292535,0.6956666666666667,0.6956666666666667
11,lower_back,126,neck slouch,0.15805353933292535,0.15805353933292535,0.6956666666666667,0.6956666666666667
11,lower_back,127,good+neck slouch,0.15805353933292535,0.15805353933292535,0.6956666666666667,0.6956666666666667
11,lower_back,128,unknown,0.15848377662327412,0.16057908815414787,-8.0475,0.05624999999999997
11,lower_back,129,good+neck slouch,0.16057908815414787,0.16057908815414787,0.05624999999999997,0.05624999999999997
11,lower_back,130,good+neck slouch+shoulder slouch,0.1609813881172779,0.16188097527580084,2.8106666666666666,3.6313333333333335
11,lower_back,131,unknown,0.16227768734719492,0.16227768734719492,1.2952,1.2952
11,lower_back,132,neck slouch,0.16227768734719492,0.16227768734719492,1.2952,1.2952
11,lower_back,133,good+neck slouch,0.16227768734719492,0.16227768734719492,1.2952,1.2952
11,lower_back,134,good+neck slouch+shoulder slouch,0.16227768734719492,0.16227768734719492,1.2952,1.2952
11,lower_back,135,unknown,0.1628140871204132,0.17329623240008532,-3.12,0.029
11,lower_back,136,good+neck slouch,0.17369853209678274,0.17459811925530566,1.0504,1.091
11,lower_back,137,neck slouch,0.1750618814981765,0.1750618814981765,0.77325,0.77325
11,lower_back,138,good+neck slouch,0.1750618814981765,0.1750618814981765,0.77325,0.77325
11,lower_back,139,neck slouch,0.1754585938360032,0.1754585938360032,0.8035,0.8035
11,lower_back,140,good+neck slouch,0.1754585938360032,0.1754585938360032,0.8035,0.8035
11,lower_back,141,neck slouch,0.17596146865669943,0.17596146865669943,0.793,0.793
11,lower_back,142,good+neck slouch,0.17596146865669943,0.1777271177547906,0.793,1.70575
11,lower_back,143,unknown,0.17819087999766145,0.17819087999766145,-0.16299999999999998,-0.16299999999999998
11,lower_back,144,neck slouch,0.17819087999766145,0.17819087999766145,-0.16299999999999998,-0.16299999999999998
11,lower_back,145,good+neck slouch,0.17819087999766145,0.17819087999766145,-0.16299999999999998,-0.16299999999999998
11,lower_back,146,unknown,0.17858759233548815,0.1804202916050561,-1.7622,-0.029000000000000012
11,lower_back,147,neck slouch,0.1804202916050561,0.18085611625427556,-0.029000000000000012,0.9878
11,lower_back,148,good+neck slouch,0.18085611625427556,0.18351576515201898,0.9878,2.7645
11,lower_back,149,good+neck slouch+shoulder slouch,0.18351576515201898,0.18351576515201898,2.7645,2.7645
11,lower_back,150,good+neck slouch,0.18398511502019316,0.18398511502019316,2.3356,2.3356
11,lower_back,151,good+neck slouch+shoulder slouch,0.18398511502019316,0.18398511502019316,2.3356,2.3356
11,lower_back,152,unknown,0.18444887726306397,0.6439534897963304,-13.8264,1.98875
11,lower_back,153,good+neck slouch,0.6439534897963304,0.6439534897963304,1.98875,1.98875
11,lower_back,154,good+neck slouch+shoulder slouch,0.6439534897963304,0.6439534897963304,1.98875,1.98875
11,lower_back,155,good+neck slouch,0.6444172520392012,0.6444172520392012,3.1603333333333334,3.1603333333333334
11,lower_back,156,good+neck slouch+shoulder slouch,0.6444172520392012,0.6444172520392012,3.1603333333333334,3.1603333333333334
11,lower_back,157,neck slouch,0.6448195517358987,0.6448195517358987,1.3898,1.3898
11,lower_back,158,good+neck slouch,0.6448195517358987,0.6453168389312915,1.3898,1.97075
11,lower_back,159,good+neck slouch+shoulder slouch,0.6453168389312915,0.6453168389312915,1.97075,1.97075
11,lower_back,160,unknown,0.6457526638469436,0.6457526638469436,-0.41350000000000003,-0.41350000000000003
11,lower_back,161,neck slouch,0.6457526638469436,0.6457526638469436,-0.41350000000000003,-0.41350000000000003
11,lower_back,162,unknown,0.6462164260898144,1,-12.702,-1.159
11,mid_back,0,unknown,0,1,-9.994,6.2986
11,neck,0,unknown,0,1,-26.5736,6.04525
12,lower_back,0,neck slouch,0,0,0.7416666666666667,0.7416666666666667
12,lower_back,1,good+neck slouch,0,0.0025986219456490965,0.7416666666666667,1.776
12,lower_back,2,unknown,0.003028931366627058,0.003028931366627058,0.3988,0.3988
12,lower_back,3,neck slouch,0.003028931366627058,0.003028931366627058,0.3988,0.3988
12,lower_back,4,good+neck slouch,0.003028931366627058,0.003028931366627058,0.3988,0.3988
12,lower_back,5,unknown,0.003498359656299275,0.003928669077277236,-2.8455,-0.1636
12,lower_back,6,neck slouch,0.003928669077277236,0.003928669077277236,-0.1636,-0.1636
12,lower_back,7,unknown,0.0044651587795974616,0.09179003135894293,-3.627666666666667,-0.104
12,lower_back,8,neck slouch,0.09179003135894293,0.09219239850244443,-0.104,1.0795
12,lower_back,9,good+neck slouch,0.09219239850244443,0.09491955444482603,1.0795,2.4116666666666666
12,lower_back,10,good+neck slouch+shoulder slouch,0.09491955444482603,0.09491955444482603,2.4116666666666666,2.4116666666666666
12,lower_back,11,good+neck slouch,0.09532192158832754,0.09532192158832754,1.4144999999999999,1.4144999999999999
12,lower_back,12,neck slouch,0.0956851698631348,0.09655137726717694,0.41,0.7415
12,lower_back,13,good+neck slouch,0.09655137726717694,0.09655137726717694,0.7415,0.7415
12,lower_back,14,neck slouch,0.09695374441067846,0.09695374441067846,0.64275,0.64275
12,lower_back,15,good+neck slouch,0.09695374441067846,0.09695374441067846,0.64275,0.64275
12,lower_back,16,neck slouch,0.09741758440474177,0.09741758440474177,0.448,0.448
12,lower_back,17,good+neck slouch,0.09784789382571972,0.10001620635039087,1.2633333333333332,2.481
12,lower_back,18,good+neck slouch+shoulder slouch,0.10001620635039087,0.10001620635039087,2.4747500000000002,2.4747500000000002
12,lower_back,19,good+neck slouch,0.10044651577136883,0.10307866829010327,1.4515,2.51175
12,lower_back,20,good+neck slouch+shoulder slouch,0.10307866829010327,0.10484461367127289,2.51175,3.9386666666666668
12,lower_back,21,good+neck slouch,0.10524139225268819,0.10524139225268819,2.7432,2.7432
12,lower_back,22,good+neck slouch+shoulder slouch,0.10524139225268819,0.10524139225268819,2.7432,2.7432
12,lower_back,23,good+neck slouch,0.10573876308631416,0.1094718370206882,1.562,2.443
12,lower_back,24,good+neck slouch+shoulder slouch,0.1094718370206882,0.1112321938397716,2.443,3.14225
12,lower_back,25,neck slouch,0.11166809155635847,0.11166809155635847,1.2536,1.2536
12,lower_back,26,good+neck slouch,0.11166809155635847,0.11253429896040061,1.2536,2.1355
12,lower_back,27,neck slouch,0.11289754723520787,0.11289754723520787,1.13575,1.13575
12,lower_back,28,good+neck slouch,0.11289754723520787,0.11289754723520787,1.13575,1.13575
12,lower_back,29,unknown,0.11333344495179473,0.11333344495179473,0.13566666666666669,0.13566666666666669
12,lower_back,30,neck slouch,0.11333344495179473,0.11333344495179473,0.13566666666666669,0.13566666666666669
12,lower_back,31,unknown,0.1137637543727727,0.1137637543727727,0.151,0.151
12,lower_back,32,neck slouch,0.1137637543727727,0.11416612178275151,0.151,0.59725
12,lower_back,33,good+neck slouch,0.11416612178275151,0.114998798347231,0.59725,0.97225
12,lower_back,34,neck slouch,0.11546263860777162,0.11546263860777162,0.8945714285714286,0.8945714285714286
12,lower_back,35,good+neck slouch,0.11546263860777162,0.11839097798866531,0.8945714285714286,1.3183333333333334
12,lower_back,36,neck slouch,0.11879334513216683,0.11879334513216683,0.8075,0.8075
12,lower_back,37,good+neck slouch,0.11879334513216683,0.11879334513216683,0.8075,0.8075
12,lower_back,38,neck slouch,0.11915659340697408,0.11915659340697408,0.80325,0.80325
12,lower_back,39,good+neck slouch,0.11915659340697408,0.12262142275666532,0.80325,1.69625
12,lower_back,40,neck slouch,0.12308526275072863,0.12308526275072863,0.864,0.864
12,lower_back,41,good+neck slouch,0.12308526275072863,0.12308526275072863,0.864,0.864
12,lower_back,42,unknown,0.12348762989423015,0.12425324531253892,-0.2705,0.13725
12,lower_back,43,neck slouch,0.12425324531253892,0.12425324531253892,0.13725,0.13725
12,lower_back,44,unknown,0.12465002416043153,0.13254089342102596,-0.097,0.16899999999999998
12,lower_back,45,neck slouch,0.1329432605645275,0.13337356998550545,0.2405,0.297
12,lower_back,46,unknown,0.13377593739548427,0.13377593739548427,0.1495,0.1495
12,lower_back,47,neck slouch,0.1342397773895476,0.1360057225042399,0.24180000000000001,0.8295
12,lower_back,48,good+neck slouch,0.1360057225042399,0.13636897077904717,0.8295,0.9816666666666667
12,lower_back,49,neck slouch,0.13677133792254867,0.13677133792254867,0.979,0.979
12,lower_back,50,good+neck slouch,0.13677133792254867,0.13677133792254867,0.979,0.979
12,lower_back,51,neck slouch,0.13730223932926,0.1377046064727615,0.6385,0.641
12,lower_back,52,good+neck slouch,0.13806785474756877,0.1402976398563244,1.0416666666666667,1.6258
12,lower_back,53,neck slouch,0.14070000726630322,0.14070000726630322,0.864,0.864
12,lower_back,54,good+neck slouch,0.14070000726630322,0.14722729828922954,0.864,2.536
12,lower_back,55,good+neck slouch+shoulder slouch,0.14722729828922954,0.14722729828922954,2.536,2.536
12,lower_back,56,good+neck slouch,0.1476576077102075,0.15288279361250484,1.2385,2.503
12,lower_back,57,unknown,0.15328516102248366,0.15328516102248366,0.11399999999999999,0.11399999999999999
12,lower_back,58,neck slouch,0.15328516102248366,0.15371547044346162,0.11399999999999999,0.49833333333333335
12,lower_back,59,good+neck slouch,0.15411783758696312,0.155051106137176,1.2785,1.7358
12,lower_back,60,neck slouch,0.15548141555815392,0.15548141555815392,0.6402,0.6402
12,lower_back,61,good+neck slouch,0.15548141555815392,0.15674440181008867,0.6402,1.52325
12,lower_back,62,neck slouch,0.15718029952667553,0.15718029952667553,1.0273333333333332,1.0273333333333332
12,lower_back,63,good+neck slouch,0.15718029952667553,0.15718029952667553,1.0273333333333332,1.0273333333333332
12,lower_back,64,unknown,0.15757707837456816,0.15757707837456816,-0.2415,-0.2415
12,lower_back,65,neck slouch,0.15757707837456816,0.15757707837456816,-0.2415,-0.2415
12,lower_back,66,unknown,0.15797944578454698,0.16277432226586636,-1.031,0.19233333333333333
12,lower_back,67,neck slouch,0.16277432226586636,0.16317110111375896,0.19233333333333333,0.5315
12,lower_back,68,good+neck slouch,0.16317110111375896,0.16357346825726046,0.5315,1.7723333333333333
12,lower_back,69,good+neck slouch+shoulder slouch,0.1639702471051531,0.16486998508228057,3.4948,5.41625
12,lower_back,70,shoulder slouch,0.16486998508228057,0.16486998508228057,5.41625,5.41625
12,lower_back,71,good+neck slouch+shoulder slouch,0.1652723522257821,0.1652723522257821,4.935499999999999,4.935499999999999
12,lower_back,72,neck slouch+shoulder slouch,0.1652723522257821,0.1652723522257821,4.935499999999999,4.935499999999999
12,lower_back,73,shoulder slouch,0.1652723522257821,0.1652723522257821,4.935499999999999,4.935499999999999
12,lower_back,74,good+neck slouch+shoulder slouch,0.1656691310736747,0.16607149848365352,4.281,4.792
12,lower_back,75,neck slouch+shoulder slouch,0.16607149848365352,0.16607149848365352,4.792,4.792
12,lower_back,76,good+neck slouch,0.16643474649198348,0.16643474649198348,3.1488,3.1488
12,lower_back,77,good+neck slouch+shoulder slouch,0.16643474649198348,0.16643474649198348,3.1488,3.1488
12,lower_back,78,good+neck slouch,0.1668985867525241,0.1668985867525241,2.3085,2.3085
12,lower_back,79,neck slouch,0.1673680150421963,0.1673680150421963,0.91875,0.91875
12,lower_back,80,good+neck slouch,0.1673680150421963,0.1673680150421963,0.91875,0.91875
12,lower_back,81,unknown,0.16779832446317428,0.17895283910199322,-1.86225,0.199
12,lower_back,82,neck slouch,0.17895283910199322,0.18634633752896168,0.199,0.7803333333333333
12,lower_back,83,good+neck slouch,0.18634633752896168,0.1909735611448543,0.7803333333333333,0.895
12,lower_back,84,neck slouch,0.19133680941966155,0.19133680941966155,0.8185,0.8185
12,lower_back,85,good+neck slouch,0.19133680941966155,0.19133680941966155,0.8185,0.8185
12,lower_back,86,neck slouch,0.19173917656316308,0.1921359554110557,0.7343333333333334,0.7878000000000001
12,lower_back,87,good+neck slouch,0.1921359554110557,0.20329047004987463,0.7878000000000001,1.3933333333333333
12,lower_back,88,unknown,0.20369283719337616,0.20369283719337616,0.23075,0.23075
12,lower_back,89,neck slouch,0.20369283719337616,0.20369283719337616,0.23075,0.23075
12,lower_back,90,unknown,0.20412314661435413,0.21114780847090642,-0.5456666666666667,0.198
12,lower_back,91,neck slouch,0.21114780847090642,0.21114780847090642,0.198,0.198
12,lower_back,92,unknown,0.2115837064539706,0.21201401587494856,-0.039749999999999994,0.59325
12,lower_back,93,neck slouch,0.21201401587494856,0.21201401587494856,0.59325,0.59325
12,lower_back,94,good+neck slouch,0.21201401587494856,0.21247785586901186,0.59325,2.4532
12,lower_back,95,good+neck slouch+shoulder slouch,0.21247785586901186,0.21337759357966204,2.4532,4.0924
12,lower_back,96,neck slouch+shoulder slouch,0.21384702213581155,0.21384702213581155,5.084666666666667,5.084666666666667
12,lower_back,97,shoulder slouch,0.21424380098370419,0.21547884495816247,5.46975,5.603
12,lower_back,98,neck slouch+shoulder slouch,0.2158756238060551,0.2158756238060551,5.041,5.041
12,lower_back,99,good+neck slouch,0.2162779909495566,0.2162779909495566,3.1114,3.1114
12,lower_back,100,good+neck slouch+shoulder slouch,0.2162779909495566,0.2162779909495566,3.1114,3.1114
12,lower_back,101,good+neck slouch,0.2167418309436199,0.21717214063107518,1.6522,2.007
12,lower_back,102,neck slouch,0.2176415689207474,0.21854130689787488,0.3655,1.074
12,lower_back,103,good+neck slouch,0.21854130689787488,0.22703013844487405,1.074,2.627666666666667
12,lower_back,104,good+neck slouch+shoulder slouch,0.22703013844487405,0.24963535458467118,2.62,3.20925
12,lower_back,105,good+neck slouch,0.2500321334325638,0.2500321334325638,2.639,2.639
12,lower_back,106,good+neck slouch+shoulder slouch,0.2500321334325638,0.2500321334325638,2.639,2.639
12,lower_back,107,good+neck slouch,0.2505015619887133,0.2505015619887133,1.5143333333333333,1.5143333333333333
12,lower_back,108,neck slouch,0.25089834083660595,0.25089834083660595,0.768,0.768
12,lower_back,109,good+neck slouch,0.25089834083660595,0.25089834083660595,0.768,0.768
12,lower_back,110,neck slouch,0.2514012999658408,0.25233456824957634,0.7106666666666667,0.794
12,lower_back,111,good+neck slouch,0.25233456824957634,0.27507390694819217,0.794,2.5828
12,lower_back,112,good+neck slouch+shoulder slouch,0.27507390694819217,0.27643748491938297,2.5828,2.6163333333333334
12,lower_back,113,good+neck slouch,0.2768342637672756,0.27780106289057377,2.35,2.5853333333333333
12,lower_back,114,good+neck slouch+shoulder slouch,0.27780106289057377,0.27780106289057377,2.5853333333333333,2.5853333333333333
12,lower_back,115,unknown,0.2782034300340753,0.2782034300340753,1.3578000000000001,1.3578000000000001
12,lower_back,116,good+neck slouch,0.2782034300340753,0.2782034300340753,1.3578000000000001,1.3578000000000001
12,lower_back,117,good+neck slouch+shoulder slouch,0.2782034300340753,0.2782034300340753,1.3578000000000001,1.3578000000000001
12,lower_back,118,unknown,0.2786672702946159,0.2786672702946159,-0.108,-0.108
12,lower_back,119,neck slouch,0.27906404914250854,0.27906404914250854,0.49879999999999997,0.49879999999999997
12,lower_back,120,good+neck slouch,0.2795670080052661,0.2804332154093082,1.1186666666666667,2.1148000000000002
12,lower_back,121,good+neck slouch+shoulder slouch,0.28089705540337156,0.28219357222839164,2.6846666666666668,2.9444
12,lower_back,122,good+neck slouch,0.2826965313576265,0.28532309531427474,2.4772499999999997,2.5752
12,lower_back,123,good+neck slouch+shoulder slouch,0.28532309531427474,0.28532309531427474,2.5752,2.5752
12,lower_back,124,good+neck slouch,0.2858260544435096,0.28669226158107447,2.530666666666667,2.59275
12,lower_back,125,good+neck slouch+shoulder slouch,0.28669226158107447,0.2884861489732432,2.59275,2.64
12,lower_back,126,good+neck slouch,0.2889555775293927,0.29964066361206215,2.17525,2.4496000000000002
12,lower_back,127,good+neck slouch+shoulder slouch,0.29964066361206215,0.3018704489872951,2.395,2.8205
12,lower_back,128,good+neck slouch,0.3023398772769673,0.3023398772769673,2.61175,2.61175
12,lower_back,129,good+neck slouch+shoulder slouch,0.3023398772769673,0.3023398772769673,2.61175,2.61175
12,lower_back,130,good+neck slouch,0.30277018669794525,0.3197534383540298,2.166,2.568
12,lower_back,131,good+neck slouch+shoulder slouch,0.3197534383540298,0.32055258434542394,2.4705,4.123333333333333
12,lower_back,132,neck slouch+shoulder slouch,0.32055258434542394,0.32055258434542394,4.123333333333333,4.123333333333333
12,lower_back,133,shoulder slouch,0.3209828937664019,0.3214132031873798,5.86675,5.99875
12,lower_back,134,good+neck slouch+shoulder slouch,0.32181557059735866,0.32181557059735866,4.687333333333333,4.687333333333333
12,lower_back,135,neck slouch+shoulder slouch,0.32181557059735866,0.32181557059735866,4.687333333333333,4.687333333333333
12,lower_back,136,good+neck slouch+shoulder slouch,0.32221234917877395,0.34009533854550866,2.7275,4.963
12,lower_back,137,neck slouch+shoulder slouch,0.34009533854550866,0.34009533854550866,4.963,4.963
12,lower_back,138,shoulder slouch,0.34009533854550866,0.34282249448789026,4.963,7.06825
12,lower_back,139,good+neck slouch+shoulder slouch,0.34322486189786905,0.34322486189786905,4.28875,4.28875
12,lower_back,140,neck slouch+shoulder slouch,0.34322486189786905,0.34322486189786905,4.28875,4.28875
12,lower_back,141,good+neck slouch+shoulder slouch,0.34358810990619904,0.3439904773161779,3.4203333333333332,3.69275
12,lower_back,142,good+neck slouch,0.34438725616407045,0.34438725616407045,2.7703333333333333,2.7703333333333333
12,lower_back,143,good+neck slouch+shoulder slouch,0.34438725616407045,0.35780508648473036,2.7703333333333333,4.804666666666667
12,lower_back,144,neck slouch+shoulder slouch,0.35780508648473036,0.35780508648473036,4.804666666666667,4.804666666666667
12,lower_back,145,good+neck slouch+shoulder slouch,0.3582074538947092,0.3582074538947092,4.72275,4.72275
12,lower_back,146,neck slouch+shoulder slouch,0.3582074538947092,0.3582074538947092,4.72275,4.72275
12,lower_back,147,good+neck slouch+shoulder slouch,0.3586712938887725,0.3595710318659,4.530333333333333,4.958
12,lower_back,148,shoulder slouch,0.3595710318659,0.3595710318659,4.958,4.958
12,lower_back,149,neck slouch+shoulder slouch,0.3600348718599633,0.3600348718599633,5.24475,5.24475
12,lower_back,150,shoulder slouch,0.3600348718599633,0.3600348718599633,5.24475,5.24475
12,lower_back,151,good+neck slouch+shoulder slouch,0.36047076957655017,0.3792143777852408,4.08275,4.703749999999999
12,lower_back,152,neck slouch+shoulder slouch,0.3792143777852408,0.3792143777852408,4.6732499999999995,4.6732499999999995
12,lower_back,153,good+neck slouch+shoulder slouch,0.3795776260600481,0.3795776260600481,4.735333333333333,4.735333333333333
12,lower_back,154,neck slouch+shoulder slouch,0.3795776260600481,0.3795776260600481,4.735333333333333,4.735333333333333
12,lower_back,155,good+neck slouch+shoulder slouch,0.37997999347002687,0.3824109622837719,4.467666666666667,4.80525
12,lower_back,156,neck slouch+shoulder slouch,0.3824109622837719,0.39263220837237806,4.80525,5.037333333333334
12,lower_back,157,good+neck slouch+shoulder slouch,0.39309604836644135,0.39309604836644135,5.1878,5.1878
12,lower_back,158,neck slouch+shoulder slouch,0.39309604836644135,0.39309604836644135,5.1878,5.1878
12,lower_back,159,shoulder slouch,0.39309604836644135,0.39399578634356885,5.1878,6.82125
12,lower_back,160,neck slouch+shoulder slouch,0.39439256519146143,0.39439256519146143,5.82975,5.82975
12,lower_back,161,shoulder slouch,0.39439256519146143,0.39479493233496293,5.7915,5.82975
12,lower_back,162,good+neck slouch+shoulder slouch,0.3952252417559409,0.3952252417559409,4.933,4.933
12,lower_back,163,shoulder slouch,0.3952252417559409,0.3952252417559409,4.933,4.933
12,lower_back,164,good+neck slouch+shoulder slouch,0.3956276091659197,0.398254173122568,3.3288,4.59775
12,lower_back,165,neck slouch+shoulder slouch,0.398254173122568,0.398254173122568,4.59775,4.59775
12,lower_back,166,good+neck slouch+shoulder slouch,0.39875713225180287,0.39875713225180287,4.812,4.812
12,lower_back,167,neck slouch+shoulder slouch,0.39875713225180287,0.39875713225180287,4.812,4.812
12,lower_back,168,good+neck slouch+shoulder slouch,0.39915391109969545,0.39915391109969545,3.5573333333333332,3.5573333333333332
12,lower_back,169,good+neck slouch,0.39955627824319695,0.4003218936615057,2.2455,2.626
12,lower_back,170,good+neck slouch+shoulder slouch,0.4003218936615057,0.40658094009974927,2.626,4.3975
12,lower_back,171,good+neck slouch,0.4069777189476419,0.4069777189476419,2.63975,2.63975
12,lower_back,172,good+neck slouch+shoulder slouch,0.4069777189476419,0.4078774569247694,2.63975,3.2376666666666667
12,lower_back,173,good+neck slouch,0.4082798240682709,0.4082798240682709,2.78775,2.78775
12,lower_back,174,good+neck slouch+shoulder slouch,0.4082798240682709,0.4082798240682709,2.78775,2.78775
12,lower_back,175,good+neck slouch,0.4087436640623342,0.4087436640623342,2.4576,2.4576
12,lower_back,176,good+neck slouch+shoulder slouch,0.4087436640623342,0.4092130926184837,2.4576,2.6166666666666667
12,lower_back,177,good+neck slouch,0.4096434020394617,0.42842054082123765,1.9923333333333333,2.5816666666666666
12,lower_back,178,good+neck slouch+shoulder slouch,0.42888438081530095,0.4311197544861428,2.778,3.0763333333333334
12,lower_back,179,good+neck slouch,0.43155006390712075,0.43155006390712075,2.6642,2.6642
12,lower_back,180,good+neck slouch+shoulder slouch,0.43155006390712075,0.43155006390712075,2.6642,2.6642
12,lower_back,181,good+neck slouch,0.43201390390118405,0.4324162713111629,2.263333333333333,2.57225
12,lower_back,182,good+neck slouch+shoulder slouch,0.4324162713111629,0.4438669728121411,2.57225,3.4953333333333334
12,lower_back,183,good+neck slouch,0.44426934022211995,0.44426934022211995,2.74525,2.74525
12,lower_back,184,good+neck slouch+shoulder slouch,0.44426934022211995,0.44426934022211995,2.74525,2.74525
12,lower_back,185,good+neck slouch,0.44473318021618324,0.44473318021618324,2.4892,2.4892
12,lower_back,186,good+neck slouch+shoulder slouch,0.44520260877233275,0.44609675818737404,2.929666666666667,3.1376
12,lower_back,187,good+neck slouch,0.44656618647704627,0.44656618647704627,2.63825,2.63825
12,lower_back,188,good+neck slouch+shoulder slouch,0.44656618647704627,0.44656618647704627,2.63825,2.63825
12,lower_back,189,good+neck slouch,0.4469964961645015,0.457251272826193,1.6908,2.5416666666666665
12,lower_back,190,good+neck slouch+shoulder slouch,0.457251272826193,0.45862043909299266,2.4742,3.1608
12,lower_back,191,good+neck slouch,0.4590172179408853,0.4590172179408853,2.73125,2.73125
12,lower_back,192,good+neck slouch+shoulder slouch,0.4590172179408853,0.4590172179408853,2.73125,2.73125
12,lower_back,193,good+neck slouch,0.4594195850843868,0.4594195850843868,2.50175,2.50175
12,lower_back,194,good+neck slouch+shoulder slouch,0.4594195850843868,0.4594195850843868,2.50175,2.50175
12,lower_back,195,good+neck slouch,0.45984989477184207,0.45984989477184207,2.52125,2.52125
12,lower_back,196,good+neck slouch+shoulder slouch,0.45984989477184207,0.45984989477184207,2.52125,2.52125
12,lower_back,197,good+neck slouch,0.46028020419282006,0.46840578746501194,2.023,2.46075
12,lower_back,198,good+neck slouch+shoulder slouch,0.46880815460851344,0.469635242877384,3.14475,4.46175
12,lower_back,199,neck slouch+shoulder slouch,0.4700376100208855,0.4700376100208855,5.048,5.048
12,lower_back,200,good+neck slouch+shoulder slouch,0.4704679197083408,0.4783252581293726,3.253,4.731
12,lower_back,201,neck slouch+shoulder slouch,0.4783252581293726,0.4783252581293726,4.731,4.731
12,lower_back,202,good+neck slouch+shoulder slouch,0.47876115584595946,0.47876115584595946,4.854,4.854
12,lower_back,203,neck slouch+shoulder slouch,0.47876115584595946,0.47876115584595946,4.854,4.854
12,lower_back,204,good+neck slouch+shoulder slouch,0.47915793469385204,0.47915793469385204,5.0878000000000005,5.0878000000000005
12,lower_back,205,neck slouch+shoulder slouch,0.47915793469385204,0.47915793469385204,5.0878000000000005,5.0878000000000005
12,lower_back,206,shoulder slouch,0.47915793469385204,0.4796273632500016,5.0878000000000005,5.393
12,lower_back,207,neck slouch+shoulder slouch,0.4800912032440649,0.4800912032440649,5.1305,5.1305
12,lower_back,208,shoulder slouch,0.4800912032440649,0.4800912032440649,5.1305,5.1305
12,lower_back,209,good+neck slouch+shoulder slouch,0.48052710122712905,0.48052710122712905,4.841333333333333,4.841333333333333
12,lower_back,210,neck slouch+shoulder slouch,0.48052710122712905,0.48052710122712905,4.841333333333333,4.841333333333333
12,lower_back,211,good+neck slouch+shoulder slouch,0.48092387980854434,0.48209186263683196,4.237,4.578
12,lower_back,212,neck slouch+shoulder slouch,0.48209186263683196,0.4830195426249586,4.578,5.33675
12,lower_back,213,shoulder slouch,0.4830195426249586,0.4830195426249586,5.33675,5.33675
12,lower_back,214,good+neck slouch+shoulder slouch,0.48345544060802276,0.48345544060802276,4.94275,4.94275
12,lower_back,215,neck slouch+shoulder slouch,0.48345544060802276,0.48345544060802276,4.94275,4.94275
12,lower_back,216,good+neck slouch+shoulder slouch,0.48391928060208605,0.49683974035559736,3.05025,4.876
12,lower_back,217,neck slouch+shoulder slouch,0.49683974035559736,0.49683974035559736,4.876,4.876
12,lower_back,218,good+neck slouch+shoulder slouch,0.4972700497765753,0.4972700497765753,4.5144,4.5144
12,lower_back,219,neck slouch+shoulder slouch,0.4977394783327248,0.4977394783327248,5.011333333333333,5.011333333333333
12,lower_back,220,shoulder slouch,0.4977394783327248,0.4977394783327248,5.011333333333333,5.011333333333333
12,lower_back,221,neck slouch+shoulder slouch,0.49813625718061744,0.49813625718061744,5.48925,5.48925
12,lower_back,222,shoulder slouch,0.49813625718061744,0.49813625718061744,5.48925,5.48925
12,lower_back,223,good+neck slouch+shoulder slouch,0.49860568573676695,0.49860568573676695,4.989,4.989
12,lower_back,224,shoulder slouch,0.49860568573676695,0.49860568573676695,4.989,4.989
12,lower_back,225,good+neck slouch+shoulder slouch,0.49903599515774494,0.49996926370795775,3.7736666666666667,4.293
12,lower_back,226,good+neck slouch,0.5003995731289357,0.5003995731289357,2.5036,2.5036
12,lower_back,227,good+neck slouch+shoulder slouch,0.5003995731289357,0.5003995731289357,2.5036,2.5036
12,lower_back,228,good+neck slouch,0.5008690014186079,0.5012657802665006,1.996,2.4965
12,lower_back,229,good+neck slouch+shoulder slouch,0.5012657802665006,0.5012657802665006,2.4965,2.4965
12,lower_back,230,good+neck slouch,0.5017352088226501,0.502165518243628,1.82775,1.87175
12,lower_back,231,neck slouch,0.5026293582376914,0.5026293582376914,1.5216,1.5216
12,lower_back,232,good+neck slouch,0.5026293582376914,0.5026293582376914,1.5216,1.5216
12,lower_back,233,unknown,0.5030987867938409,0.5030987867938409,-0.40299999999999997,-0.40299999999999997
12,lower_back,234,neck slouch,0.5035290962148188,0.5035290962148188,1.2348,1.2348
12,lower_back,235,good+neck slouch,0.5035290962148188,0.504926204759095,1.2348,2.2205
12,lower_back,236,good+neck slouch+shoulder slouch,0.5053621024756818,0.5053621024756818,2.7813333333333334,2.7813333333333334
12,lower_back,237,good+neck slouch,0.5057588813235745,0.5057588813235745,2.6728,2.6728
12,lower_back,238,good+neck slouch+shoulder slouch,0.5057588813235745,0.5057588813235745,2.6728,2.6728
12,lower_back,239,good+neck slouch,0.506228309879724,0.506228309879724,2.723,2.723
12,lower_back,240,good+neck slouch+shoulder slouch,0.506228309879724,0.5093578329656071,2.723,4.53725
12,lower_back,241,good+neck slouch,0.5097881423865851,0.5097881423865851,1.8908,1.8908
12,lower_back,242,good+neck slouch+shoulder slouch,0.5097881423865851,0.5097881423865851,1.8908,1.8908
12,lower_back,243,good+neck slouch,0.5102575709427346,0.5111237783467767,1.2306666666666666,2.435
12,lower_back,244,good+neck slouch+shoulder slouch,0.5111237783467767,0.5428493191595404,2.435,3.78625
12,lower_back,245,good+neck slouch,0.5433187474492126,0.5433187474492126,2.4796,2.4796
12,lower_back,246,good+neck slouch+shoulder slouch,0.5433187474492126,0.5433187474492126,2.4796,2.4796
12,lower_back,247,good+neck slouch,0.5437825874432759,0.5647559810271995,1.855,3.0295
12,lower_back,248,good+neck slouch+shoulder slouch,0.5647559810271995,0.565225409583349,3.0295,5.7534
12,lower_back,249,shoulder slouch,0.565225409583349,0.5656892495774123,5.7534,7.39
12,lower_back,250,neck slouch+shoulder slouch,0.5660916167209138,0.5660916167209138,6.1654,6.1654
12,lower_back,251,shoulder slouch,0.5660916167209138,0.5660916167209138,6.1654,6.1654
12,lower_back,252,good+neck slouch+shoulder slouch,0.5665889875545398,0.5782073421874221,2.6716666666666664,4.652666666666667
12,lower_back,253,good+neck slouch,0.5786097093309236,0.5786097093309236,2.6772,2.6772
12,lower_back,254,good+neck slouch+shoulder slouch,0.5786097093309236,0.5786097093309236,2.6772,2.6772
12,lower_back,255,good+neck slouch,0.5791070798980722,0.5791070798980722,2.5805,2.5805
12,lower_back,256,good+neck slouch+shoulder slouch,0.5791070798980722,0.5844663883591883,2.5805,4.963666666666667
12,lower_back,257,neck slouch+shoulder slouch,0.5844663883591883,0.5844663883591883,4.963666666666667,4.963666666666667
12,lower_back,258,shoulder slouch,0.5844663883591883,0.5853661263363158,4.963666666666667,5.3613333333333335
12,lower_back,259,neck slouch+shoulder slouch,0.5857629051842084,0.5857629051842084,4.93,4.93
12,lower_back,260,good+neck slouch+shoulder slouch,0.5862323334738806,0.6490910411086122,2.848,4.757
12,lower_back,261,good+neck slouch,0.64952135052959,0.64952135052959,2.741,2.741
12,lower_back,262,good+neck slouch+shoulder slouch,0.64952135052959,0.64952135052959,2.741,2.741
12,lower_back,263,good+neck slouch,0.6499237179395689,0.6499237179395689,2.64075,2.64075
12,lower_back,264,good+neck slouch+shoulder slouch,0.6499237179395689,0.6503204967874615,2.64075,3.01725
12,lower_back,265,good+neck slouch,0.650722863930963,0.650722863930963,2.618333333333333,2.618333333333333
12,lower_back,266,good+neck slouch+shoulder slouch,0.650722863930963,0.7013596660843213,2.618333333333333,3.71
12,lower_back,267,good+neck slouch,0.7018235060783847,0.7018235060783847,2.534,2.534
12,lower_back,268,good+neck slouch+shoulder slouch,0.7018235060783847,0.7018235060783847,2.534,2.534
12,lower_back,269,good+neck slouch,0.7022258732218862,0.7022258732218862,2.5625,2.5625
12,lower_back,270,good+neck slouch+shoulder slouch,0.7026226520697788,0.7250322733331501,2.62025,4.585
12,lower_back,271,good+neck slouch,0.7254961133272134,0.7663810976816379,0.8823333333333333,2.711
12,lower_back,272,good+neck slouch+shoulder slouch,0.7663810976816379,0.7729083887045641,2.711,4.083
12,lower_back,273,good+neck slouch,0.7733386981255421,0.7733386981255421,2.6708,2.6708
12,lower_back,274,good+neck slouch+shoulder slouch,0.7733386981255421,0.7733386981255421,2.6708,2.6708
12,lower_back,275,good+neck slouch,0.7738081266816916,0.7738081266816916,2.4793333333333334,2.4793333333333334
12,lower_back,276,good+neck slouch+shoulder slouch,0.7738081266816916,0.7742049055295842,2.4793333333333334,3.08025
12,lower_back,277,good+neck slouch,0.7746743340857338,0.7746743340857338,2.19475,2.19475
12,lower_back,278,good+neck slouch+shoulder slouch,0.7746743340857338,0.7746743340857338,2.19475,2.19475
12,lower_back,279,good+neck slouch,0.7751046435067117,0.7751046435067117,0.8405,0.8405
12,lower_back,280,unknown,0.775568483500775,0.775568483500775,-1.3412,-1.3412
12,lower_back,281,neck slouch,0.775568483500775,0.775568483500775,-1.3412,-1.3412
12,lower_back,282,unknown,0.7760379120569246,0.7773344286154674,-3.5576666666666665,0.386
12,lower_back,283,neck slouch,0.7773344286154674,0.7773344286154674,0.386,0.386
12,lower_back,284,good+neck slouch,0.7773344286154674,0.7778038571716169,0.386,1.0465
12,lower_back,285,neck slouch,0.7782341665925948,0.7782341665925948,0.57,0.57
12,lower_back,286,unknown,0.7786980065866582,0.7786980065866582,-0.3274,-0.3274
12,lower_back,287,neck slouch,0.7791674351428077,0.7791674351428077,1.3045,1.3045
12,lower_back,288,good+neck slouch,0.7791674351428077,0.7840629033433831,1.075,2.0693333333333332
12,lower_back,289,unknown,0.7844932127643611,0.7844932127643611,-0.31980000000000003,-0.31980000000000003
12,lower_back,290,neck slouch,0.7844932127643611,0.7844932127643611,-0.31980000000000003,-0.31980000000000003
12,lower_back,291,unknown,0.7850241141710724,0.7850241141710724,-0.2922,-0.2922
12,lower_back,292,neck slouch,0.7850241141710724,0.7948150508387005,-0.2922,0.65375
12,lower_back,293,unknown,0.7952453602596785,0.7952453602596785,0.2265,0.2265
12,lower_back,294,neck slouch,0.7952453602596785,0.795714788815828,0.2265,0.791
12,lower_back,295,good+neck slouch,0.795714788815828,0.7965809959533928,0.791,1.1406
12,lower_back,296,neck slouch,0.7970448359474561,0.7970448359474561,0.5216666666666666,0.5216666666666666
12,lower_back,297,good+neck slouch,0.7970448359474561,0.7970448359474561,0.5216666666666666,0.5216666666666666
12,lower_back,298,unknown,0.7974751453684341,0.7974751453684341,0.13720000000000002,0.13720000000000002
12,lower_back,299,neck slouch,0.7974751453684341,0.7974751453684341,0.13720000000000002,0.13720000000000002
12,lower_back,300,unknown,0.7979445739245836,0.7979445739245836,0.293,0.293
12,lower_back,301,neck slouch,0.7979445739245836,0.7983748833455616,0.293,0.692
12,lower_back,302,good+neck slouch,0.7983748833455616,0.8117591830931362,0.692,1.8634000000000002
12,lower_back,303,unknown,0.8122286116492857,0.8122286116492857,0.261,0.261
12,lower_back,304,good+neck slouch,0.8122286116492857,0.8122286116492857,0.261,0.261
12,lower_back,305,unknown,0.8126589210702637,0.8131283496264132,-0.50375,0.8952
12,lower_back,306,neck slouch,0.8131283496264132,0.8131283496264132,0.8952,0.8952
12,lower_back,307,good+neck slouch,0.8131283496264132,0.8185547192336999,0.7983333333333333,1.3705
12,lower_back,308,neck slouch,0.8189179675085072,0.8189179675085072,0.7845,0.7845
12,lower_back,309,good+neck slouch,0.8189179675085072,0.8189179675085072,0.7845,0.7845
12,lower_back,310,neck slouch,0.8193873957981794,0.8198512357922427,0.765,0.9266666666666666
12,lower_back,311,good+neck slouch,0.8198512357922427,0.835700035193125,0.9266666666666666,1.40475
12,lower_back,312,neck slouch,0.836130344614103,0.836130344614103,0.986,0.986
12,lower_back,313,good+neck slouch,0.836130344614103,0.836130344614103,0.986,0.986
12,lower_back,314,neck slouch,0.8365997731702525,0.8365997731702525,1.1502000000000001,1.1502000000000001
12,lower_back,315,good+neck slouch,0.8365997731702525,0.8365997731702525,1.1502000000000001,1.1502000000000001
12,lower_back,316,good+neck slouch+shoulder slouch,0.8370636131643158,0.8370636131643158,3.968,3.968
12,lower_back,317,neck slouch+shoulder slouch,0.8370636131643158,0.8370636131643158,3.968,3.968
12,lower_back,318,shoulder slouch,0.8374939225852938,0.8374939225852938,7.3136,7.3136
12,lower_back,319,lumbar slouch,0.8379633511414433,0.8387624971328375,13.086,18.00375
12,lower_back,320,shoulder slouch,0.8391928065538153,0.8391928065538153,9.111333333333333,9.111333333333333
12,lower_back,321,unknown,0.8391928065538153,0.8391928065538153,9.111333333333333,9.111333333333333
12,lower_back,322,lumbar slouch,0.8391928065538153,0.8391928065538153,9.111333333333333,9.111333333333333
12,lower_back,323,shoulder slouch,0.8395951739637942,0.8780156589313882,5.654333333333334,8.05725
12,lower_back,324,good+neck slouch+shoulder slouch,0.8783789069397182,0.8783789069397182,4.8685,4.8685
12,lower_back,325,neck slouch+shoulder slouch,0.8783789069397182,0.8783789069397182,4.8685,4.8685
12,lower_back,326,good+neck slouch+shoulder slouch,0.8788483354958677,0.8788483354958677,4.9208,4.9208
12,lower_back,327,neck slouch+shoulder slouch,0.8788483354958677,0.8806086923149512,4.9208,5.41625
12,lower_back,328,shoulder slouch,0.8806086923149512,0.8867392044899849,5.41625,6.1825
12,lower_back,329,neck slouch+shoulder slouch,0.8871359833378775,0.8871359833378775,5.365,5.365
12,lower_back,330,shoulder slouch,0.8871359833378775,0.8871359833378775,5.365,5.365
12,lower_back,331,good+neck slouch+shoulder slouch,0.8875383507478563,0.8875383507478563,4.9315,4.9315
12,lower_back,332,neck slouch+shoulder slouch,0.8875383507478563,0.8914334892520482,4.9315,5.057333333333333
12,lower_back,333,good+neck slouch+shoulder slouch,0.8918302680999408,0.8918302680999408,4.918333333333334,4.918333333333334
12,lower_back,334,neck slouch+shoulder slouch,0.8918302680999408,0.8918302680999408,4.918333333333334,4.918333333333334
12,lower_back,335,good+neck slouch+shoulder slouch,0.8922326352434423,0.8925958835182496,3.3616666666666664,3.9165
12,lower_back,336,good+neck slouch,0.8929982509282284,0.8929982509282284,2.994,2.994
12,lower_back,337,good+neck slouch+shoulder slouch,0.8929982509282284,0.8929982509282284,2.994,2.994
12,lower_back,338,good+neck slouch,0.8933950297761211,0.8937973969196226,2.298,2.9156
12,lower_back,339,good+neck slouch+shoulder slouch,0.8937973969196226,0.9208957143829709,2.882,4.4656666666666665
12,lower_back,340,neck slouch+shoulder slouch,0.9213316120995577,0.9213316120995577,5.145333333333333,5.145333333333333
12,lower_back,341,shoulder slouch,0.9213316120995577,0.9226616594976632,5.145333333333333,5.7404
12,lower_back,342,neck slouch+shoulder slouch,0.9231254994917265,0.9231254994917265,5.225666666666666,5.225666666666666
12,lower_back,343,shoulder slouch,0.9231254994917265,0.9231254994917265,5.225666666666666,5.225666666666666
12,lower_back,344,neck slouch+shoulder slouch,0.923527866635228,0.9305525284917804,5.062,5.18025
12,lower_back,345,good+neck slouch+shoulder slouch,0.930949307339673,0.930949307339673,4.843,4.843
12,lower_back,346,neck slouch+shoulder slouch,0.930949307339673,0.930949307339673,4.843,4.843
12,lower_back,347,good+neck slouch+shoulder slouch,0.9313516744831745,0.9356435921017363,3.6105,4.738666666666666
12,lower_back,348,neck slouch+shoulder slouch,0.9356435921017363,0.9360459592452378,4.738666666666666,5.6242
12,lower_back,349,shoulder slouch,0.9360459592452378,0.9369456972223653,5.6242,6.123
12,lower_back,350,neck slouch+shoulder slouch,0.9374095372164286,0.9374095372164286,5.226,5.226
12,lower_back,351,shoulder slouch,0.9374095372164286,0.9374095372164286,5.226,5.226
12,lower_back,352,neck slouch+shoulder slouch,0.9378733772104919,0.9378733772104919,5.0793333333333335,5.0793333333333335
12,lower_back,353,good+neck slouch+shoulder slouch,0.9383092751935561,0.9383092751935561,4.731,4.731
12,lower_back,354,neck slouch+shoulder slouch,0.9383092751935561,0.9383092751935561,4.731,4.731
12,lower_back,355,good+neck slouch+shoulder slouch,0.9387060540414487,0.9387060540414487,5.397,5.397
12,lower_back,356,neck slouch+shoulder slouch,0.9387060540414487,0.9387060540414487,5.397,5.397
12,lower_back,357,shoulder slouch,0.9387060540414487,0.939941098015907,5.397,6.5175
12,lower_back,358,neck slouch+shoulder slouch,0.9403378768637995,0.9403378768637995,5.15825,5.15825
12,lower_back,359,good+neck slouch+shoulder slouch,0.9407737745803865,0.9438697670931842,3.1992,4.414000000000001
12,lower_back,360,good+neck slouch,0.9443671379268102,0.9443671379268102,2.4263333333333335,2.4263333333333335
12,lower_back,361,good+neck slouch+shoulder slouch,0.9443671379268102,0.9443671379268102,2.4263333333333335,2.4263333333333335
12,lower_back,362,good+neck slouch,0.9447695050703117,0.9456971850584384,2.36875,2.582
12,lower_back,363,good+neck slouch+shoulder slouch,0.9456971850584384,0.9456971850584384,2.582,2.582
12,lower_back,364,good+neck slouch,0.9461666136145879,0.9461666136145879,2.487,2.487
12,lower_back,365,good+neck slouch+shoulder slouch,0.9461666136145879,0.9461666136145879,2.487,2.487
12,lower_back,366,good+neck slouch,0.9466304536086512,0.9466304536086512,2.52125,2.52125
12,lower_back,367,good+neck slouch+shoulder slouch,0.9466304536086512,0.9466304536086512,2.52125,2.52125
12,lower_back,368,good+neck slouch,0.9470663515917154,0.9470663515917154,2.59675,2.59675
12,lower_back,369,good+neck slouch+shoulder slouch,0.9470663515917154,0.9470663515917154,2.59675,2.59675
12,lower_back,370,good+neck slouch,0.9474966610126933,0.9474966610126933,2.5323333333333333,2.5323333333333333
12,lower_back,371,good+neck slouch+shoulder slouch,0.9478990281561948,0.9530571529123214,2.759666666666667,5.3514
12,lower_back,372,neck slouch+shoulder slouch,0.9530571529123214,0.9530571529123214,5.3514,5.3514
12,lower_back,373,shoulder slouch,0.9530571529123214,0.9544207308835122,5.3514,8.787333333333333
12,lower_back,374,unknown,0.9544207308835122,0.9544207308835122,8.787333333333333,8.787333333333333
12,lower_back,375,shoulder slouch,0.9548230980270137,0.9567511079780012,8.754750000000001,8.82075
12,lower_back,376,unknown,0.9567511079780012,0.9567511079780012,8.778,8.778
12,lower_back,377,shoulder slouch,0.9571534751215027,0.9702695302843944,5.405,8.35225
12,lower_back,378,neck slouch+shoulder slouch,0.9707389585740667,0.9707389585740667,5.161666666666666,5.161666666666666
12,lower_back,379,shoulder slouch,0.9707389585740667,0.9707389585740667,5.161666666666666,5.161666666666666
12,lower_back,380,good+neck slouch+shoulder slouch,0.9711692679950447,0.9716331082555852,4.5328,4.733333333333333
12,lower_back,381,neck slouch+shoulder slouch,0.9720354753990869,0.9732649308114589,4.9135,5.2965
12,lower_back,382,shoulder slouch,0.9732649308114589,0.9775624367256296,5.2965,6.29525
12,lower_back,383,neck slouch+shoulder slouch,0.9779592155735222,0.9779592155735222,5.2405,5.2405
12,lower_back,384,shoulder slouch,0.9779592155735222,0.9779592155735222,5.2405,5.2405
12,lower_back,385,neck slouch+shoulder slouch,0.9783615829835011,0.978791892404479,5.095,5.2766
12,lower_back,386,shoulder slouch,0.978791892404479,0.978791892404479,5.2766,5.2766
12,lower_back,387,good+neck slouch+shoulder slouch,0.9793283821067992,0.9909132061665962,3.95925,4.676666666666667
12,lower_back,388,neck slouch+shoulder slouch,0.9913099850144887,0.9913099850144887,5.509666666666667,5.509666666666667
12,lower_back,389,shoulder slouch,0.9913099850144887,0.9917123521579903,5.509666666666667,5.81325
12,lower_back,390,good+neck slouch+shoulder slouch,0.9921761921520535,0.9921761921520535,4.798,4.798
12,lower_back,391,neck slouch+shoulder slouch,0.9921761921520535,0.9921761921520535,4.798,4.798
12,lower_back,392,good+neck slouch+shoulder slouch,0.9926456207082031,0.9926456207082031,4.779,4.779
12,lower_back,393,neck slouch+shoulder slouch,0.993075930129181,0.993075930129181,5.6182,5.6182
12,lower_back,394,shoulder slouch,0.993075930129181,0.9951715929455953,5.6182,6.101
12,lower_back,395,good+neck slouch+shoulder slouch,0.9955739600890968,0.9955739600890968,5.367,5.367
12,lower_back,396,shoulder slouch,0.9955739600890968,0.9955739600890968,5.367,5.367
12,lower_back,397,good+neck slouch+shoulder slouch,0.9960042695100747,0.9960042695100747,4.081333333333333,4.081333333333333
12,lower_back,398,good+neck slouch,0.9964066369200536,0.9964066369200536,2.531,2.531
12,lower_back,399,good+neck slouch+shoulder slouch,0.9964066369200536,0.9964066369200536,2.531,2.531
12,lower_back,400,neck slouch,0.9968704769141169,0.9987370140145425,0.3736,0.732
12,lower_back,401,good+neck slouch,0.9987370140145425,0.9991337928624352,0.732,1.992
12,lower_back,402,good+neck slouch+shoulder slouch,0.9995361600059367,1,2.82625,3.774
12,mid_back,0,unknown,0,1,-26.4454,2.675
12,neck,0,unknown,0,0.09701747027916312,-22.4992,6.0015
12,neck,1,good,0.09758770087646655,0.09758770087646655,12.780000000000001,12.780000000000001
12,neck,2,good+laying back,0.09758770087646655,0.09758770087646655,12.780000000000001,12.780000000000001
12,neck,3,good+laying back+lumbar slouch,0.09758770087646655,0.09758770087646655,12.780000000000001,12.780000000000001
12,neck,4,unknown,0.09805171201480677,0.09805171201480677,11.998375,11.998375
12,neck,5,good,0.09805171201480677,0.09805171201480677,11.998375,11.998375
12,neck,6,good+laying back+lumbar slouch,0.09805171201480677,0.09805171201480677,11.998375,11.998375
12,neck,7,unknown,0.0989517819706499,0.0989517819706499,9.848,9.848
12,neck,8,good,0.0989517819706499,0.0989517819706499,9.848,9.848
12,neck,9,unknown,0.09951642194384049,0.10388259967668001,0.2922,10.74075
12,neck,10,good+laying back,0.10388259967668001,0.10388259967668001,8.8844,8.8844
12,neck,11,unknown,0.10441369670492048,0.10441369670492048,10.984,10.984
12,neck,12,good,0.10441369670492048,0.10441369670492048,10.984,10.984
12,neck,13,good+laying back+lumbar slouch,0.10491125078821083,0.10491125078821083,17.884249999999998,17.884249999999998
12,neck,14,lumbar slouch+shoulder slouch,0.10491125078821083,0.10491125078821083,17.884249999999998,17.884249999999998
12,neck,15,shoulder slouch,0.10491125078821083,0.10491125078821083,17.884249999999998,17.884249999999998
12,neck,16,laying back+lumbar slouch+shoulder slouch,0.10544793844056413,0.10544793844056413,19.507333333333335,19.507333333333335
12,neck,17,lumbar slouch+shoulder slouch,0.10544793844056413,0.10544793844056413,19.507333333333335,19.507333333333335
12,neck,18,shoulder slouch,0.10544793844056413,0.10544793844056413,19.507333333333335,19.507333333333335
12,neck,19,laying back+lumbar slouch,0.1060796645702306,0.1060796645702306,17.30475,17.30475
12,neck,20,laying back+lumbar slouch+shoulder slouch,0.1060796645702306,0.1060796645702306,17.30475,17.30475
12,neck,21,good+laying back+lumbar slouch,0.10654367570857082,0.10654367570857082,16.6884,16.6884
12,neck,22,laying back+lumbar slouch,0.10654367570857082,0.10654367570857082,16.6884,16.6884
12,neck,23,good+laying back+lumbar slouch,0.10711390630587425,0.10767854654564048,13.8536,14.391
12,neck,24,unknown,0.10820964357388095,0.10820964357388095,11.529,11.529
12,neck,25,good,0.10820964357388095,0.10820964357388095,11.529,11.529
12,neck,26,good+laying back,0.10820964357388095,0.10820964357388095,11.529,11.529
12,neck,27,good+laying back+lumbar slouch,0.10820964357388095,0.10820964357388095,11.529,11.529
12,neck,28,unknown,0.10877428381364718,0.11224039132406793,-2.9884,11.0006
12,neck,29,good,0.11224039132406793,0.11224039132406793,11.0006,11.0006
12,neck,30,good+laying back+lumbar slouch,0.11224039132406793,0.11273794540735828,11.0006,15.03475
12,neck,31,laying back+lumbar slouch,0.11273794540735828,0.11273794540735828,15.03475,15.03475
12,neck,32,good+laying back+lumbar slouch,0.11324109011476145,0.11324109011476145,16.84625,16.84625
12,neck,33,laying back+lumbar slouch,0.11324109011476145,0.11324109011476145,16.84625,16.84625
12,neck,34,laying back+lumbar slouch+shoulder slouch,0.11324109011476145,0.11324109011476145,16.84625,16.84625
12,neck,35,unknown,0.11370510125310167,0.11370510125310167,10.9744,10.9744
12,neck,36,good,0.11370510125310167,0.11370510125310167,10.9744,10.9744
12,neck,37,good+laying back+lumbar slouch,0.11370510125310167,0.11370510125310167,10.9744,10.9744
12,neck,38,unknown,0.11423619854791776,0.16289587707306272,-8.932,9.4778
12,neck,39,good+laying back,0.16289587707306272,0.16346610767036615,7.1686,13.9934
12,neck,40,good+laying back+lumbar slouch,0.16346610767036615,0.16346610767036615,13.9934,13.9934
12,neck,41,unknown,0.1639972046986066,0.1639972046986066,11.25025,11.25025
12,neck,42,good,0.1639972046986066,0.1639972046986066,11.25025,11.25025
12,neck,43,unknown,0.1644612158369468,0.1644612158369468,11.620000000000001,11.620000000000001
12,neck,44,good,0.1644612158369468,0.1644612158369468,11.620000000000001,11.620000000000001
12,neck,45,good+laying back,0.1644612158369468,0.1644612158369468,11.620000000000001,11.620000000000001
12,neck,46,unknown,0.16499790348930013,0.16499790348930013,11.213799999999999,11.213799999999999
12,neck,47,good,0.16499790348930013,0.16499790348930013,11.213799999999999,11.213799999999999
12,neck,48,unknown,0.16556254372906634,0.16712788249295046,8.0486,11.0578
12,neck,49,good+laying back,0.16712788249295046,0.16712788249295046,11.0578,11.0578
12,neck,50,good+laying back+lumbar slouch,0.16712788249295046,0.16712788249295046,11.0578,11.0578
12,neck,51,unknown,0.16765897978776656,0.16765897978776656,12.385,12.385
12,neck,52,good+laying back,0.16765897978776656,0.16765897978776656,12.385,12.385
12,neck,53,good+laying back+lumbar slouch,0.16765897978776656,0.16765897978776656,12.385,12.385
12,neck,54,unknown,0.1682627533300201,0.32000000005331514,-24.9375,13.066
12,neck,55,good+laying back+lumbar slouch,0.32000000005331514,0.32000000005331514,13.066,13.066
12,neck,56,laying back+lumbar slouch,0.32000000005331514,0.32000000005331514,13.066,13.066
12,neck,57,good+laying back+lumbar slouch,0.3205310970815556,0.3205310970815556,15.778,15.778
12,neck,58,laying back+lumbar slouch,0.3205310970815556,0.3205310970815556,15.778,15.778
12,neck,59,laying back+lumbar slouch+shoulder slouch,0.3205310970815556,0.3205310970815556,15.778,15.778
12,neck,60,unknown,0.32100069884400867,0.32100069884400867,11.638,11.638
12,neck,61,good,0.32100069884400867,0.32100069884400867,11.638,11.638
12,neck,62,good+laying back+lumbar slouch,0.32100069884400867,0.32156533881719923,11.638,17.0872
12,neck,63,laying back+lumbar slouch,0.32156533881719923,0.32156533881719923,17.0872,17.0872
12,neck,64,laying back+lumbar slouch+shoulder slouch,0.32156533881719923,0.32156533881719923,17.0872,17.0872
12,neck,65,lumbar slouch+shoulder slouch,0.32156533881719923,0.32156533881719923,17.0872,17.0872
12,neck,66,good,0.3220964361120153,0.3220964361120153,14.8055,14.8055
12,neck,67,good+laying back+lumbar slouch,0.3220964361120153,0.3220964361120153,14.8055,14.8055
12,neck,68,laying back+lumbar slouch+shoulder slouch,0.3220964361120153,0.3220964361120153,14.8055,14.8055
12,neck,69,good,0.3225995805528429,0.3225995805528429,12.34,12.34
12,neck,70,good+laying back,0.3225995805528429,0.3225995805528429,12.34,12.34
12,neck,71,unknown,0.323130677847659,0.323130677847659,11.3786,11.3786
12,neck,72,good,0.323130677847659,0.323130677847659,11.3786,11.3786
12,neck,73,unknown,0.3236953178208496,0.3236953178208496,10.963199999999999,10.963199999999999
12,neck,74,good,0.32423200547320286,0.32423200547320286,12.144,12.144
12,neck,75,good+laying back,0.32423200547320286,0.32423200547320286,12.144,12.144
12,neck,76,unknown,0.32469601661154307,0.326294898586953,7.356333333333334,10.6155
12,neck,77,good+laying back,0.326294898586953,0.326294898586953,10.6155,10.6155
12,neck,78,unknown,0.3267924526702433,0.3497078965544951,-5.5406,10.558
12,neck,79,good+laying back+lumbar slouch,0.3497078965544951,0.3497078965544951,10.558,10.558
12,neck,80,laying back+lumbar slouch+shoulder slouch,0.35027253652768564,0.35027253652768564,20.998,20.998
12,neck,81,lumbar slouch+shoulder slouch,0.35027253652768564,0.35027253652768564,20.998,20.998
12,neck,82,shoulder slouch,0.35027253652768564,0.3530398322851153,20.998,22.7836
12,neck,83,lumbar slouch+shoulder slouch,0.35353738636840565,0.35353738636840565,19.6984,19.6984
12,neck,84,shoulder slouch,0.35353738636840565,0.35353738636840565,19.6984,19.6984
12,neck,85,lumbar slouch+shoulder slouch,0.35407407402075897,0.3552033542337158,19.0735,19.19
12,neck,86,laying back+lumbar slouch+shoulder slouch,0.35566736537205595,0.35566736537205595,18.438200000000002,18.438200000000002
12,neck,87,lumbar slouch+shoulder slouch,0.35566736537205595,0.35566736537205595,18.438200000000002,18.438200000000002
12,neck,88,good+laying back+lumbar slouch,0.3562375959693594,0.3562375959693594,16.8664,16.8664
12,neck,89,laying back+lumbar slouch,0.3562375959693594,0.3562375959693594,16.8664,16.8664
12,neck,90,good+laying back+lumbar slouch,0.3567686932641755,0.3567686932641755,15.1265,15.1265
12,neck,91,unknown,0.3572382947600529,0.3572382947600529,11.739,11.739
12,neck,92,good+laying back,0.3572382947600529,0.3572382947600529,11.739,11.739
12,neck,93,good+laying back+lumbar slouch,0.3572382947600529,0.3572382947600529,11.739,11.739
12,neck,94,unknown,0.357769392054869,0.36616072664720706,-3.5992,9.8252
12,neck,95,good,0.36616072664720706,0.36616072664720706,9.8135,9.8135
12,neck,96,unknown,0.36663032840966014,0.3681956674401199,10.669,10.9688
12,neck,97,good,0.3681956674401199,0.3681956674401199,10.669,10.669
12,neck,98,unknown,0.36872676446836034,0.3929727462352697,-4.8944,10.216
12,neck,99,good,0.3929727462352697,0.3929727462352697,10.216,10.216
12,neck,100,unknown,0.39347030058513566,0.39347030058513566,11.8686,11.8686
12,neck,101,good,0.39347030058513566,0.3940069879709133,11.8686,13.6504
12,neck,102,good+laying back,0.3940069879709133,0.3940069879709133,13.6504,13.6504
12,neck,103,good+laying back+lumbar slouch,0.3940069879709133,0.3940069879709133,13.6504,13.6504
12,neck,104,good,0.3945380852657294,0.3945380852657294,13.5625,13.5625
12,neck,105,good+laying back+lumbar slouch,0.3945380852657294,0.39500209640406964,13.5625,15.50475
12,neck,106,laying back+lumbar slouch+shoulder slouch,0.39500209640406964,0.39500209640406964,15.50475,15.50475
12,neck,107,good+laying back+lumbar slouch,0.39547169816652267,0.39547169816652267,15.1252,15.1252
12,neck,108,laying back+lumbar slouch,0.39547169816652267,0.39547169816652267,15.1252,15.1252
12,neck,109,unknown,0.3960363381397133,0.3960363381397133,7.8420000000000005,7.8420000000000005
12,neck,110,good+laying back+lumbar slouch,0.3960363381397133,0.3960363381397133,7.8420000000000005,7.8420000000000005
12,neck,111,unknown,0.3965674354345294,0.46867365487216656,-16.724249999999998,10.45775
12,neck,112,good+laying back,0.46867365487216656,0.46867365487216656,9.0284,9.0284
12,neck,113,good+laying back+lumbar slouch,0.4692774284144201,0.4692774284144201,15.9696,15.9696
12,neck,114,laying back+lumbar slouch,0.4692774284144201,0.4692774284144201,15.9696,15.9696
12,neck,115,laying back+lumbar slouch+shoulder slouch,0.4692774284144201,0.4692774284144201,15.9696,15.9696
12,neck,116,good+laying back+lumbar slouch,0.46980852544266055,0.47037316568242676,15.7556,16.4278
12,neck,117,laying back+lumbar slouch+shoulder slouch,0.47037316568242676,0.47037316568242676,16.4278,16.4278
12,neck,118,unknown,0.47090426271066727,0.47090426271066727,11.3424,11.3424
12,neck,119,good+laying back,0.47090426271066727,0.47090426271066727,11.3424,11.3424
12,neck,120,good+laying back+lumbar slouch,0.47090426271066727,0.47090426271066727,11.3424,11.3424
12,neck,121,unknown,0.4715080362529208,0.4840978335867721,1.57,11.597
12,neck,122,good,0.4840978335867721,0.4840978335867721,11.597,11.597
12,neck,123,good+laying back+lumbar slouch,0.4840978335867721,0.4840978335867721,11.597,11.597
12,neck,124,good+laying back,0.4846624738265383,0.4846624738265383,13.01875,13.01875
12,neck,125,good+laying back+lumbar slouch,0.4846624738265383,0.4846624738265383,13.01875,13.01875
12,neck,126,unknown,0.48512648496487853,0.48512648496487853,11.7625,11.7625
12,neck,127,good,0.48512648496487853,0.48512648496487853,11.7625,11.7625
12,neck,128,unknown,0.4855960867273316,0.49864989519952313,2.9312,10.5942
12,neck,129,good,0.49864989519952313,0.49864989519952313,10.129333333333333,10.129333333333333
12,neck,130,good+laying back+lumbar slouch,0.49864989519952313,0.49864989519952313,10.129333333333333,10.129333333333333
12,neck,131,good+laying back,0.4992816213291896,0.4992816213291896,12.9915,12.9915
12,neck,132,good+laying back+lumbar slouch,0.4992816213291896,0.4992816213291896,12.9915,12.9915
12,neck,133,unknown,0.4997847657700171,0.4997847657700171,12.162,12.162
12,neck,134,good,0.4997847657700171,0.4997847657700171,12.162,12.162
12,neck,135,good+laying back+lumbar slouch,0.4997847657700171,0.4997847657700171,12.162,12.162
12,neck,136,unknown,0.5003158630648332,0.5323214535609898,-1.6092,10.6786
12,neck,137,good+laying back,0.5328860935341804,0.5328860935341804,13.3626,13.3626
12,neck,138,good+laying back+lumbar slouch,0.5328860935341804,0.5334563241314838,13.3626,14.624875
12,neck,139,good+laying back,0.5342893081974267,0.5342893081974267,13.492,13.492
12,neck,140,good+laying back+lumbar slouch,0.5342893081974267,0.5342893081974267,13.492,13.492
12,neck,141,unknown,0.5352173304741071,0.5352173304741071,11.518,11.518
12,neck,142,good,0.5352173304741071,0.5352173304741071,11.518,11.518
12,neck,143,unknown,0.5358546469613108,0.7229294199113826,-18.6575,9.0594
12,neck,144,good+laying back+lumbar slouch,0.7229294199113826,0.7237959469222756,6.937875,14.1526
12,neck,145,good,0.7244276730519421,0.7244276730519421,12.2158,12.2158
12,neck,146,good+laying back,0.7244276730519421,0.7244276730519421,12.2158,12.2158
12,neck,147,unknown,0.7249587700801825,0.7249587700801825,11.0916,11.0916
12,neck,148,good,0.7249587700801825,0.7249587700801825,11.0916,11.0916
12,neck,149,unknown,0.7255290006774859,0.7255290006774859,11.903599999999999,11.903599999999999
12,neck,150,good+laying back,0.7255290006774859,0.7255290006774859,11.903599999999999,11.903599999999999
12,neck,151,good+laying back+lumbar slouch,0.7255290006774859,0.7255290006774859,11.903599999999999,11.903599999999999
12,neck,152,unknown,0.7260600977057264,0.7260600977057264,10.6072,10.6072
12,neck,153,good,0.7260600977057264,0.7260600977057264,10.6072,10.6072
12,neck,154,unknown,0.7266247379454926,0.753369671643655,-12.2926,9.2255
12,neck,155,good+laying back,0.753369671643655,0.753369671643655,3.885,3.885
12,neck,156,good+laying back+lumbar slouch,0.7539007686718955,0.7539007686718955,18.1296,18.1296
12,neck,157,laying back+lumbar slouch,0.7539007686718955,0.7539007686718955,18.1296,18.1296
12,neck,158,laying back+lumbar slouch+shoulder slouch,0.7539007686718955,0.7539007686718955,18.1296,18.1296
12,neck,159,lumbar slouch+shoulder slouch,0.7539007686718955,0.7539007686718955,18.1296,18.1296
12,neck,160,shoulder slouch,0.7539007686718955,0.7544374563242487,18.1296,21.68425
12,neck,161,good,0.7549350104075391,0.7549350104075391,15.5578,15.5578
12,neck,162,good+laying back+lumbar slouch,0.7549350104075391,0.7549350104075391,15.5578,15.5578
12,neck,163,laying back+lumbar slouch+shoulder slouch,0.7549350104075391,0.7549350104075391,15.5578,15.5578
12,neck,164,shoulder slouch,0.7549350104075391,0.7549350104075391,15.5578,15.5578
12,neck,165,unknown,0.7554716980598924,0.775055206213524,-8.585,11.6618
12,neck,166,good,0.775055206213524,0.775055206213524,11.6618,11.6618
12,neck,167,good+laying back,0.775055206213524,0.775055206213524,11.6618,11.6618
12,neck,168,good+laying back+lumbar slouch,0.775055206213524,0.7755863032417644,11.6618,16.342
12,neck,169,laying back+lumbar slouch+shoulder slouch,0.7755863032417644,0.7755863032417644,16.342,16.342
12,neck,170,good+laying back,0.7760838573250547,0.7760838573250547,14.194857142857144,14.194857142857144
12,neck,171,good+laying back+lumbar slouch,0.7760838573250547,0.7760838573250547,14.194857142857144,14.194857142857144
12,neck,172,good,0.7768162122895717,0.7768162122895717,12.5994,12.5994
12,neck,173,good+laying back,0.7768162122895717,0.7768162122895717,12.5994,12.5994
12,neck,174,good+laying back+lumbar slouch,0.7768162122895717,0.7768162122895717,12.5994,12.5994
12,neck,175,unknown,0.777386442886875,0.777386442886875,11.0108,11.0108
12,neck,176,good,0.777386442886875,0.777386442886875,11.0108,11.0108
12,neck,177,unknown,0.7779175401816911,0.7810817609209851,-4.501,11.2872
12,neck,178,good+laying back,0.7810817609209851,0.7810817609209851,11.2872,11.2872
12,neck,179,unknown,0.7816799441057014,0.7974339621788468,-16.594,10.6052
12,neck,180,good,0.7974339621788468,0.7974339621788468,10.6052,10.6052
12,neck,181,unknown,0.7979650594736628,0.8367016073209601,-17.4518,13.543333333333333
12,neck,182,good+laying back+lumbar slouch,0.8367016073209601,0.8367016073209601,13.543333333333333,13.543333333333333
12,neck,183,laying back+lumbar slouch,0.8367016073209601,0.8367016073209601,13.543333333333333,13.543333333333333
12,neck,184,laying back+lumbar slouch+shoulder slouch,0.8367016073209601,0.8372662472941508,13.543333333333333,19.99775
12,neck,185,lumbar slouch+shoulder slouch,0.8372662472941508,0.8372662472941508,19.99775,19.99775
12,neck,186,shoulder slouch,0.8372662472941508,0.8377693920015539,19.99775,22.596
12,neck,187,laying back+lumbar slouch+shoulder slouch,0.8382334031398941,0.8382334031398941,18.7702,18.7702
12,neck,188,shoulder slouch,0.8382334031398941,0.8382334031398941,18.7702,18.7702
12,neck,189,good+laying back+lumbar slouch,0.8387980433796604,0.8387980433796604,16.2454,16.2454
12,neck,190,laying back+lumbar slouch,0.8387980433796604,0.8387980433796604,16.2454,16.2454
12,neck,191,laying back+lumbar slouch+shoulder slouch,0.8387980433796604,0.8387980433796604,16.2454,16.2454
12,neck,192,good+laying back,0.8393626833528509,0.8393626833528509,13.7152,13.7152
12,neck,193,good+laying back+lumbar slouch,0.8393626833528509,0.8393626833528509,13.7152,13.7152
12,neck,194,unknown,0.8398993710052043,0.8398993710052043,10.61275,10.61275
12,neck,195,good,0.8398993710052043,0.8398993710052043,10.61275,10.61275
12,neck,196,unknown,0.8403633821435444,0.8920531096281828,-5.3018,11.4686
12,neck,197,good,0.8920531096281828,0.8920531096281828,11.4686,11.4686
12,neck,198,good+laying back,0.8920531096281828,0.8920531096281828,11.4686,11.4686
12,neck,199,good+laying back+lumbar slouch,0.8920531096281828,0.8920531096281828,11.4686,11.4686
12,neck,200,good,0.8926512928128992,0.8926512928128992,14.7634,14.7634
12,neck,201,good+laying back+lumbar slouch,0.8926512928128992,0.8926512928128992,14.7634,14.7634
12,neck,202,laying back+lumbar slouch,0.8926512928128992,0.8926512928128992,14.7634,14.7634
12,neck,203,unknown,0.8932215234102027,0.8932215234102027,7.8422,7.8422
12,neck,204,good+laying back+lumbar slouch,0.8932215234102027,0.8932215234102027,7.8422,7.8422
12,neck,205,unknown,0.8937861633833932,0.9200670859432154,-53.6518,7.2324
12,neck,206,good+laying back+lumbar slouch,0.9200670859432154,0.9200670859432154,4.975499999999999,4.975499999999999
12,neck,207,laying back+lumbar slouch+shoulder slouch,0.9205310970815556,0.9205310970815556,20.0764,20.0764
12,neck,208,shoulder slouch,0.9205310970815556,0.9210621941097961,20.0764,22.3198
12,neck,209,laying back+lumbar slouch,0.9216603772945124,0.9216603772945124,20.496833333333335,20.496833333333335
12,neck,210,laying back+lumbar slouch+shoulder slouch,0.9216603772945124,0.9216603772945124,20.496833333333335,20.496833333333335
12,neck,211,shoulder slouch,0.9216603772945124,0.9216603772945124,20.496833333333335,20.496833333333335
12,neck,212,good+laying back+lumbar slouch,0.9223312369932418,0.9223312369932418,14.574399999999999,14.574399999999999
12,neck,213,unknown,0.9228623340214823,0.9228623340214823,11.7642,11.7642
12,neck,214,good,0.9228623340214823,0.9228623340214823,11.7642,11.7642
12,neck,215,unknown,0.9233598881047727,0.9348204052256671,-3.844,12.181000000000001
12,neck,216,good,0.9348204052256671,0.9348204052256671,12.181000000000001,12.181000000000001
12,neck,217,good+laying back+lumbar slouch,0.9348204052256671,0.9352844163640074,12.181000000000001,15.0546
12,neck,218,good,0.9358155136588234,0.9358155136588234,13.467,13.467
12,neck,219,good+laying back+lumbar slouch,0.9358155136588234,0.9358155136588234,13.467,13.467
12,neck,220,unknown,0.9363857442561269,0.9363857442561269,10.7365,10.7365
12,neck,221,good,0.9363857442561269,0.9363857442561269,10.7365,10.7365
12,neck,222,unknown,0.9368497553944671,0.9408805031446541,3.2518,12.3894
12,neck,223,good+laying back,0.9408805031446541,0.9408805031446541,12.3894,12.3894
12,neck,224,good+laying back+lumbar slouch,0.9408805031446541,0.9414116001728946,12.3894,15.9982
12,neck,225,laying back+lumbar slouch,0.9414116001728946,0.9414116001728946,15.9982,15.9982
12,neck,226,good+laying back+lumbar slouch,0.941981830770198,0.9431111109831548,15.8126,16.0698
12,neck,227,laying back+lumbar slouch+shoulder slouch,0.9431111109831548,0.943675751222921,16.0698,17.969
12,neck,228,lumbar slouch+shoulder slouch,0.9442124388752743,0.9442124388752743,19.91,19.91
12,neck,229,shoulder slouch,0.9442124388752743,0.9442124388752743,19.91,19.91
12,neck,230,unknown,0.9446764500136146,0.9446764500136146,11.962,11.962
12,neck,231,good,0.9446764500136146,0.9446764500136146,11.962,11.962
12,neck,232,good+laying back+lumbar slouch,0.9446764500136146,0.9446764500136146,11.962,11.962
12,neck,233,laying back+lumbar slouch+shoulder slouch,0.9446764500136146,0.9446764500136146,11.962,11.962
12,neck,234,unknown,0.9452075470418551,0.9480083857442348,0.023200000000000002,9.834666666666667
12,neck,235,good+laying back+lumbar slouch,0.9480083857442348,0.9486736548188515,9.834666666666667,13.40475
12,neck,236,unknown,0.9491376659571916,0.9491376659571916,9.961166666666667,9.961166666666667
12,neck,237,good,0.9491376659571916,0.9491376659571916,9.961166666666667,9.961166666666667
12,neck,238,good+laying back,0.9491376659571916,0.9491376659571916,9.961166666666667,9.961166666666667
12,neck,239,unknown,0.9497414394994452,0.9539343116168456,-2.01625,18.3132
12,neck,240,good+laying back+lumbar slouch,0.9539343116168456,0.9539343116168456,18.3132,18.3132
12,neck,241,laying back+lumbar slouch+shoulder slouch,0.9539343116168456,0.9539343116168456,18.3132,18.3132
12,neck,242,shoulder slouch,0.9539343116168456,0.9539343116168456,18.3132,18.3132
12,neck,243,unknown,0.9539343116168456,0.954504542214149,10.1152,18.3132
12,neck,244,good+laying back+lumbar slouch,0.954504542214149,0.954504542214149,10.1152,10.1152
12,neck,245,shoulder slouch,0.954504542214149,0.954504542214149,10.1152,10.1152
12,neck,246,unknown,0.9550356395089651,0.9570649894111894,-2.9444,12.619
12,neck,247,good+laying back+lumbar slouch,0.9570649894111894,0.9570649894111894,12.619,12.619
12,neck,248,laying back+lumbar slouch,0.9570649894111894,0.9570649894111894,12.619,12.619
12,neck,249,good,0.9576352200084929,0.9576352200084929,13.20975,13.20975
12,neck,250,good+laying back,0.9576352200084929,0.9576352200084929,13.20975,13.20975
12,neck,251,good+laying back+lumbar slouch,0.9576352200084929,0.9576352200084929,13.20975,13.20975
12,neck,252,unknown,0.9580992311468332,0.9580992311468332,12.708666666666666,12.708666666666666
12,neck,253,good,0.9580992311468332,0.9580992311468332,12.708666666666666,12.708666666666666
12,neck,254,good+laying back,0.9580992311468332,0.9580992311468332,12.708666666666666,12.708666666666666
12,neck,255,good+laying back+lumbar slouch,0.9580992311468332,0.9587980431663998,12.708666666666666,15.116166666666667
12,neck,256,unknown,0.9593962263511162,0.9593962263511162,12.4428,12.4428
12,neck,257,good+laying back,0.9593962263511162,0.9593962263511162,12.4428,12.4428
12,neck,258,good+laying back+lumbar slouch,0.9593962263511162,0.9593962263511162,12.4428,12.4428
12,neck,259,unknown,0.9599999998933697,0.9775485675206641,-5.8548,7.87975
12,neck,260,good+laying back+lumbar slouch,0.9775485675206641,0.9775485675206641,5.702833333333333,5.702833333333333
12,neck,261,laying back+lumbar slouch+shoulder slouch,0.9782473795402308,0.9782473795402308,21.2124,21.2124
12,neck,262,shoulder slouch,0.9782473795402308,0.9795499651020512,21.2124,25.05175
12,neck,263,unknown,0.9795499651020512,0.9795499651020512,25.05175,25.05175
12,neck,264,shoulder slouch,0.9800475191853415,0.9800475191853415,21.548666666666666,21.548666666666666
12,neck,265,lumbar slouch+shoulder slouch,0.9806457023700578,0.9806457023700578,19.44725,19.44725
12,neck,266,shoulder slouch,0.9806457023700578,0.9806457023700578,19.44725,19.44725
12,neck,267,laying back+lumbar slouch+shoulder slouch,0.9811153038659353,0.9811153038659353,19.1128,19.1128
12,neck,268,lumbar slouch+shoulder slouch,0.9811153038659353,0.9816799441057015,19.1128,19.634333333333334
12,neck,269,shoulder slouch,0.9816799441057015,0.9816799441057015,19.634333333333334,19.634333333333334
12,neck,270,lumbar slouch+shoulder slouch,0.9823116702353679,0.9823116702353679,19.682,19.682
12,neck,271,shoulder slouch,0.9823116702353679,0.9913067783699595,19.682,22.950666666666667
12,neck,272,laying back+lumbar slouch+shoulder slouch,0.9918378756647757,0.9918378756647757,19.412,19.412
12,neck,273,lumbar slouch+shoulder slouch,0.9918378756647757,0.9918378756647757,19.412,19.412
12,neck,274,shoulder slouch,0.9918378756647757,0.9930342417676328,19.412,20.9664
12,neck,275,laying back+lumbar slouch+shoulder slouch,0.9935373864750359,0.9935373864750359,19.437,19.437
12,neck,276,lumbar slouch+shoulder slouch,0.9935373864750359,0.9935373864750359,19.437,19.437
12,neck,277,shoulder slouch,0.9935373864750359,0.9935373864750359,19.437,19.437
12,neck,278,laying back+lumbar slouch+shoulder slouch,0.9940684835032764,0.9940684835032764,18.80725,18.80725
12,neck,279,lumbar slouch+shoulder slouch,0.9940684835032764,0.9940684835032764,18.80725,18.80725
12,neck,280,good+laying back+lumbar slouch,0.9945380852657294,0.9945380852657294,14.9226,14.9226
12,neck,281,good,0.99510272523892,0.99510272523892,13.4032,13.4032
12,neck,282,good+laying back+lumbar slouch,0.99510272523892,0.99510272523892,13.4032,13.4032
12,neck,283,unknown,0.9957009084236363,1,-31.33866666666667,1.7788333333333333
14,lower_back,0,unknown,0,0.004741689491505077,-0.42979999999999996,0.126
14,lower_back,1,good+neck slouch+shoulder slouch,0.004741689491505077,0.004741689491505077,-0.2,-0.2
14,lower_back,2,neck slouch+shoulder slouch,0.004741689491505077,0.004741689491505077,-0.2,-0.2
14,lower_back,3,unknown,0.005338584617372769,0.005338584617372769,2.2928,2.2928
14,lower_back,4,neck slouch,0.005338584617372769,0.005338584617372769,2.2928,2.2928
14,lower_back,5,good+neck slouch,0.005338584617372769,0.005338584617372769,2.2928,2.2928
14,lower_back,6,good+neck slouch+shoulder slouch,0.005338584617372769,0.005338584617372769,2.2928,2.2928
14,lower_back,7,neck slouch+shoulder slouch,0.005338584617372769,0.005338584617372769,2.2928,2.2928
14,lower_back,8,unknown,0.005907587345713314,0.005907587345713314,-0.3812,-0.3812
14,lower_back,9,good+neck slouch,0.005907587345713314,0.006437540770716175,-0.3812,2.5060000000000002
14,lower_back,10,good+neck slouch+shoulder slouch,0.006437540770716175,0.006437540770716175,2.5060000000000002,2.5060000000000002
14,lower_back,11,neck slouch,0.006967494461720654,0.006967494461720654,2.1512,2.1512
14,lower_back,12,good+neck slouch,0.006967494461720654,0.006967494461720654,2.1512,2.1512
14,lower_back,13,good+neck slouch+shoulder slouch,0.006967494461720654,0.006967494461720654,2.1512,2.1512
14,lower_back,14,unknown,0.007530918604155122,0.007530918604155122,0.3142,0.3142
14,lower_back,15,neck slouch,0.007530918604155122,0.007530918604155122,0.3142,0.3142
14,lower_back,16,unknown,0.008099921332495668,0.008099921332495668,-2.2644,-2.2644
14,lower_back,17,neck slouch,0.008099921332495668,0.008099921332495668,-2.2644,-2.2644
14,lower_back,18,good+neck slouch,0.008099921332495668,0.008099921332495668,-2.2644,-2.2644
14,lower_back,19,unknown,0.008663345740931753,0.09434288570843637,-15.963199999999999,-1.6084
14,lower_back,20,good+neck slouch,0.09434288570843637,0.09434288570843637,-1.6084,-1.6084
14,lower_back,21,good+neck slouch+shoulder slouch,0.09434288570843637,0.09434288570843637,-1.6084,-1.6084
14,lower_back,22,shoulder slouch,0.09487283913343922,0.09487283913343922,7.988,7.988
14,lower_back,23,unknown,0.09487283913343922,0.09487283913343922,7.988,7.988
14,lower_back,24,good+neck slouch+shoulder slouch,0.09543626327587369,0.09543626327587369,4.5977500000000004,4.5977500000000004
14,lower_back,25,neck slouch+shoulder slouch,0.09543626327587369,0.09543626327587369,4.5977500000000004,4.5977500000000004
14,lower_back,26,good+neck slouch+shoulder slouch,0.09593832456935103,0.09593832456935103,4.9604,4.9604
14,lower_back,27,neck slouch+shoulder slouch,0.09593832456935103,0.09593832456935103,4.9604,4.9604
14,lower_back,28,shoulder slouch,0.09593832456935103,0.09866061224713786,4.9604,8.196
14,lower_back,29,neck slouch,0.09922403665557394,0.09922403665557394,2.473,2.473
14,lower_back,30,good+neck slouch,0.09922403665557394,0.09922403665557394,2.473,2.473
14,lower_back,31,good+neck slouch+shoulder slouch,0.09922403665557394,0.09922403665557394,2.473,2.473
14,lower_back,32,unknown,0.09979303938391448,0.09979303938391448,-0.013199999999999995,-0.013199999999999995
14,lower_back,33,neck slouch,0.09979303938391448,0.09979303938391448,-0.013199999999999995,-0.013199999999999995
14,lower_back,34,good+neck slouch,0.09979303938391448,0.10135500752739754,-0.013199999999999995,2.531
14,lower_back,35,good+neck slouch+shoulder slouch,0.10135500752739754,0.10135500752739754,2.531,2.531
14,lower_back,36,unknown,0.10191843193583362,0.10191843193583362,-0.7745,-0.7745
14,lower_back,37,neck slouch,0.10191843193583362,0.10191843193583362,-0.7745,-0.7745
14,lower_back,38,unknown,0.10238144392597327,0.14126887623582032,-16.8122,0.16000000000000003
14,lower_back,39,neck slouch,0.14126887623582032,0.14126887623582032,0.16000000000000003,0.16000000000000003
14,lower_back,40,good+neck slouch,0.14126887623582032,0.14126887623582032,0.16000000000000003,0.16000000000000003
14,lower_back,41,unknown,0.14213353710114088,0.1542945761386957,-16.715666666666667,-1.5622
14,lower_back,42,neck slouch,0.1542945761386957,0.1542945761386957,-1.5622,-1.5622
14,lower_back,43,unknown,0.1548580002811302,0.1548580002811302,-2.0973333333333333,-2.0973333333333333
14,lower_back,44,neck slouch,0.1548580002811302,0.1548580002811302,-2.0973333333333333,-2.0973333333333333
14,lower_back,45,unknown,0.15546047399290397,0.18540005906464818,-8.413,-1.1068333333333333
14,lower_back,46,neck slouch,0.18596906205899036,0.18596906205899036,2.5488,2.5488
14,lower_back,47,good+neck slouch,0.18596906205899036,0.18596906205899036,2.5488,2.5488
14,lower_back,48,good+neck slouch+shoulder slouch,0.18596906205899036,0.18653248620142482,2.5488,6.0732
14,lower_back,49,shoulder slouch,0.18653248620142482,0.18706243962642768,6.0732,8.4376
14,lower_back,50,unknown,0.18706243962642768,0.18706243962642768,8.4376,8.4376
14,lower_back,51,good+neck slouch+shoulder slouch,0.18759239331743216,0.18759239331743216,7.0148,7.0148
14,lower_back,52,shoulder slouch,0.18759239331743216,0.18759239331743216,7.0148,7.0148
14,lower_back,53,good+neck slouch+shoulder slouch,0.1881279253283411,0.1881279253283411,4.3309999999999995,4.3309999999999995
14,lower_back,54,neck slouch+shoulder slouch,0.1881279253283411,0.18872482018820716,4.3309999999999995,5.4086
14,lower_back,55,shoulder slouch,0.18872482018820716,0.18872482018820716,5.4086,5.4086
14,lower_back,56,neck slouch+shoulder slouch,0.18925477387921166,0.18925477387921166,5.0604,5.0604
14,lower_back,57,good+neck slouch+shoulder slouch,0.1898572473249838,0.1898572473249838,4.7988,4.7988
14,lower_back,58,neck slouch+shoulder slouch,0.1898572473249838,0.1898572473249838,4.7988,4.7988
14,lower_back,59,good+neck slouch,0.19038720074998666,0.19038720074998666,3.1454,3.1454
14,lower_back,60,good+neck slouch+shoulder slouch,0.19038720074998666,0.19038720074998666,3.1454,3.1454
14,lower_back,61,unknown,0.19095062515842276,0.19095062515842276,0.13874999999999998,0.13874999999999998
14,lower_back,62,neck slouch,0.19095062515842276,0.19095062515842276,0.13874999999999998,0.13874999999999998
14,lower_back,63,unknown,0.19145268645190008,0.28965586502880275,-17.984666666666666,-3.4654285714285713
14,lower_back,64,neck slouch,0.28965586502880275,0.28965586502880275,-5.523,-5.523
14,lower_back,65,unknown,0.29025275988866883,0.2942748282903903,-21.3102,-1.224
14,lower_back,66,neck slouch,0.2942748282903903,0.2942748282903903,-1.224,-1.224
14,lower_back,67,good+neck slouch+shoulder slouch,0.2942748282903903,0.2942748282903903,-1.224,-1.224
14,lower_back,68,unknown,0.29493866485112125,0.2955076675794618,-4.0902,0.1196
14,lower_back,69,neck slouch,0.2955076675794618,0.2955076675794618,0.1196,0.1196
14,lower_back,70,unknown,0.2961045627053295,0.2961045627053295,1.3613333333333333,1.3613333333333333
14,lower_back,71,neck slouch,0.2961045627053295,0.2961045627053295,1.3613333333333333,1.3613333333333333
14,lower_back,72,good+neck slouch,0.2961045627053295,0.2961045627053295,1.3613333333333333,1.3613333333333333
14,lower_back,73,good+neck slouch+shoulder slouch,0.2961045627053295,0.2961045627053295,1.3613333333333333,1.3613333333333333
14,lower_back,74,good+neck slouch,0.2966679868477639,0.2966679868477639,2.3411666666666666,2.3411666666666666
14,lower_back,75,good+neck slouch+shoulder slouch,0.2966679868477639,0.2966679868477639,2.3411666666666666,2.3411666666666666
14,lower_back,76,neck slouch,0.29733182340849484,0.29733182340849484,0.9108,0.9108
14,lower_back,77,good+neck slouch,0.29733182340849484,0.29733182340849484,0.9108,0.9108
14,lower_back,78,neck slouch,0.29796218925179413,0.29796218925179413,1.8492000000000002,1.8492000000000002
14,lower_back,79,good+neck slouch,0.29796218925179413,0.29856466269756626,1.8492000000000002,2.4728333333333334
14,lower_back,80,good+neck slouch+shoulder slouch,0.29856466269756626,0.29856466269756626,2.4728333333333334,2.4728333333333334
14,lower_back,81,neck slouch,0.2992284992582972,0.2992284992582972,1.6533333333333333,1.6533333333333333
14,lower_back,82,good+neck slouch,0.2992284992582972,0.2992284992582972,1.6533333333333333,1.6533333333333333
14,lower_back,83,unknown,0.2998923358190281,0.31803906054297,-23.268,-4.0748
14,lower_back,84,good+neck slouch,0.31803906054297,0.3186024846854045,-4.1814,2.6189999999999998
14,lower_back,85,good+neck slouch+shoulder slouch,0.3186024846854045,0.3186024846854045,2.6189999999999998,2.6189999999999998
14,lower_back,86,good+neck slouch,0.31916590909384057,0.31916590909384057,1.6556,1.6556
14,lower_back,87,unknown,0.31970144083874785,0.31970144083874785,-1.9793333333333332,-1.9793333333333332
14,lower_back,88,good+neck slouch,0.31970144083874785,0.31970144083874785,-1.9793333333333332,-1.9793333333333332
14,lower_back,89,unknown,0.3203318066820472,0.40178845367723903,-31.4438,-1.15625
14,lower_back,90,neck slouch,0.40178845367723903,0.40178845367723903,-1.7642857142857142,-1.7642857142857142
14,lower_back,91,good+neck slouch,0.40178845367723903,0.4026196440911296,-1.7642857142857142,2.3192
14,lower_back,92,good+neck slouch+shoulder slouch,0.4026196440911296,0.4026196440911296,2.3192,2.3192
14,lower_back,93,unknown,0.4032165389509957,0.4032165389509957,-1.8193333333333332,-1.8193333333333332
14,lower_back,94,neck slouch,0.4032165389509957,0.4032165389509957,-1.8193333333333332,-1.8193333333333332
14,lower_back,95,unknown,0.40384690479429497,0.40384690479429497,-1.5448,-1.5448
14,lower_back,96,neck slouch,0.40384690479429497,0.40384690479429497,-1.5448,-1.5448
14,lower_back,97,unknown,0.40434896608777227,0.40943094160550114,-7.3388333333333335,0.7761666666666667
14,lower_back,98,neck slouch,0.40943094160550114,0.40943094160550114,0.7761666666666667,0.7761666666666667
14,lower_back,99,good+neck slouch,0.40943094160550114,0.40943094160550114,0.7761666666666667,0.7761666666666667
14,lower_back,100,unknown,0.4100278364653672,0.4185405638448559,-6.539666666666667,-0.27075
14,lower_back,101,neck slouch,0.4185405638448559,0.4185405638448559,-0.4462,-0.4462
14,lower_back,102,good+neck slouch,0.4185405638448559,0.4185405638448559,-0.4462,-0.4462
14,lower_back,103,unknown,0.41910398798729037,0.4415349685325022,-38.86025,1.5228
14,lower_back,104,good+neck slouch,0.4415349685325022,0.4415349685325022,1.5228,1.5228
14,lower_back,105,good+neck slouch+shoulder slouch,0.4415349685325022,0.4415349685325022,1.5228,1.5228
14,lower_back,106,neck slouch,0.4421318636583699,0.4421318636583699,0.7832,0.7832
14,lower_back,107,good+neck slouch,0.4421318636583699,0.4421318636583699,0.7832,0.7832
14,lower_back,108,unknown,0.4426673956692788,0.44479278822119794,-1.1556,1.3502
14,lower_back,109,good+neck slouch,0.44479278822119794,0.44538968334706563,1.3502,2.9571666666666667
14,lower_back,110,good+neck slouch+shoulder slouch,0.44538968334706563,0.4466894640710003,2.9571666666666667,4.3254
14,lower_back,111,neck slouch+shoulder slouch,0.4472528882134348,0.4472528882134348,5.1132,5.1132
14,lower_back,112,good+neck slouch+shoulder slouch,0.44778284190443923,0.44778284190443923,4.768,4.768
14,lower_back,113,neck slouch+shoulder slouch,0.44778284190443923,0.44778284190443923,4.768,4.768
14,lower_back,114,good+neck slouch+shoulder slouch,0.4483797367643053,0.4483797367643053,4.601,4.601
14,lower_back,115,shoulder slouch,0.4483797367643053,0.44891526877521426,4.601,7.707
14,lower_back,116,unknown,0.44891526877521426,0.44891526877521426,7.707,7.707
14,lower_back,117,shoulder slouch,0.44944522246621876,0.4500086466086532,5.95875,7.1544
14,lower_back,118,good+neck slouch+shoulder slouch,0.45051070790213055,0.45051070790213055,5.6372,5.6372
14,lower_back,119,shoulder slouch,0.45051070790213055,0.45051070790213055,5.6372,5.6372
14,lower_back,120,good+neck slouch+shoulder slouch,0.4510406613271334,0.4520726763116152,3.27125,3.8078
14,lower_back,121,lumbar slouch,0.4525691590191865,0.4525691590191865,20.5796,20.5796
14,lower_back,122,unknown,0.4525691590191865,0.4525691590191865,20.5796,20.5796
14,lower_back,123,laying back,0.4525691590191865,0.4525691590191865,20.5796,20.5796
14,lower_back,124,unknown,0.45319952486248577,0.45319952486248577,27.333,27.333
14,lower_back,125,laying back,0.45319952486248577,1,27.333,36.79483333333333
14,mid_back,0,unknown,0,0.45290376591383164,-55.68025,24.04925
14,mid_back,1,shoulder slouch,0.45290376591383164,0.4537684798406923,24.04925,25.679
14,mid_back,2,unknown,0.45420362640125483,0.45420362640125483,24.5805,24.5805
14,mid_back,3,shoulder slouch,0.45420362640125483,0.45470013957642114,24.5805,25.33325
14,mid_back,4,unknown,0.4551018130995406,0.4551018130995406,23.78,23.78
14,mid_back,5,shoulder slouch,0.4551018130995406,0.4551018130995406,23.78,23.78
14,mid_back,6,unknown,0.4555648537692997,0.4697907951918939,22.69225,24.32166666666667
14,mid_back,7,shoulder slouch,0.4697907951918939,1,24.1446,28.187
14,neck,0,unknown,0,1,-68.1338,3.3234
15,lower_back,0,unknown,0,0.0044639616101675205,0.011,0.2066
15,lower_back,1,neck slouch,0.0044639616101675205,0.006095346821400531,0.2066,0.2724285714285714
15,lower_back,2,unknown,0.006793713760017001,0.006793713760017001,0.181,0.181
15,lower_back,3,neck slouch,0.006793713760017001,0.007290950945718292,0.181,0.69
15,lower_back,4,good+neck slouch,0.007290950945718292,0.009386051761567704,0.69,7.5378
15,lower_back,5,good+neck slouch+shoulder slouch,0.009386051761567704,0.009386051761567704,7.5378,7.5378
15,lower_back,6,shoulder slouch,0.009386051761567704,0.009386051761567704,7.5378,7.5378
15,lower_back,7,lumbar slouch,0.009386051761567704,0.00995591917282251,7.5378,16.5935
15,lower_back,8,shoulder slouch,0.010419634777438912,0.010419634777438912,9.4362,9.4362
15,lower_back,9,lumbar slouch,0.010419634777438912,0.010419634777438912,9.4362,9.4362
15,lower_back,10,shoulder slouch,0.010950393544225091,0.010950393544225091,9.0878,9.0878
15,lower_back,11,lumbar slouch,0.010950393544225091,0.010950393544225091,9.0878,9.0878
15,lower_back,12,shoulder slouch,0.011520260955479898,0.011520260955479898,9.5252,9.5252
15,lower_back,13,lumbar slouch,0.011520260955479898,0.013749448362074711,9.5252,14.4458
15,lower_back,14,shoulder slouch,0.014213163966691113,0.014213163966691113,8.99925,8.99925
15,lower_back,15,unknown,0.014213163966691113,0.014213163966691113,8.99925,8.99925
15,lower_back,16,lumbar slouch,0.014213163966691113,0.014213163966691113,8.99925,8.99925
15,lower_back,17,shoulder slouch,0.014682466634691253,0.014682466634691253,10.5405,10.5405
15,lower_back,18,lumbar slouch,0.014682466634691253,0.03601338631188663,10.5405,18.777
15,lower_back,19,unknown,0.03601338631188663,0.03654973214205655,16.5938,19.9622
15,lower_back,20,lumbar slouch,0.03711401275633346,0.03711401275633346,17.6858,17.6858
15,lower_back,21,unknown,0.03711401275633346,0.03711401275633346,17.6858,17.6858
15,lower_back,22,lumbar slouch,0.03767829310420453,0.03767829310420453,13.7098,13.7098
15,lower_back,23,shoulder slouch,0.03824816051545934,0.03824816051545934,10.0172,10.0172
15,lower_back,24,lumbar slouch,0.03824816051545934,0.03824816051545934,10.0172,10.0172
15,lower_back,25,shoulder slouch,0.038812441129736246,0.038812441129736246,8.6454,8.6454
15,lower_back,26,unknown,0.038812441129736246,0.038812441129736246,8.6454,8.6454
15,lower_back,27,shoulder slouch,0.03934319989652243,0.03934319989652243,9.8284,9.8284
15,lower_back,28,unknown,0.03934319989652243,0.03934319989652243,9.8284,9.8284
15,lower_back,29,lumbar slouch,0.03934319989652243,0.040907541945585664,9.8284,19.2862
15,lower_back,30,unknown,0.040907541945585664,0.04270653506224312,19.2862,20.568333333333335
15,lower_back,31,lumbar slouch,0.04333785883868981,0.04333785883868981,18.592200000000002,18.592200000000002
15,lower_back,32,unknown,0.04333785883868981,0.04333785883868981,18.592200000000002,18.592200000000002
15,lower_back,33,lumbar slouch,0.04386861760547599,0.04530446012717756,17.25642857142857,19.371199999999998
15,lower_back,34,unknown,0.04530446012717756,0.04583521889396374,19.271,19.371199999999998
15,lower_back,35,lumbar slouch,0.046365977927155765,0.046365977927155765,18.692,18.692
15,lower_back,36,unknown,0.046365977927155765,0.046365977927155765,18.692,18.692
15,lower_back,37,lumbar slouch,0.04696377985611172,0.04750012568628164,18.3482,19.00075
15,lower_back,38,unknown,0.04750012568628164,0.04750012568628164,19.00075,19.00075
15,lower_back,39,lumbar slouch,0.04796384129089804,0.04796384129089804,18.477,18.477
15,lower_back,40,unknown,0.04796384129089804,0.04796384129089804,18.477,18.477
15,lower_back,41,lumbar slouch,0.048494600324090066,0.07479230559413215,11.2928,18.6648
15,lower_back,42,unknown,0.07532306462732417,0.07532306462732417,10.1624,10.1624
15,lower_back,43,lumbar slouch,0.07532306462732417,0.07532306462732417,10.1624,10.1624
15,lower_back,44,unknown,0.07589293203857897,0.07589293203857897,10.060833333333333,10.060833333333333
15,lower_back,45,lumbar slouch,0.07589293203857897,0.07655777739611055,10.01975,10.060833333333333
15,lower_back,46,shoulder slouch,0.07702149300072696,0.07702149300072696,9.116833333333332,9.116833333333332
15,lower_back,47,unknown,0.07702149300072696,0.07702149300072696,9.116833333333332,9.116833333333332
15,lower_back,48,lumbar slouch,0.07702149300072696,0.07702149300072696,9.116833333333332,9.116833333333332
15,lower_back,49,shoulder slouch,0.07771985993934342,0.07825620576951335,8.1638,8.9274
15,lower_back,50,unknown,0.07825620576951335,0.07825620576951335,8.9274,8.9274
15,lower_back,51,shoulder slouch,0.07882048611738442,0.07882048611738442,8.877,8.877
15,lower_back,52,unknown,0.07882048611738442,0.07882048611738442,8.877,8.877
15,lower_back,53,shoulder slouch,0.07935124515057644,0.07935124515057644,8.558200000000001,8.558200000000001
15,lower_back,54,unknown,0.07935124515057644,0.07935124515057644,8.558200000000001,8.558200000000001
15,lower_back,55,shoulder slouch,0.0799155254984475,0.11080569190601877,5.281499999999999,8.5594
15,lower_back,56,neck slouch+shoulder slouch,0.11140349410138058,0.11140349410138058,5.2415,5.2415
15,lower_back,57,shoulder slouch,0.11140349410138058,0.11140349410138058,5.2415,5.2415
15,lower_back,58,neck slouch+shoulder slouch,0.11187279676938071,0.1222868444834359,4.9008,5.211
15,lower_back,59,good+neck slouch+shoulder slouch,0.1228231903136058,0.1228231903136058,4.80125,4.80125
15,lower_back,60,neck slouch+shoulder slouch,0.1228231903136058,0.1228231903136058,4.80125,4.80125
15,lower_back,61,good+neck slouch+shoulder slouch,0.12328690591822221,0.13353893252383084,4.7418000000000005,4.8034
15,lower_back,62,neck slouch+shoulder slouch,0.13353893252383084,0.13406969155702286,4.7472,5.102
15,lower_back,63,shoulder slouch,0.13406969155702286,0.13460603738719276,5.102,5.55075
15,lower_back,64,neck slouch+shoulder slouch,0.13510327457289406,0.13510327457289406,5.170571428571429,5.170571428571429
15,lower_back,65,shoulder slouch,0.13510327457289406,0.13510327457289406,5.170571428571429,5.170571428571429
15,lower_back,66,neck slouch+shoulder slouch,0.1359357278358501,0.1359357278358501,4.9702,4.9702
15,lower_back,67,good+neck slouch+shoulder slouch,0.13646648686904211,0.13700283269921204,4.6648,4.6802
15,lower_back,68,neck slouch+shoulder slouch,0.13700283269921204,0.1381649152424449,4.6648,5.068
15,lower_back,69,good+neck slouch+shoulder slouch,0.13869567400923108,0.13869567400923108,4.812,4.812
15,lower_back,70,neck slouch+shoulder slouch,0.13869567400923108,0.13869567400923108,4.812,4.812
15,lower_back,71,good+neck slouch+shoulder slouch,0.13929906300157077,0.13929906300157077,4.91925,4.91925
15,lower_back,72,neck slouch+shoulder slouch,0.13929906300157077,0.13929906300157077,4.91925,4.91925
15,lower_back,73,good+neck slouch+shoulder slouch,0.1397963004536779,0.1397963004536779,4.82175,4.82175
15,lower_back,74,neck slouch+shoulder slouch,0.1397963004536779,0.1397963004536779,4.82175,4.82175
15,lower_back,75,good+neck slouch+shoulder slouch,0.1402600160582943,0.14405913204452442,4.3254,4.687
15,lower_back,76,neck slouch+shoulder slouch,0.14405913204452442,0.14405913204452442,4.6251999999999995,4.6251999999999995
15,lower_back,77,good+neck slouch+shoulder slouch,0.14462341265880133,0.14618775470786455,4.4934,4.5922
15,lower_back,78,neck slouch+shoulder slouch,0.14671851347465073,0.14671851347465073,5.6525,5.6525
15,lower_back,79,shoulder slouch,0.14671851347465073,0.15098134533190308,5.5825,6.004
15,lower_back,80,neck slouch+shoulder slouch,0.15144506093651947,0.15144506093651947,4.9216,4.9216
15,lower_back,81,good+neck slouch+shoulder slouch,0.15197581970330565,0.15903211931502387,3.82725,5.2854
15,lower_back,82,shoulder slouch,0.15903211931502387,0.1595684651451938,5.2854,6.9422
15,lower_back,83,good+neck slouch+shoulder slouch,0.16016626734055558,0.16016626734055558,3.775,3.775
15,lower_back,84,shoulder slouch,0.16016626734055558,0.16016626734055558,3.775,3.775
15,lower_back,85,good+neck slouch,0.16073054768842668,0.16073054768842668,2.3742,2.3742
15,lower_back,86,good+neck slouch+shoulder slouch,0.16073054768842668,0.16073054768842668,2.3742,2.3742
15,lower_back,87,good+neck slouch,0.16130041509968146,0.16130041509968146,1.8183333333333334,1.8183333333333334
15,lower_back,88,neck slouch,0.16193173887612816,0.16193173887612816,0.85575,0.85575
15,lower_back,89,good+neck slouch,0.16193173887612816,0.16193173887612816,0.85575,0.85575
15,lower_back,90,neck slouch,0.16239545448074458,0.16239545448074458,2.384,2.384
15,lower_back,91,good+neck slouch,0.16239545448074458,0.16239545448074458,2.384,2.384
15,lower_back,92,good+neck slouch+shoulder slouch,0.16239545448074458,0.16302677825719125,2.384,7.718
15,lower_back,93,shoulder slouch,0.16302677825719125,0.16302677825719125,7.718,7.718
15,lower_back,94,lumbar slouch,0.16302677825719125,0.16349608092519138,7.718,20.36725
15,lower_back,95,unknown,0.16349608092519138,0.16625602683216656,20.36725,26.209
15,lower_back,96,good+neck slouch+shoulder slouch,0.1668594160909121,0.1668594160909121,9.522,9.522
15,lower_back,97,shoulder slouch,0.1668594160909121,0.1668594160909121,9.522,9.522
15,lower_back,98,lumbar slouch,0.1668594160909121,0.1668594160909121,9.522,9.522
15,lower_back,99,unknown,0.16739017485769828,0.16739017485769828,-1.861,-1.861
15,lower_back,100,good+neck slouch,0.16739017485769828,0.16739017485769828,-1.861,-1.861
15,lower_back,101,good+neck slouch+shoulder slouch,0.16739017485769828,0.16739017485769828,-1.861,-1.861
15,lower_back,102,unknown,0.16795445520556934,0.27100548082765924,-28.05375,-3.811
15,lower_back,103,lumbar slouch,0.27153623959444545,0.31130963351449936,10.1766,18.9185
15,lower_back,104,unknown,0.31130963351449936,0.3131421484786476,18.9185,19.5798
15,lower_back,105,lumbar slouch,0.31373995040760355,0.31373995040760355,17.6638,17.6638
15,lower_back,106,unknown,0.31373995040760355,0.31373995040760355,17.6638,17.6638
15,lower_back,107,lumbar slouch,0.3144047957651351,0.3748833726493215,13.8922,19.0285
15,lower_back,108,unknown,0.3748833726493215,0.3748833726493215,19.0285,19.0285
15,lower_back,109,lumbar slouch,0.3753526753173216,0.3753526753173216,18.838749999999997,18.838749999999997
15,lower_back,110,unknown,0.3753526753173216,0.3753526753173216,18.838749999999997,18.838749999999997
15,lower_back,111,lumbar slouch,0.375816390921938,0.4101983920225916,11.261,18.525
15,lower_back,112,unknown,0.4101983920225916,0.4106676946905918,17.845750000000002,27.3518
15,lower_back,113,laying back,0.4106676946905918,0.4106676946905918,27.3518,27.3518
15,lower_back,114,unknown,0.41119845345737793,0.41119845345737793,23.5448,23.5448
15,lower_back,115,laying back,0.41119845345737793,0.41119845345737793,23.5448,23.5448
15,lower_back,116,unknown,0.41176273407165487,0.47902943765247447,19.444499999999998,22.95175
15,lower_back,117,lumbar slouch,0.4794987400540688,0.48375598484793736,17.1926,18.634666666666668
15,lower_back,118,unknown,0.48375598484793736,0.5018297214324563,18.634666666666668,26.31525
15,lower_back,119,laying back,0.5018297214324563,0.5018297214324563,26.31525,26.31525
15,lower_back,120,unknown,0.5022990238340506,0.5127801149766814,21.6454,26.4222
15,lower_back,121,laying back,0.5127801149766814,0.5127801149766814,26.4222,26.4222
15,lower_back,122,unknown,0.5133835039690211,0.5133835039690211,26.455166666666667,26.455166666666667
15,lower_back,123,laying back,0.5133835039690211,0.5133835039690211,26.455166666666667,26.455166666666667
15,lower_back,124,unknown,0.5139813061643829,0.5139813061643829,26.41675,26.41675
15,lower_back,125,laying back,0.5139813061643829,0.5139813061643829,26.41675,26.41675
15,lower_back,126,unknown,0.5144785433500842,0.5150428236979553,26.289,26.768166666666666
15,lower_back,127,laying back,0.5150428236979553,0.5157132561188706,26.6988,26.768166666666666
15,lower_back,128,unknown,0.5162440148856567,0.5162440148856567,26.5408,26.5408
15,lower_back,129,laying back,0.5162440148856567,0.5162440148856567,26.5408,26.5408
15,lower_back,130,unknown,0.5168082954999337,0.51780835693472,26.138,26.7506
15,lower_back,131,laying back,0.51780835693472,0.5195403068892077,26.730666666666668,26.9208
15,lower_back,132,unknown,0.52010458750348465,0.52010458750348465,26.593166666666665,26.593166666666665
15,lower_back,133,laying back,0.52010458750348465,0.52010458750348465,26.593166666666665,26.593166666666665
15,lower_back,134,unknown,0.520836476023186,0.520836476023186,26.456,26.456
15,lower_back,135,laying back,0.520836476023186,0.5213672347899722,26.456,26.875600000000002
15,lower_back,136,unknown,0.5220041453633967,0.5220041453633967,26.072333333333333,26.072333333333333
15,lower_back,137,laying back,0.5220041453633967,0.5220041453633967,26.072333333333333,26.072333333333333
15,lower_back,138,unknown,0.5226019475587586,0.5247640915367777,25.5156,26.0386
15,lower_back,139,laying back,0.5247640915367777,0.5258311964001396,26.0386,26.5838
15,lower_back,140,unknown,0.5264289983290956,0.5264289983290956,27.355800000000002,27.355800000000002
15,lower_back,141,laying back,0.5264289983290956,0.5264289983290956,27.355800000000002,27.355800000000002
15,lower_back,142,unknown,0.5269932789433726,0.5269932789433726,26.2926,26.2926
15,lower_back,143,laying back,0.5269932789433726,0.5695657274148702,26.2926,30.198666666666668
15,lower_back,144,lumbar slouch,0.5701635296102321,0.5701635296102321,21.844,21.844
15,lower_back,145,unknown,0.5701635296102321,0.5701635296102321,21.844,21.844
15,lower_back,146,laying back,0.5701635296102321,0.5701635296102321,21.844,21.844
15,lower_back,147,good+neck slouch+shoulder slouch,0.5707948533866788,0.5707948533866788,7.6056,7.6056
15,lower_back,148,shoulder slouch,0.5707948533866788,0.5707948533866788,7.6056,7.6056
15,lower_back,149,lumbar slouch,0.5707948533866788,0.5707948533866788,7.6056,7.6056
15,lower_back,150,good+neck slouch,0.5713647207979335,0.5713647207979335,4.8404,4.8404
15,lower_back,151,good+neck slouch+shoulder slouch,0.5713647207979335,0.5713647207979335,4.8404,4.8404
15,lower_back,152,shoulder slouch,0.5713647207979335,0.5718954795647198,4.8404,6.1986
15,lower_back,153,good+neck slouch+shoulder slouch,0.5724597601789967,0.5724597601789967,5.2274,5.2274
15,lower_back,154,neck slouch+shoulder slouch,0.5724597601789967,0.5724597601789967,5.2274,5.2274
15,lower_back,155,shoulder slouch,0.5724597601789967,0.5724597601789967,5.2274,5.2274
15,lower_back,156,good+neck slouch+shoulder slouch,0.5730240405268677,0.5730240405268677,5.0252,5.0252
15,lower_back,157,neck slouch+shoulder slouch,0.5730240405268677,0.5730240405268677,5.0252,5.0252
15,lower_back,158,shoulder slouch,0.5730240405268677,0.5730240405268677,5.0252,5.0252
15,lower_back,159,neck slouch+shoulder slouch,0.5735603863570377,0.5735603863570377,5.4095,5.4095
15,lower_back,160,shoulder slouch,0.5735603863570377,0.5747224689002705,5.4095,8.7102
15,lower_back,161,unknown,0.5747224689002705,0.5752252931493556,8.7102,9.9832
15,lower_back,162,lumbar slouch,0.5752252931493556,0.5809463149826268,9.4956,10.687166666666666
15,lower_back,163,unknown,0.581415617650627,0.581415617650627,9.4675,9.4675
15,lower_back,164,lumbar slouch,0.581415617650627,0.581415617650627,9.4675,9.4675
15,lower_back,165,unknown,0.5820804630081585,0.5820804630081585,9.2415,9.2415
15,lower_back,166,lumbar slouch,0.5820804630081585,0.5820804630081585,9.2415,9.2415
15,lower_back,167,unknown,0.5826782652035204,0.5826782652035204,9.406166666666667,9.406166666666667
15,lower_back,168,lumbar slouch,0.5826782652035204,0.5839800211344766,9.406166666666667,10.2282
15,lower_back,169,unknown,0.5845107799012628,0.5845107799012628,9.875499999999999,9.875499999999999
15,lower_back,170,lumbar slouch,0.5845107799012628,0.5845107799012628,9.875499999999999,9.875499999999999
15,lower_back,171,shoulder slouch,0.5849744955058791,0.5849744955058791,8.681833333333334,8.681833333333334
15,lower_back,172,unknown,0.5849744955058791,0.5849744955058791,8.681833333333334,8.681833333333334
15,lower_back,173,lumbar slouch,0.5849744955058791,0.5849744955058791,8.681833333333334,8.681833333333334
15,lower_back,174,shoulder slouch,0.5856393408634107,0.5861086435314108,7.030333333333333,7.78925
15,lower_back,175,unknown,0.5867734888889424,0.5867734888889424,1.7314,1.7314
15,lower_back,176,good+neck slouch,0.5867734888889424,0.5867734888889424,1.7314,1.7314
15,lower_back,177,good+neck slouch+shoulder slouch,0.5867734888889424,0.5867734888889424,1.7314,1.7314
15,lower_back,178,unknown,0.5873042476557286,0.5905670180781947,-3.2066,0.3044
15,lower_back,179,good+neck slouch+shoulder slouch,0.5905670180781947,0.5905670180781947,0.3044,0.3044
15,lower_back,180,neck slouch+shoulder slouch,0.5911312984260657,0.5911312984260657,7.9925999999999995,7.9925999999999995
15,lower_back,181,shoulder slouch,0.5911312984260657,0.5911312984260657,7.9925999999999995,7.9925999999999995
15,lower_back,182,lumbar slouch,0.5911312984260657,0.5911312984260657,7.9925999999999995,7.9925999999999995
15,lower_back,183,unknown,0.5917011658373205,0.5917011658373205,9.937,9.937
15,lower_back,184,lumbar slouch,0.5917011658373205,0.5917011658373205,9.937,9.937
15,lower_back,185,shoulder slouch,0.5922319248705126,0.5974892310991674,6.6232500000000005,8.775333333333332
15,lower_back,186,unknown,0.5974892310991674,0.5980926200915071,8.775333333333332,9.18725
15,lower_back,187,shoulder slouch,0.5986233791246992,0.5991876594725702,8.153,8.7196
15,lower_back,188,unknown,0.5991876594725702,0.5991876594725702,8.7196,8.7196
15,lower_back,189,shoulder slouch,0.5997184185057622,0.6014168468791651,5.8776,8.16425
15,lower_back,190,good+neck slouch+shoulder slouch,0.601953192709335,0.6024169083139513,3.638333333333333,3.64175
15,lower_back,191,neck slouch+shoulder slouch,0.6030147102429073,0.6030147102429073,5.7844,5.7844
15,lower_back,192,shoulder slouch,0.6030147102429073,0.6041823798495239,5.7844,8.725750000000001
15,lower_back,193,unknown,0.6041823798495239,0.6041823798495239,8.725750000000001,8.725750000000001
15,lower_back,194,shoulder slouch,0.6046796170352252,0.6091044700009242,5.5458,8.275333333333332
15,lower_back,195,good+neck slouch,0.6096408158310941,0.6096408158310941,2.872,2.872
15,lower_back,196,good+neck slouch+shoulder slouch,0.6096408158310941,0.6096408158310941,2.872,2.872
15,lower_back,197,good+neck slouch,0.6102386180264558,0.6102386180264558,2.194,2.194
15,lower_back,198,good+neck slouch+shoulder slouch,0.6102386180264558,0.6113392442044968,2.194,4.82575
15,lower_back,199,shoulder slouch,0.6113392442044968,0.6113392442044968,4.82575,4.82575
15,lower_back,200,good+neck slouch+shoulder slouch,0.6118364813901981,0.6118364813901981,4.331,4.331
15,lower_back,201,shoulder slouch,0.6118364813901981,0.6118364813901981,4.331,4.331
15,lower_back,202,good+neck slouch+shoulder slouch,0.6125348483288146,0.6130320857809217,3.3715,3.4298
15,lower_back,203,good+neck slouch,0.6136019531921765,0.6141662335400476,1.7752000000000001,2.5028
15,lower_back,204,good+neck slouch+shoulder slouch,0.6141662335400476,0.6146969925732396,2.5028,4.3286
15,lower_back,205,good+neck slouch,0.6152333384034095,0.6152333384034095,2.2894,2.2894
15,lower_back,206,good+neck slouch+shoulder slouch,0.6152333384034095,0.6152333384034095,2.2894,2.2894
15,lower_back,207,neck slouch,0.6157976187512806,0.6157976187512806,1.2282,1.2282
15,lower_back,208,good+neck slouch,0.6157976187512806,0.6157976187512806,1.2282,1.2282
15,lower_back,209,unknown,0.6163283777844726,0.6163283777844726,-3.0826,-3.0826
15,lower_back,210,neck slouch,0.6163283777844726,0.6163283777844726,-3.0826,-3.0826
15,lower_back,211,unknown,0.6169597012945135,0.6312399084233744,-11.4002,-0.355
15,lower_back,212,neck slouch,0.6312399084233744,0.6312399084233744,-0.355,-0.355
15,lower_back,213,unknown,0.6317762542535443,0.6317762542535443,0.21519999999999997,0.21519999999999997
15,lower_back,214,good+neck slouch,0.6317762542535443,0.6317762542535443,0.21519999999999997,0.21519999999999997
15,lower_back,215,good+neck slouch+shoulder slouch,0.6317762542535443,0.6317762542535443,0.21519999999999997,0.21519999999999997
15,lower_back,216,unknown,0.6323740564489061,0.6333685310867145,-5.868,-2.3818
15,lower_back,217,good+neck slouch,0.6333685310867145,0.6333685310867145,-2.3818,-2.3818
15,lower_back,218,unknown,0.6339383984979693,0.6424584751490903,-13.939285714285715,-0.32033333333333336
15,lower_back,219,good+neck slouch,0.6424584751490903,0.6424584751490903,-0.32033333333333336,-0.32033333333333336
15,lower_back,220,neck slouch,0.6430562770780462,0.6430562770780462,0.7396,0.7396
15,lower_back,221,good+neck slouch,0.6430562770780462,0.6430562770780462,0.7396,0.7396
15,lower_back,222,neck slouch,0.6436205576923232,0.6436205576923232,1.0074,1.0074
15,lower_back,223,good+neck slouch,0.6436205576923232,0.6441904251035779,1.0074,1.6478333333333333
15,lower_back,224,unknown,0.6448217488800246,0.6448217488800246,0.71,0.71
15,lower_back,225,neck slouch,0.6448217488800246,0.6448217488800246,0.71,0.71
15,lower_back,226,good+neck slouch,0.6448217488800246,0.6448217488800246,0.71,0.71
15,lower_back,227,unknown,0.6454195508089806,0.6459838314232575,-0.7363999999999999,1.4678
15,lower_back,228,neck slouch,0.6459838314232575,0.6459838314232575,1.4678,1.4678
15,lower_back,229,good+neck slouch,0.6459838314232575,0.6459838314232575,1.4678,1.4678
15,lower_back,230,good+neck slouch+shoulder slouch,0.6459838314232575,0.6459838314232575,1.4678,1.4678
15,lower_back,231,good+neck slouch,0.6465536988345123,0.6465536988345123,2.5444,2.5444
15,lower_back,232,good+neck slouch+shoulder slouch,0.6465536988345123,0.6465536988345123,2.5444,2.5444
15,lower_back,233,good+neck slouch,0.6471179791823833,0.6471179791823833,2.3894,2.3894
15,lower_back,234,good+neck slouch+shoulder slouch,0.6471179791823833,0.6471179791823833,2.3894,2.3894
15,lower_back,235,good+neck slouch,0.6476822597966603,0.6476822597966603,3.6912,3.6912
15,lower_back,236,good+neck slouch+shoulder slouch,0.6476822597966603,0.6476822597966603,3.6912,3.6912
15,lower_back,237,good+neck slouch,0.6482186056268302,0.6482186056268302,2.59825,2.59825
15,lower_back,238,good+neck slouch+shoulder slouch,0.6482186056268302,0.6482186056268302,2.59825,2.59825
15,lower_back,239,good+neck slouch,0.6486823212314466,0.6492130799982327,2.307,2.7048
15,lower_back,240,good+neck slouch+shoulder slouch,0.6492130799982327,0.6492130799982327,2.7048,2.7048
15,lower_back,241,good+neck slouch,0.6497829474094876,0.6497829474094876,2.7574,2.7574
15,lower_back,242,good+neck slouch+shoulder slouch,0.6497829474094876,0.6497829474094876,2.7574,2.7574
15,lower_back,243,good+neck slouch,0.6503472280237645,0.6503472280237645,2.664,2.664
15,lower_back,244,good+neck slouch+shoulder slouch,0.6503472280237645,0.6503472280237645,2.664,2.664
15,lower_back,245,good+neck slouch,0.6509115083716356,0.6509115083716356,2.736666666666667,2.736666666666667
15,lower_back,246,good+neck slouch+shoulder slouch,0.6509115083716356,0.6515763537291671,2.650857142857143,2.736666666666667
15,lower_back,247,good+neck slouch,0.6523417638299535,0.6523417638299535,2.6502,2.6502
15,lower_back,248,good+neck slouch+shoulder slouch,0.6523417638299535,0.6546044728176331,2.6502,3.5882
15,lower_back,249,good+neck slouch,0.6551743402288879,0.6551743402288879,1.4181666666666666,1.4181666666666666
15,lower_back,250,unknown,0.6558727071675043,0.6558727071675043,0.391,0.391
15,lower_back,251,neck slouch,0.6558727071675043,0.656537552525036,0.391,0.7822
15,lower_back,252,good+neck slouch,0.656537552525036,0.656537552525036,0.7822,0.7822
15,lower_back,253,unknown,0.6570683112918222,0.6570683112918222,0.8294,0.8294
15,lower_back,254,good+neck slouch,0.6570683112918222,0.6576046571219921,0.8294,1.821
15,lower_back,255,good+neck slouch+shoulder slouch,0.6576046571219921,0.6580683727266085,1.821,3.9176
15,lower_back,256,good+neck slouch,0.6585991317598004,0.6585991317598004,2.8444,2.8444
15,lower_back,257,good+neck slouch+shoulder slouch,0.6585991317598004,0.6585991317598004,2.8444,2.8444
15,lower_back,258,unknown,0.6592025207521401,0.6592025207521401,-0.7195,-0.7195
15,lower_back,259,neck slouch,0.6592025207521401,0.6592025207521401,-0.7195,-0.7195
15,lower_back,260,unknown,0.659800322947502,0.6603310817142882,-0.89125,2.0561666666666665
15,lower_back,261,neck slouch,0.6603310817142882,0.6603310817142882,2.0561666666666665,2.0561666666666665
15,lower_back,262,good+neck slouch,0.6603310817142882,0.6603310817142882,2.0561666666666665,2.0561666666666665
15,lower_back,263,good+neck slouch+shoulder slouch,0.6603310817142882,0.6603310817142882,2.0561666666666665,2.0561666666666665
15,lower_back,264,neck slouch+shoulder slouch,0.6603310817142882,0.6603310817142882,2.0561666666666665,2.0561666666666665
15,lower_back,265,shoulder slouch,0.66092888390965,0.6643257406564556,5.6008,6.5006
15,lower_back,266,good+neck slouch+shoulder slouch,0.6648900210043266,0.6648900210043266,5.1846,5.1846
15,lower_back,267,neck slouch+shoulder slouch,0.6648900210043266,0.6648900210043266,5.1846,5.1846
15,lower_back,268,shoulder slouch,0.6648900210043266,0.6648900210043266,5.1846,5.1846
15,lower_back,269,good+neck slouch+shoulder slouch,0.6654263668344965,0.6654263668344965,4.811166666666667,4.811166666666667
15,lower_back,270,neck slouch+shoulder slouch,0.6654263668344965,0.6654263668344965,4.811166666666667,4.811166666666667
15,lower_back,271,shoulder slouch,0.6654263668344965,0.6654263668344965,4.811166666666667,4.811166666666667
15,lower_back,272,good+neck slouch+shoulder slouch,0.6660912121920282,0.6665549277966445,4.01575,4.9395
15,lower_back,273,neck slouch+shoulder slouch,0.6665549277966445,0.6665549277966445,4.9395,4.9395
15,lower_back,274,shoulder slouch,0.6665549277966445,0.6665549277966445,4.9395,4.9395
15,lower_back,275,good+neck slouch+shoulder slouch,0.6672197731541761,0.6672197731541761,5.0668,5.0668
15,lower_back,276,neck slouch+shoulder slouch,0.6672197731541761,0.6672197731541761,5.0668,5.0668
15,lower_back,277,shoulder slouch,0.6672197731541761,0.6672197731541761,5.0668,5.0668
15,lower_back,278,good+neck slouch,0.6677896405654309,0.6677896405654309,2.6048,2.6048
15,lower_back,279,good+neck slouch+shoulder slouch,0.6677896405654309,0.6677896405654309,2.6048,2.6048
15,lower_back,280,good+neck slouch,0.6683539211797078,0.6689182015275789,1.3294,2.4114
15,lower_back,281,good+neck slouch+shoulder slouch,0.6689182015275789,0.6689182015275789,2.4114,2.4114
15,lower_back,282,good+neck slouch,0.669448960560771,0.669448960560771,2.9324,2.9324
15,lower_back,283,good+neck slouch+shoulder slouch,0.669448960560771,0.6699853063909408,2.9324,4.8626000000000005
15,lower_back,284,neck slouch+shoulder slouch,0.6699853063909408,0.6699853063909408,4.8626000000000005,4.8626000000000005
15,lower_back,285,shoulder slouch,0.6699853063909408,0.6699853063909408,4.8626000000000005,4.8626000000000005
15,lower_back,286,neck slouch+shoulder slouch,0.6705495867388119,0.6705495867388119,5.2646,5.2646
15,lower_back,287,shoulder slouch,0.6705495867388119,0.6710803457720039,5.2646,6.1128
15,lower_back,288,good+neck slouch+shoulder slouch,0.6716837347643436,0.6716837347643436,4.676,4.676
15,lower_back,289,neck slouch+shoulder slouch,0.6716837347643436,0.6716837347643436,4.676,4.676
15,lower_back,290,shoulder slouch,0.6716837347643436,0.6716837347643436,4.676,4.676
15,lower_back,291,good+neck slouch+shoulder slouch,0.6722144935311298,0.6727787741454068,3.2158,4.8922
15,lower_back,292,neck slouch+shoulder slouch,0.6727787741454068,0.6727787741454068,4.8922,4.8922
15,lower_back,293,shoulder slouch,0.6727787741454068,0.6733486415566615,4.8922,5.702
15,lower_back,294,good+neck slouch+shoulder slouch,0.6739799650667023,0.6739799650667023,5.0035,5.0035
15,lower_back,295,neck slouch+shoulder slouch,0.6739799650667023,0.6739799650667023,5.0035,5.0035
15,lower_back,296,shoulder slouch,0.6739799650667023,0.6739799650667023,5.0035,5.0035
15,lower_back,297,good+neck slouch+shoulder slouch,0.6745777672620642,0.6751420478763411,4.421,5.7155000000000005
15,lower_back,298,shoulder slouch,0.6751420478763411,0.6762761956354669,5.7155000000000005,6.23625
15,lower_back,299,good+neck slouch+shoulder slouch,0.6768739978308288,0.6768739978308288,5.692,5.692
15,lower_back,300,neck slouch+shoulder slouch,0.6768739978308288,0.6768739978308288,5.692,5.692
15,lower_back,301,shoulder slouch,0.6768739978308288,0.6768739978308288,5.692,5.692
15,lower_back,302,good+neck slouch+shoulder slouch,0.6774717997597848,0.6774717997597848,4.2997499999999995,4.2997499999999995
15,lower_back,303,good+neck slouch,0.6779746240088698,0.6779746240088698,3.3609999999999998,3.3609999999999998
15,lower_back,304,good+neck slouch+shoulder slouch,0.6779746240088698,0.6779746240088698,3.3609999999999998,3.3609999999999998
15,lower_back,305,good+neck slouch,0.6786729909474862,0.6798350734907191,1.7705,2.0104
15,lower_back,306,unknown,0.6804049409019739,0.6867908083591826,-9.2526,2.3732
15,lower_back,307,good+neck slouch,0.6867908083591826,0.6867908083591826,2.3732,2.3732
15,lower_back,308,good+neck slouch+shoulder slouch,0.6867908083591826,0.6873271541893525,2.3732,4.282
15,lower_back,309,unknown,0.6878243913750539,0.6878243913750539,1.1512857142857142,1.1512857142857142
15,lower_back,310,good+neck slouch,0.6878243913750539,0.6878243913750539,1.1512857142857142,1.1512857142857142
15,lower_back,311,good+neck slouch+shoulder slouch,0.6878243913750539,0.6878243913750539,1.1512857142857142,1.1512857142857142
15,lower_back,312,neck slouch+shoulder slouch,0.6878243913750539,0.6878243913750539,1.1512857142857142,1.1512857142857142
15,lower_back,313,shoulder slouch,0.6885227583136704,0.6885227583136704,10.863,10.863
15,lower_back,314,lumbar slouch,0.6885227583136704,0.689154082090117,10.863,18.748
15,lower_back,315,unknown,0.689154082090117,0.689154082090117,18.748,18.748
15,lower_back,316,lumbar slouch,0.6897239495013718,0.6942493672103254,16.7078,19.0096
15,lower_back,317,unknown,0.6942493672103254,0.6947801259771116,19.0096,20.518
15,lower_back,318,lumbar slouch,0.6953779281724733,0.6953779281724733,18.612666666666666,18.612666666666666
15,lower_back,319,unknown,0.6953779281724733,0.6953779281724733,18.612666666666666,18.612666666666666
15,lower_back,320,lumbar slouch,0.6960762951110898,0.6996072384486408,13.584666666666667,17.32975
15,lower_back,321,unknown,0.6996072384486408,0.6996072384486408,17.32975,17.32975
15,lower_back,322,lumbar slouch,0.7000709540532573,0.7000709540532573,17.732,17.732
15,lower_back,323,unknown,0.7000709540532573,0.7000709540532573,17.732,17.732
15,lower_back,324,lumbar slouch,0.7006072998834272,0.7113565636747371,14.3548,16.3376
15,lower_back,325,shoulder slouch,0.7119208442890139,0.7119208442890139,12.6555,12.6555
15,lower_back,326,lumbar slouch,0.7119208442890139,0.7119208442890139,12.6555,12.6555
15,lower_back,327,good+neck slouch,0.7125577548624386,0.7125577548624386,6.3338,6.3338
15,lower_back,328,good+neck slouch+shoulder slouch,0.7125577548624386,0.7125577548624386,6.3338,6.3338
15,lower_back,329,shoulder slouch,0.7125577548624386,0.7125577548624386,6.3338,6.3338
15,lower_back,330,lumbar slouch,0.7125577548624386,0.7125577548624386,6.3338,6.3338
15,lower_back,331,good+neck slouch+shoulder slouch,0.7131220354767155,0.7131220354767155,3.052,3.052
15,lower_back,332,good+neck slouch,0.7136863158245865,0.7136863158245865,2.5134,2.5134
15,lower_back,333,good+neck slouch+shoulder slouch,0.7136863158245865,0.7136863158245865,2.5134,2.5134
15,lower_back,334,good+neck slouch,0.7142170745913727,0.7142170745913727,2.05,2.05
15,lower_back,335,good+neck slouch+shoulder slouch,0.7148539854312032,0.7148539854312032,4.119,4.119
15,lower_back,336,neck slouch+shoulder slouch,0.7148539854312032,0.7148539854312032,4.119,4.119
15,lower_back,337,good+neck slouch+shoulder slouch,0.7154853092076499,0.7154853092076499,5.069,5.069
15,lower_back,338,neck slouch+shoulder slouch,0.7154853092076499,0.7154853092076499,5.069,5.069
15,lower_back,339,shoulder slouch,0.7154853092076499,0.7165133051601373,5.069,5.836
15,lower_back,340,neck slouch+shoulder slouch,0.7170496509903073,0.7170496509903073,5.38725,5.38725
15,lower_back,341,shoulder slouch,0.7170496509903073,0.7170496509903073,5.38725,5.38725
15,lower_back,342,good+neck slouch+shoulder slouch,0.7175133665949236,0.7175133665949236,4.4576666666666664,4.4576666666666664
15,lower_back,343,neck slouch+shoulder slouch,0.7175133665949236,0.7175133665949236,4.4576666666666664,4.4576666666666664
15,lower_back,344,good+neck slouch+shoulder slouch,0.7181782119524552,0.7181782119524552,4.469,4.469
15,lower_back,345,shoulder slouch,0.7181782119524552,0.7181782119524552,4.469,4.469
15,lower_back,346,neck slouch+shoulder slouch,0.7187145577826252,0.7187145577826252,5.3088,5.3088
15,lower_back,347,shoulder slouch,0.7187145577826252,0.7203124214127733,5.3088,6.5008
15,lower_back,348,good+neck slouch+shoulder slouch,0.7208767017606443,0.7208767017606443,4.2985999999999995,4.2985999999999995
15,lower_back,349,neck slouch+shoulder slouch,0.7208767017606443,0.7208767017606443,4.2985999999999995,4.2985999999999995
15,lower_back,350,good+neck slouch,0.7214074607938363,0.7214074607938363,1.9742,1.9742
15,lower_back,351,good+neck slouch+shoulder slouch,0.7214074607938363,0.7214074607938363,1.9742,1.9742
15,lower_back,352,unknown,0.7219717411417074,0.7219717411417074,-0.43520000000000003,-0.43520000000000003
15,lower_back,353,neck slouch,0.7219717411417074,0.7219717411417074,-0.43520000000000003,-0.43520000000000003
15,lower_back,354,unknown,0.7225080869718773,0.7389504383451633,-23.559,3.5775
15,lower_back,355,neck slouch,0.7389504383451633,0.7389504383451633,3.5775,3.5775
15,lower_back,356,good+neck slouch+shoulder slouch,0.7389504383451633,0.7389504383451633,3.5775,3.5775
15,lower_back,357,lumbar slouch,0.7389504383451633,0.7389504383451633,3.5775,3.5775
15,lower_back,358,neck slouch,0.7394141539497796,0.7394141539497796,6.6588,6.6588
15,lower_back,359,good+neck slouch,0.7394141539497796,0.7394141539497796,6.6588,6.6588
15,lower_back,360,lumbar slouch,0.7394141539497796,0.7394141539497796,6.6588,6.6588
15,lower_back,361,unknown,0.7399504997799495,0.7399504997799495,0.7812,0.7812
15,lower_back,362,neck slouch,0.7399504997799495,0.7399504997799495,0.7812,0.7812
15,lower_back,363,good+neck slouch,0.7399504997799495,0.7399504997799495,0.7812,0.7812
15,lower_back,364,unknown,0.7405483017089055,0.7405483017089055,-0.03666666666666667,-0.03666666666666667
15,lower_back,365,good+neck slouch,0.741246668647522,0.741246668647522,2.589166666666667,2.589166666666667
15,lower_back,366,good+neck slouch+shoulder slouch,0.741246668647522,0.741246668647522,2.589166666666667,2.589166666666667
15,lower_back,367,good+neck slouch,0.7418779924239687,0.7418779924239687,2.9005,2.9005
15,lower_back,368,good+neck slouch+shoulder slouch,0.7418779924239687,0.7444088743267333,2.9005,4.0969999999999995
15,lower_back,369,good+neck slouch,0.7449731546746045,0.7449731546746045,2.137714285714286,2.137714285714286
15,lower_back,370,good+neck slouch+shoulder slouch,0.7449731546746045,0.7449731546746045,2.137714285714286,2.137714285714286
15,lower_back,371,good+neck slouch,0.7457720863564755,0.7457720863564755,2.675,2.675
15,lower_back,372,good+neck slouch+shoulder slouch,0.7457720863564755,0.7463363669707525,2.675,3.1302
15,lower_back,373,good+neck slouch,0.7468727128009224,0.7468727128009224,2.3302,2.3302
15,lower_back,374,good+neck slouch+shoulder slouch,0.7468727128009224,0.7468727128009224,2.3302,2.3302
15,lower_back,375,good+neck slouch,0.7474369931487934,0.748666119120602,1.6624,2.3246000000000002
15,lower_back,376,good+neck slouch+shoulder slouch,0.748666119120602,0.748666119120602,2.3246000000000002,2.3246000000000002
15,lower_back,377,good+neck slouch,0.7492359865318567,0.7492359865318567,2.5842,2.5842
15,lower_back,378,good+neck slouch+shoulder slouch,0.7492359865318567,0.7492359865318567,2.5842,2.5842
15,lower_back,379,good+neck slouch,0.7498002668797278,0.7498002668797278,2.742,2.742
15,lower_back,380,good+neck slouch+shoulder slouch,0.7498002668797278,0.7516998250060458,2.742,3.348
15,lower_back,381,good+neck slouch,0.7523311487824925,0.7523311487824925,2.8245999999999998,2.8245999999999998
15,lower_back,382,good+neck slouch+shoulder slouch,0.7523311487824925,0.7523311487824925,2.8245999999999998,2.8245999999999998
15,lower_back,383,good+neck slouch,0.7529289509778543,0.7534597097446405,1.9732,2.0178333333333334
15,lower_back,384,neck slouch,0.754158076683257,0.754158076683257,0.8233333333333334,0.8233333333333334
15,lower_back,385,good+neck slouch,0.754158076683257,0.754158076683257,0.8233333333333334,0.8233333333333334
15,lower_back,386,neck slouch,0.7548285088377664,0.7548285088377664,0.778,0.778
15,lower_back,387,good+neck slouch,0.7548285088377664,0.7577225416018928,0.778,2.57225
15,lower_back,388,good+neck slouch+shoulder slouch,0.7577225416018928,0.7577225416018928,2.57225,2.57225
15,lower_back,389,good+neck slouch,0.7581862572065092,0.7581862572065092,2.9375999999999998,2.9375999999999998
15,lower_back,390,good+neck slouch+shoulder slouch,0.7581862572065092,0.7581862572065092,2.9375999999999998,2.9375999999999998
15,lower_back,391,good+neck slouch,0.7587226030366792,0.7587226030366792,2.739333333333333,2.739333333333333
15,lower_back,392,good+neck slouch+shoulder slouch,0.7587226030366792,0.7587226030366792,2.739333333333333,2.739333333333333
15,lower_back,393,good+neck slouch,0.7593539268131259,0.7599852503231667,2.3654,2.56
15,lower_back,394,good+neck slouch+shoulder slouch,0.7599852503231667,0.7599852503231667,2.56,2.56
15,lower_back,395,good+neck slouch,0.7605160093563587,0.7605160093563587,2.7904,2.7904
15,lower_back,396,good+neck slouch+shoulder slouch,0.7605160093563587,0.7647788409472052,2.7904,4.763599999999999
15,lower_back,397,neck slouch+shoulder slouch,0.7647788409472052,0.7647788409472052,4.763599999999999,4.763599999999999
15,lower_back,398,good+neck slouch+shoulder slouch,0.7653095999803973,0.7682371540592027,3.6431999999999998,4.6724
15,lower_back,399,neck slouch+shoulder slouch,0.7682371540592027,0.7682371540592027,4.6724,4.6724
15,lower_back,400,good+neck slouch+shoulder slouch,0.7687734998893726,0.7687734998893726,4.6296,4.6296
15,lower_back,401,neck slouch+shoulder slouch,0.7687734998893726,0.7687734998893726,4.6296,4.6296
15,lower_back,402,good+neck slouch+shoulder slouch,0.7693377805036495,0.7699020608515206,4.4406,4.9934
15,lower_back,403,neck slouch+shoulder slouch,0.7699020608515206,0.7699020608515206,4.9934,4.9934
15,lower_back,404,good+neck slouch+shoulder slouch,0.7704719282627753,0.7704719282627753,4.8655,4.8655
15,lower_back,405,neck slouch+shoulder slouch,0.7704719282627753,0.7709356441337976,4.8655,6.1579999999999995
15,lower_back,406,shoulder slouch,0.7709356441337976,0.7709356441337976,6.1579999999999995,6.1579999999999995
15,lower_back,407,unknown,0.771634011072414,0.771634011072414,11.798333333333334,11.798333333333334
15,lower_back,408,lumbar slouch,0.771634011072414,0.7727346372504551,11.798333333333334,18.688
15,lower_back,409,unknown,0.7727346372504551,0.7727346372504551,18.688,18.688
15,lower_back,410,lumbar slouch,0.7733324394458169,0.7857801316105296,14.3152,18.0088
15,lower_back,411,unknown,0.7863108906437216,0.7873109520785079,19.51575,20.732400000000002
15,lower_back,412,lumbar slouch,0.7879087540074639,0.7885791864283792,18.586,18.624
15,lower_back,413,unknown,0.7885791864283792,0.7885791864283792,18.624,18.624
15,lower_back,414,lumbar slouch,0.7891099451951654,0.7921380642836313,18.073333333333334,19.0294
15,lower_back,415,unknown,0.7921380642836313,0.7938029710759492,19.0294,19.7842
15,lower_back,416,lumbar slouch,0.7943672514238203,0.7943672514238203,18.884,18.884
15,lower_back,417,unknown,0.7943672514238203,0.7943672514238203,18.884,18.884
15,lower_back,418,lumbar slouch,0.7948365540918204,0.7963003311312231,18.354285714285712,18.6445
15,lower_back,419,unknown,0.7963003311312231,0.7963003311312231,18.6445,18.6445
15,lower_back,420,lumbar slouch,0.796898133326585,0.7974959355219468,18.4086,18.575
15,lower_back,421,unknown,0.7974959355219468,0.8795456702143064,18.575,23.8385
15,lower_back,422,lumbar slouch,0.8800764292474985,0.8800764292474985,18.3186,18.3186
15,lower_back,423,unknown,0.8800764292474985,0.8800764292474985,18.3186,18.3186
15,lower_back,424,lumbar slouch,0.8806407095953696,0.885434300219408,16.9002,19.9664
15,lower_back,425,unknown,0.885434300219408,0.9262077555742483,19.124,25.075714285714287
15,lower_back,426,lumbar slouch,0.9266714714452706,0.9266714714452706,18.4876,18.4876
15,lower_back,427,unknown,0.9266714714452706,0.9266714714452706,18.4876,18.4876
15,lower_back,428,lumbar slouch,0.9272078170090347,0.9282358132279279,10.2578,14.613000000000001
15,lower_back,429,shoulder slouch,0.9287721590580978,0.9287721590580978,9.1734000000000009,9.1734000000000009
15,lower_back,430,unknown,0.9287721590580978,0.9287721590580978,9.1734000000000009,9.1734000000000009
15,lower_back,431,lumbar slouch,0.9287721590580978,0.9287721590580978,9.1734000000000009,9.1734000000000009
15,lower_back,432,shoulder slouch,0.9293699612534597,0.9300348066109912,7.271166666666667,8.4958
15,lower_back,433,lumbar slouch,0.9300348066109912,0.9300348066109912,8.4958,8.4958
15,lower_back,434,shoulder slouch,0.9305655653777775,0.9305655653777775,11.75,11.75
15,lower_back,435,lumbar slouch,0.9305655653777775,0.9527010038002277,11.75,18.7934
15,lower_back,436,unknown,0.9527010038002277,0.9527010038002277,18.7934,18.7934
15,lower_back,437,lumbar slouch,0.9532652844145046,0.9532652844145046,19.0996,19.0996
15,lower_back,438,unknown,0.9532652844145046,1,19.0996,24.454666666666668
15,mid_back,0,unknown,0,0.009485213343414496,-40.300000000000004,11.296
15,mid_back,1,lumbar slouch,0.009485213343414496,0.009485213343414496,9.748666666666665,9.748666666666665
15,mid_back,2,unknown,0.009891098106717653,0.009891098106717653,51.77975,51.77975
15,mid_back,3,lumbar slouch,0.010415626126848208,0.010415626126848208,44.114399999999996,44.114399999999996
15,mid_back,4,good+neck slouch,0.010415626126848208,0.010415626126848208,44.114399999999996,44.114399999999996
15,mid_back,5,unknown,0.010415626126848208,0.015286242393220352,-127.54566666666666,120.118
15,mid_back,6,good+neck slouch,0.015286242393220352,0.015286242393220352,29.6065,29.6065
15,mid_back,7,laying back,0.015286242393220352,0.015286242393220352,29.6065,29.6065
15,mid_back,8,unknown,0.015810770413350907,0.019676041704813147,-131.878,135.30775
15,mid_back,9,shoulder slouch,0.02012563693795702,0.02012563693795702,35.34725,35.34725
15,mid_back,10,unknown,0.02012563693795702,0.02012563693795702,35.34725,35.34725
15,mid_back,11,neck slouch,0.02012563693795702,0.02012563693795702,35.34725,35.34725
15,mid_back,12,unknown,0.02012563693795702,0.023397692243037505,-102.202,35.34725
15,mid_back,13,lumbar slouch,0.023397692243037505,0.023397692243037505,34.01525,34.01525
15,mid_back,14,good+neck slouch,0.023397692243037505,0.023397692243037505,34.01525,34.01525
15,mid_back,15,lumbar slouch,0.0238785094955721,0.0238785094955721,36.786500000000004,36.786500000000004
15,mid_back,16,neck slouch,0.0238785094955721,0.0238785094955721,36.786500000000004,36.786500000000004
15,mid_back,17,good+neck slouch,0.0238785094955721,0.0238785094955721,36.786500000000004,36.786500000000004
15,mid_back,18,unknown,0.024403037217947413,0.024403037217947413,21.9418,21.9418
15,mid_back,19,shoulder slouch,0.024403037217947413,0.024403037217947413,21.9418,21.9418
15,mid_back,20,unknown,0.024403037217947413,0.027156809025877582,-66.03625,21.9418
15,mid_back,21,shoulder slouch,0.027156809025877582,0.027156809025877582,-21.53025,-21.53025
15,mid_back,22,unknown,0.027675092523027897,0.027675092523027897,59.2285,59.2285
15,mid_back,23,laying back,0.027675092523027897,0.027675092523027897,59.2285,59.2285
15,mid_back,24,unknown,0.027675092523027897,0.028155909775562492,53.95375,59.2285
15,mid_back,25,laying back,0.028155909775562492,0.028155909775562492,53.95375,53.95375
15,mid_back,26,unknown,0.028155909775562492,0.028155909775562492,53.95375,53.95375
15,mid_back,27,lumbar slouch,0.028680437795693046,0.028680437795693046,37.873333333333335,37.873333333333335
15,mid_back,28,lumbar slouch+neck slouch,0.028680437795693046,0.028680437795693046,37.873333333333335,37.873333333333335
15,mid_back,29,good,0.028680437795693046,0.028680437795693046,37.873333333333335,37.873333333333335
15,mid_back,30,unknown,0.02912378880361192,0.02912378880361192,-8.73825,-8.73825
15,mid_back,31,lumbar slouch,0.02912378880361192,0.02912378880361192,-8.73825,-8.73825
15,mid_back,32,unknown,0.029648316525987234,0.030616195554036666,-17.6,16.986250000000002
15,mid_back,33,shoulder slouch,0.030616195554036666,0.03105954656195554,16.986250000000002,30.07225
15,mid_back,34,unknown,0.03105954656195554,0.031989959047634006,24.404,30.43
15,mid_back,35,shoulder slouch,0.031989959047634006,0.031989959047634006,24.404,24.404
15,mid_back,36,unknown,0.031989959047634006,0.037235238355673834,-68.712,67.55499999999999
15,mid_back,37,laying back,0.037235238355673834,0.037235238355673834,54.969,54.969
15,mid_back,38,unknown,0.037235238355673834,0.037684833588817704,29.122,54.969
15,mid_back,39,shoulder slouch,0.037684833588817704,0.037684833588817704,29.122,29.122
15,mid_back,40,lumbar slouch,0.037684833588817704,0.037684833588817704,29.122,29.122
15,mid_back,41,good,0.037684833588817704,0.037684833588817704,29.122,29.122
15,mid_back,42,unknown,0.03816565113910755,0.041662503911882344,-64.1725,69.582
15,mid_back,43,lumbar slouch,0.04211209914502622,0.04211209914502622,49.276,49.276
15,mid_back,44,unknown,0.04211209914502622,0.04211209914502622,49.276,49.276
15,mid_back,45,laying back,0.04211209914502622,0.04211209914502622,49.276,49.276
15,mid_back,46,unknown,0.04211209914502622,0.04266784888679225,19.632333333333335,49.276
15,mid_back,47,shoulder slouch,0.04266784888679225,0.04266784888679225,19.632333333333335,19.632333333333335
15,mid_back,48,unknown,0.04311119989471113,0.04660805296524117,-105.23633333333333,132.57033333333334
15,mid_back,49,laying back,0.047132580687616485,0.047132580687616485,73.726,73.726
15,mid_back,50,unknown,0.047132580687616485,0.048100459715665914,32.615,73.726
15,mid_back,51,laying back,0.048100459715665914,0.048100459715665914,61.735,61.735
15,mid_back,52,unknown,0.048100459715665914,0.048100459715665914,61.735,61.735
15,mid_back,53,lumbar slouch,0.048506344478969066,0.048506344478969066,40.711666666666666,40.711666666666666
15,mid_back,54,good,0.048506344478969066,0.048506344478969066,40.711666666666666,40.711666666666666
15,mid_back,55,unknown,0.048506344478969066,0.06484164261469529,-168.523,177.548
15,mid_back,56,lumbar slouch,0.06484164261469529,0.06484164261469529,32.819,32.819
15,mid_back,57,unknown,0.06484164261469529,0.07585048472792524,-28.319,32.819
15,mid_back,58,shoulder slouch,0.07585048472792524,0.07737411349774072,25.128,26.904
15,mid_back,59,unknown,0.07786117497550031,0.07786117497550031,24.37875,24.37875
15,mid_back,60,shoulder slouch,0.07786117497550031,0.07786117497550031,24.37875,24.37875
15,mid_back,61,unknown,0.07837945847265061,0.09534543913712955,-72.294,84.13625
15,mid_back,62,shoulder slouch,0.09534543913712955,0.09534543913712955,26.04175,26.04175
15,mid_back,63,unknown,0.09586372263427986,0.096350784409794707,30.152,33.27033333333333
15,mid_back,64,lumbar slouch,0.096350784409794707,0.09683160166232929,33.27033333333333,36.4215
15,mid_back,65,lumbar slouch+neck slouch,0.09683160166232929,0.09683160166232929,36.4215,36.4215
15,mid_back,66,neck slouch,0.09683160166232929,0.09683160166232929,36.4215,36.4215
15,mid_back,67,unknown,0.09734988515947961,0.09734988515947961,32.664,32.664
15,mid_back,68,lumbar slouch,0.09734988515947961,0.09734988515947961,32.664,32.664
15,mid_back,69,unknown,0.09791187942422588,0.09791187942422588,26.5345,26.5345
15,mid_back,70,shoulder slouch,0.09791187942422588,0.09791187942422588,26.5345,26.5345
15,mid_back,71,unknown,0.09791187942422588,0.10490558496977549,-32.42175,26.5345
15,mid_back,72,shoulder slouch,0.10490558496977549,0.10534893597769436,25.40175,28.723666666666666
15,mid_back,73,unknown,0.10534893597769436,0.10579853150859347,28.723666666666666,31.7765
15,mid_back,74,lumbar slouch,0.10620441597414139,0.10620441597414139,34.593666666666664,34.593666666666664
15,mid_back,75,lumbar slouch+neck slouch,0.1066540115050405,0.1066540115050405,37.16925,37.16925
15,mid_back,76,neck slouch,0.1066540115050405,0.1066540115050405,37.16925,37.16925
15,mid_back,77,good+neck slouch,0.10709736251295938,0.10709736251295938,39.54366666666667,39.54366666666667
15,mid_back,78,good,0.10754695774610326,0.10754695774610326,41.7095,41.7095
15,mid_back,79,unknown,0.10754695774610326,0.10985113402313432,41.7095,47.35225
15,mid_back,80,good,0.11030072955403343,0.11030072955403343,41.93225,41.93225
15,mid_back,81,unknown,0.11030072955403343,0.11030072955403343,41.93225,41.93225
15,mid_back,82,lumbar slouch+neck slouch,0.11081901305118375,0.11081901305118375,39.01416666666667,39.01416666666667
15,mid_back,83,neck slouch,0.11081901305118375,0.11081901305118375,39.01416666666667,39.01416666666667
15,mid_back,84,good+neck slouch,0.11081901305118375,0.11081901305118375,39.01416666666667,39.01416666666667
15,mid_back,85,unknown,0.11152462777141266,0.11152462777141266,34.877250000000004,34.877250000000004
15,mid_back,86,lumbar slouch,0.11152462777141266,0.11152462777141266,34.877250000000004,34.877250000000004
15,mid_back,87,lumbar slouch+neck slouch,0.11152462777141266,0.11152462777141266,34.877250000000004,34.877250000000004
15,mid_back,88,good,0.1120491557915432,0.1120491557915432,42.18325,42.18325
15,mid_back,89,unknown,0.1120491557915432,0.11256743928869352,35.6308,42.18325
15,mid_back,90,lumbar slouch,0.11256743928869352,0.11256743928869352,35.6308,35.6308
15,mid_back,91,lumbar slouch+neck slouch,0.11256743928869352,0.11256743928869352,35.6308,35.6308
15,mid_back,92,good+neck slouch,0.11256743928869352,0.11256743928869352,35.6308,35.6308
15,mid_back,93,unknown,0.11308572278584383,0.11308572278584383,26.863333333333333,26.863333333333333
15,mid_back,94,shoulder slouch,0.11308572278584383,0.11308572278584383,26.863333333333333,26.863333333333333
15,mid_back,95,unknown,0.11308572278584383,0.11457812983402382,10.61425,26.863333333333333
15,mid_back,96,shoulder slouch,0.11457812983402382,0.11509641333117414,15.885000000000002,25.9455
15,mid_back,97,unknown,0.11558347480893373,0.1180375163621829,6.476333333333334,22.723666666666666
15,mid_back,98,shoulder slouch,0.1180375163621829,0.11904286163484805,20.397199999999998,29.049
15,mid_back,99,unknown,0.11904286163484805,0.11956114513199836,29.049,32.5888
15,mid_back,100,lumbar slouch,0.11956114513199836,0.12008567285437367,32.5888,35.891
15,mid_back,101,lumbar slouch+neck slouch,0.12008567285437367,0.12056649010690827,35.891,38.59925
15,mid_back,102,neck slouch,0.12056649010690827,0.12056649010690827,38.59925,38.59925
15,mid_back,103,good+neck slouch,0.12056649010690827,0.12108477390181382,38.59925,40.85633333333333
15,mid_back,104,good,0.12108477390181382,0.12108477390181382,40.85633333333333,40.85633333333333
15,mid_back,105,unknown,0.12108477390181382,0.1387938355311374,40.85633333333333,53.757200000000005
15,mid_back,106,laying back,0.13931836355126795,0.1443013788492425,54.70633333333333,60.8985
15,mid_back,107,unknown,0.1443013788492425,0.18700669398065045,60.8544,69.55975000000001
15,mid_back,108,laying back,0.18700669398065045,0.18700669398065045,60.8544,60.8544
15,mid_back,109,unknown,0.18700669398065045,0.187531222000781,48.222,60.8544
15,mid_back,110,good+neck slouch,0.1880120392533156,0.1880120392533156,42.7355,42.7355
15,mid_back,111,unknown,0.1880120392533156,0.1880120392533156,42.7355,42.7355
15,mid_back,112,lumbar slouch,0.18853032275046594,0.18853032275046594,36.970666666666666,36.970666666666666
15,mid_back,113,lumbar slouch+neck slouch,0.18853032275046594,0.18853032275046594,36.970666666666666,36.970666666666666
15,mid_back,114,good+neck slouch,0.18853032275046594,0.18853032275046594,36.970666666666666,36.970666666666666
15,mid_back,115,shoulder slouch,0.18897991828136504,0.18897991828136504,30.3782,30.3782
15,mid_back,116,unknown,0.18897991828136504,0.18897991828136504,30.3782,30.3782
15,mid_back,117,lumbar slouch,0.18897991828136504,0.18897991828136504,30.3782,30.3782
15,mid_back,118,shoulder slouch,0.18949820177851537,0.19192102101461858,24.9075,26.48225
15,mid_back,119,unknown,0.19240183856490842,0.19240183856490842,24.831,24.831
15,mid_back,120,shoulder slouch,0.19240183856490842,0.19240183856490842,24.831,24.831
15,mid_back,121,unknown,0.19284518927507205,0.19824033385933,23.906333333333333,26.095
15,mid_back,122,shoulder slouch,0.19824033385933,0.19824033385933,26.095,26.095
15,mid_back,123,unknown,0.19876486158170528,0.20623938467754474,29.093666666666667,32.0736
15,mid_back,124,shoulder slouch,0.2067639126976753,0.2067639126976753,28.409,28.409
15,mid_back,125,unknown,0.2067639126976753,0.2067639126976753,28.409,28.409
15,mid_back,126,shoulder slouch,0.20720726340783893,0.20765685893873803,28.037,28.5835
15,mid_back,127,unknown,0.20765685893873803,0.217473024258469,28.5835,32.6184
15,mid_back,128,lumbar slouch,0.217473024258469,0.21799755227859957,32.5558,34.9255
15,mid_back,129,lumbar slouch+neck slouch,0.2185533020203656,0.2185533020203656,39.2295,39.2295
15,mid_back,130,good+neck slouch,0.2185533020203656,0.2190028975512647,39.2295,40.041666666666664
15,mid_back,131,lumbar slouch+neck slouch,0.2194462485591836,0.2194462485591836,38.1815,38.1815
15,mid_back,132,neck slouch,0.2194462485591836,0.2194462485591836,38.1815,38.1815
15,mid_back,133,good+neck slouch,0.2194462485591836,0.2194462485591836,38.1815,38.1815
15,mid_back,134,unknown,0.21989584379232746,0.21989584379232746,34.60025,34.60025
15,mid_back,135,lumbar slouch,0.21989584379232746,0.21989584379232746,34.60025,34.60025
15,mid_back,136,lumbar slouch+neck slouch,0.21989584379232746,0.21989584379232746,34.60025,34.60025
15,mid_back,137,unknown,0.22037666104486206,0.22469152756946817,29.505666666666666,33.103
15,mid_back,138,lumbar slouch,0.22469152756946817,0.22469152756946817,33.103,33.103
15,mid_back,139,unknown,0.2251411231003673,0.22599660309681432,32.573,33.330666666666666
15,mid_back,140,lumbar slouch,0.22599660309681432,0.22744529937739835,33.330666666666666,34.7388
15,mid_back,141,unknown,0.22800104911916438,0.22800104911916438,32.87675,32.87675
15,mid_back,142,lumbar slouch,0.22800104911916438,0.22800104911916438,32.87675,32.87675
15,mid_back,143,unknown,0.22848811089467921,0.23227844939915476,32.31466666666667,32.58825
15,mid_back,144,lumbar slouch,0.2327655111746696,0.2327655111746696,34.475,34.475
15,mid_back,145,lumbar slouch+neck slouch,0.2332088621825885,0.2332088621825885,43.51433333333333,43.51433333333333
15,mid_back,146,good+neck slouch,0.2332088621825885,0.2332088621825885,43.51433333333333,43.51433333333333
15,mid_back,147,unknown,0.2332088621825885,0.2332088621825885,43.51433333333333,43.51433333333333
15,mid_back,148,laying back,0.23392072142579762,0.23392072142579762,61.94775,61.94775
15,mid_back,149,unknown,0.23392072142579762,0.24095189351371818,58.52675,62.959
15,mid_back,150,laying back,0.24095189351371818,0.24095189351371818,58.52675,58.52675
15,mid_back,151,unknown,0.24095189351371818,0.2424755219857784,45.033,58.52675
15,mid_back,152,good+neck slouch,0.242956339238313,0.242956339238313,39.772800000000004,39.772800000000004
15,mid_back,153,unknown,0.242956339238313,0.242956339238313,39.772800000000004,39.772800000000004
15,mid_back,154,good+neck slouch,0.24348086725844356,0.24348086725844356,40.14,40.14
15,mid_back,155,good,0.24348086725844356,0.24348086725844356,40.14,40.14
15,mid_back,156,unknown,0.24399915075559386,0.2649053352007665,41.838,46.492333333333335
15,mid_back,157,good+neck slouch,0.26542986322089707,0.26542986322089707,41.69175,41.69175
15,mid_back,158,good,0.26542986322089707,0.26542986322089707,41.69175,41.69175
15,mid_back,159,unknown,0.26542986322089707,0.26542986322089707,41.69175,41.69175
15,mid_back,160,neck slouch,0.26591068047343164,0.26591068047343164,38.5784,38.5784
15,mid_back,161,good+neck slouch,0.26591068047343164,0.26650389645981337,38.5784,40.3335
15,mid_back,162,good,0.26650389645981337,0.26650389645981337,40.3335,40.3335
15,mid_back,163,unknown,0.26650389645981337,0.26840218797354126,40.3335,43.227666666666664
15,mid_back,164,good+neck slouch,0.26896418223828755,0.26896418223828755,40.935,40.935
15,mid_back,165,good,0.26896418223828755,0.26896418223828755,40.935,40.935
15,mid_back,166,unknown,0.26896418223828755,0.26896418223828755,40.935,40.935
15,mid_back,167,good+neck slouch,0.2694075332462064,0.27048781100810304,39.5706,39.724666666666664
15,mid_back,168,lumbar slouch+neck slouch,0.2709311620160219,0.2709311620160219,37.2314,37.2314
15,mid_back,169,neck slouch,0.2709311620160219,0.2709311620160219,37.2314,37.2314
15,mid_back,170,good+neck slouch,0.2709311620160219,0.2709311620160219,37.2314,37.2314
15,mid_back,171,lumbar slouch+neck slouch,0.27145569003615244,0.2718990410440713,36.808,37.122749999999996
15,mid_back,172,lumbar slouch,0.27242356876644663,0.27242356876644663,35.4225,35.4225
15,mid_back,173,lumbar slouch+neck slouch,0.27242356876644663,0.27242356876644663,35.4225,35.4225
15,mid_back,174,unknown,0.27290438601898126,0.2734226698138868,32.07575,32.1665
15,mid_back,175,lumbar slouch,0.27387226504703066,0.27387226504703066,37.16125,37.16125
15,mid_back,176,lumbar slouch+neck slouch,0.27387226504703066,0.27387226504703066,37.16125,37.16125
15,mid_back,177,neck slouch,0.27387226504703066,0.27387226504703066,37.16125,37.16125
15,mid_back,178,good+neck slouch,0.27387226504703066,0.27387226504703066,37.16125,37.16125
15,mid_back,179,good,0.2743530822995653,0.2743530822995653,42.54175,42.54175
15,mid_back,180,unknown,0.2743530822995653,0.29462858421598515,41.678,52.591499999999996
15,mid_back,181,laying back,0.29462858421598515,0.29515311223611573,52.591499999999996,60.59925
15,mid_back,182,unknown,0.29515311223611573,0.3006169447866249,60.59925,62.912
15,mid_back,183,laying back,0.3011789390513711,0.3011789390513711,60.117,60.117
15,mid_back,184,unknown,0.3011789390513711,0.3011789390513711,60.117,60.117
15,mid_back,185,laying back,0.30162229005929,0.30214681807942056,56.677,59.851
15,mid_back,186,unknown,0.30214681807942056,0.30374537933846746,59.851,65.79533333333333
15,mid_back,187,laying back,0.30422619659100203,0.30422619659100203,60.38775,60.38775
15,mid_back,188,unknown,0.30422619659100203,0.30422619659100203,60.38775,60.38775
15,mid_back,189,laying back,0.30467579182414595,0.31311819365027954,56.05233333333334,60.60325
15,mid_back,190,unknown,0.31364272167041013,0.3141610051675604,61.3564,61.53433333333333
15,mid_back,191,laying back,0.3146043561754793,0.3146043561754793,61.3918,61.3918
15,mid_back,192,unknown,0.3146043561754793,0.3146043561754793,61.3918,61.3918
15,mid_back,193,laying back,0.31516635044022556,0.31516635044022556,60.923,60.923
15,mid_back,194,unknown,0.31516635044022556,0.3920971126322922,60.923,65.80160000000001
15,mid_back,195,laying back,0.39254670816319126,0.39254670816319126,58.962,58.962
15,mid_back,196,unknown,0.39254670816319126,0.3935458089128762,53.317,58.962
15,mid_back,197,laying back,0.3940703366352515,0.3940703366352515,60.1382,60.1382
15,mid_back,198,unknown,0.3940703366352515,0.42654735745840033,60.1382,66.14175
15,mid_back,199,laying back,0.42706564095555066,0.42706564095555066,60.61333333333333,60.61333333333333
15,mid_back,200,unknown,0.42706564095555066,0.4275152364864498,52.325,60.61333333333333
15,mid_back,201,laying back,0.4275152364864498,0.4275152364864498,52.325,52.325
15,mid_back,202,unknown,0.4280335199836001,0.4401226395609714,42.91675,51.757999999999996
15,mid_back,203,laying back,0.4401226395609714,0.4405722350918705,51.757999999999996,60.802499999999995
15,mid_back,204,unknown,0.4405722350918705,0.45678888997076933,60.802499999999995,63.87175
15,mid_back,205,laying back,0.4573134179908999,0.4573134179908999,59.004,59.004
15,mid_back,206,unknown,0.4573134179908999,0.4573134179908999,59.004,59.004
15,mid_back,207,laying back,0.4577567689988188,0.4577567689988188,58.7998,58.7998
15,mid_back,208,unknown,0.4577567689988188,0.5349872614455664,54.832499999999996,66.855
15,mid_back,209,laying back,0.5349872614455664,0.5349872614455664,54.832499999999996,54.832499999999996
15,mid_back,210,unknown,0.5349872614455664,0.5359551404736158,41.830666666666666,54.832499999999996
15,mid_back,211,good+neck slouch,0.5364359577261504,0.5364359577261504,40.4474,40.4474
15,mid_back,212,good,0.5364359577261504,0.5364359577261504,40.4474,40.4474
15,mid_back,213,good+neck slouch,0.536960485746281,0.5397829455204624,39.977666666666664,40.35525
15,mid_back,214,unknown,0.5402325407536062,0.5402325407536062,45.03975,45.03975
15,mid_back,215,laying back,0.5407133580061407,0.5407133580061407,62.843,62.843
15,mid_back,216,unknown,0.5407133580061407,0.5514287140899148,62.1474,64.53225
15,mid_back,217,laying back,0.5520968628632832,0.5520968628632832,60.9645,60.9645
15,mid_back,218,unknown,0.5520968628632832,0.5525464583941823,53.48166666666667,60.9645
15,mid_back,219,laying back,0.5529523428597302,0.5529523428597302,59.12466666666666,59.12466666666666
15,mid_back,220,unknown,0.5529523428597302,0.5612136576880102,59.12466666666666,64.4986
15,mid_back,221,laying back,0.5616944749405448,0.5616944749405448,61.33866666666666,61.33866666666666
15,mid_back,222,unknown,0.5616944749405448,0.5616944749405448,61.33866666666666,61.33866666666666
15,mid_back,223,laying back,0.562144070471444,0.562144070471444,60.054,60.054
15,mid_back,224,unknown,0.562144070471444,0.562144070471444,60.054,60.054
15,mid_back,225,laying back,0.5626623539685942,0.5631868819887248,56.733399999999996,58.842666666666666
15,mid_back,226,unknown,0.5631868819887248,0.6371016086605512,54.001,66.125
15,mid_back,227,laying back,0.6371016086605512,0.6371016086605512,54.001,54.001
15,mid_back,228,unknown,0.6371016086605512,0.6371016086605512,54.001,54.001
15,mid_back,229,good+neck slouch,0.6376261366806818,0.6376261366806818,41.252,41.252
15,mid_back,230,unknown,0.6376261366806818,0.6376261366806818,41.252,41.252
15,mid_back,231,lumbar slouch,0.6380694873908453,0.6380694873908453,34.362249999999996,34.362249999999996
15,mid_back,232,lumbar slouch+neck slouch,0.6385940154109759,0.6385940154109759,37.60625,37.60625
15,mid_back,233,neck slouch,0.6385940154109759,0.6385940154109759,37.60625,37.60625
15,mid_back,234,lumbar slouch,0.6389999001742791,0.6389999001742791,36.31925,36.31925
15,mid_back,235,lumbar slouch+neck slouch,0.6389999001742791,0.6389999001742791,36.31925,36.31925
15,mid_back,236,lumbar slouch,0.6395244281944097,0.6399677792023285,33.64,35.219500000000004
15,mid_back,237,unknown,0.6404485964548631,0.6404485964548631,33.151250000000005,33.151250000000005
15,mid_back,238,lumbar slouch,0.6404485964548631,0.6404485964548631,33.151250000000005,33.151250000000005
15,mid_back,239,unknown,0.640898191688007,0.6418660707160564,33.050200000000004,33.20766666666667
15,mid_back,240,lumbar slouch,0.6418660707160564,0.6418660707160564,33.20766666666667,33.20766666666667
15,mid_back,241,unknown,0.642346887968591,0.642346887968591,33.237,33.237
15,mid_back,242,lumbar slouch,0.642346887968591,0.642346887968591,33.237,33.237
15,mid_back,243,unknown,0.6428714156909663,0.6428714156909663,31.902333333333335,31.902333333333335
15,mid_back,244,shoulder slouch,0.6433147666988852,0.6433147666988852,28.6888,28.6888
15,mid_back,245,unknown,0.6433147666988852,0.6438767609636314,24.1935,28.6888
15,mid_back,246,shoulder slouch,0.6438767609636314,0.6438767609636314,24.1935,24.1935
15,mid_back,247,unknown,0.6443575782161661,0.6528374462869154,20.7236,25.2136
15,mid_back,248,shoulder slouch,0.6528374462869154,0.6533994405516617,25.2136,28.3335
15,mid_back,249,unknown,0.6533994405516617,0.6544047858243268,28.3335,32.469
15,mid_back,250,lumbar slouch,0.6544047858243268,0.6553351983100053,32.469,38.760799999999996
15,mid_back,251,lumbar slouch+neck slouch,0.6553351983100053,0.6553351983100053,38.760799999999996,38.760799999999996
15,mid_back,252,good+neck slouch,0.6553351983100053,0.6553351983100053,38.760799999999996,38.760799999999996
15,mid_back,253,unknown,0.6553351983100053,0.6573396443323554,38.760799999999996,45.533
15,mid_back,254,good,0.6578267061078702,0.6578267061078702,42.78225,42.78225
15,mid_back,255,unknown,0.6578267061078702,0.6578267061078702,42.78225,42.78225
15,mid_back,256,lumbar slouch,0.6582700571157891,0.6582700571157891,37.458,37.458
15,mid_back,257,lumbar slouch+neck slouch,0.6582700571157891,0.6582700571157891,37.458,37.458
15,mid_back,258,neck slouch,0.6582700571157891,0.6582700571157891,37.458,37.458
15,mid_back,259,good+neck slouch,0.6582700571157891,0.6582700571157891,37.458,37.458
15,mid_back,260,lumbar slouch,0.6587196523489329,0.6592004696014675,33.486333333333334,34.762
15,mid_back,261,unknown,0.6596500651323667,0.6596500651323667,32.98375,32.98375
15,mid_back,262,lumbar slouch,0.6596500651323667,0.6596500651323667,32.98375,32.98375
15,mid_back,263,unknown,0.6601308823849013,0.6601308823849013,29.81866666666667,29.81866666666667
15,mid_back,264,shoulder slouch,0.6605804776180452,0.6605804776180452,26.7352,26.7352
15,mid_back,265,unknown,0.6611736936044269,0.6611736936044269,24.84825,24.84825
15,mid_back,266,shoulder slouch,0.6611736936044269,0.66407733039082,24.84825,28.3886
15,mid_back,267,unknown,0.66407733039082,0.6645956138879703,28.3886,28.725666666666665
15,mid_back,268,shoulder slouch,0.6650764311405049,0.670140623450691,26.318,28.368666666666666
15,mid_back,269,unknown,0.670140623450691,0.6709961034471381,28.368666666666666,32.672
15,mid_back,270,lumbar slouch,0.6709961034471381,0.6718890499859561,32.672,35.632666666666665
15,mid_back,271,lumbar slouch+neck slouch,0.6718890499859561,0.6722949347492593,35.632666666666665,38.1236
15,mid_back,272,neck slouch,0.6722949347492593,0.6722949347492593,38.1236,38.1236
15,mid_back,273,good+neck slouch,0.6722949347492593,0.672888150735641,38.1236,39.92
15,mid_back,274,neck slouch,0.6733377459687848,0.6733377459687848,38.949799999999996,38.949799999999996
15,mid_back,275,good+neck slouch,0.6733377459687848,0.6733377459687848,38.949799999999996,38.949799999999996
15,mid_back,276,lumbar slouch,0.6739684284975376,0.6739684284975376,36.638,36.638
15,mid_back,277,lumbar slouch+neck slouch,0.6739684284975376,0.6739684284975376,36.638,36.638
15,mid_back,278,unknown,0.6744929565176682,0.6744929565176682,33.0235,33.0235
15,mid_back,279,lumbar slouch,0.6744929565176682,0.6744929565176682,33.0235,33.0235
15,mid_back,280,unknown,0.674936307525587,0.6765348687846339,30.2342,32.93575
15,mid_back,281,lumbar slouch,0.6770593965070092,0.6775402137595439,33.638999999999996,33.7995
15,mid_back,282,unknown,0.6780647417796744,0.6780647417796744,32.943749999999994,32.943749999999994
15,mid_back,283,lumbar slouch,0.6780647417796744,0.6780647417796744,32.943749999999994,32.943749999999994
15,mid_back,284,unknown,0.6785080927875933,0.6803314518120898,31.210333333333335,33.217333333333336
15,mid_back,285,lumbar slouch,0.6803314518120898,0.6817801477949185,33.217333333333336,35.346666666666664
15,mid_back,286,unknown,0.6823796083042805,0.6823796083042805,33.37466666666667,33.37466666666667
15,mid_back,287,lumbar slouch,0.6823796083042805,0.6823796083042805,33.37466666666667,33.37466666666667
15,mid_back,288,unknown,0.6827854930675836,0.6848336498575297,30.868199999999998,33.138666666666666
15,mid_back,289,lumbar slouch,0.6852770008654485,0.6858764613748105,33.818,34.012
15,mid_back,290,unknown,0.6862823458403584,0.6862823458403584,32.8355,32.8355
15,mid_back,291,lumbar slouch,0.6862823458403584,0.6862823458403584,32.8355,32.8355
15,mid_back,292,unknown,0.686806873860489,0.6883305026303045,30.509,32.664
15,mid_back,293,lumbar slouch,0.6883305026303045,0.6892983816583539,32.664,36.36625
15,mid_back,294,lumbar slouch+neck slouch,0.6892983816583539,0.6892983816583539,36.36625,36.36625
15,mid_back,295,lumbar slouch,0.6897791989108885,0.6897791989108885,36.1692,36.1692
15,mid_back,296,lumbar slouch+neck slouch,0.6897791989108885,0.6897791989108885,36.1692,36.1692
15,mid_back,297,lumbar slouch,0.6903786591224953,0.6932760516836632,33.7035,36.377
15,mid_back,298,lumbar slouch+neck slouch,0.6932760516836632,0.6938755121930252,36.377,36.764250000000004
15,mid_back,299,lumbar slouch,0.6943188632009442,0.6943188632009442,35.874,35.874
15,mid_back,300,lumbar slouch+neck slouch,0.6943188632009442,0.6943188632009442,35.874,35.874
15,mid_back,301,lumbar slouch,0.6947622142088631,0.6947622142088631,35.925399999999996,35.925399999999996
15,mid_back,302,unknown,0.695324208175854,0.695324208175854,-26.380333333333333,-26.380333333333333
15,mid_back,303,lumbar slouch,0.695324208175854,0.695767559183773,-26.380333333333333,34.08925
15,mid_back,304,unknown,0.6962920872039035,0.6962920872039035,33.349,33.349
15,mid_back,305,lumbar slouch,0.6962920872039035,0.6994142772327658,33.349,35.09433333333333
15,mid_back,306,unknown,0.6998638724659098,0.6998638724659098,32.906,32.906
15,mid_back,307,lumbar slouch,0.6998638724659098,0.6998638724659098,32.906,32.906
15,mid_back,308,unknown,0.7002697572292129,0.7013125687464937,31.83275,32.97933333333334
15,mid_back,309,lumbar slouch,0.7017559197544126,0.7035105905149026,33.385333333333335,34.15833333333333
15,mid_back,310,unknown,0.7040663402566687,0.7135515536000832,29.59725,33.428000000000004
15,mid_back,311,lumbar slouch,0.7135515536000832,0.7155247779007978,33.428000000000004,34.85433333333334
15,mid_back,312,unknown,0.7160055951533324,0.7174980019037571,29.2048,31.508750000000003
15,mid_back,313,shoulder slouch,0.7180537516455231,0.7180537516455231,28.648666666666667,28.648666666666667
15,mid_back,314,unknown,0.7180537516455231,0.7180537516455231,28.648666666666667,28.648666666666667
15,mid_back,315,shoulder slouch,0.718497102653442,0.7200269756484825,25.6016,26.0995
15,mid_back,316,unknown,0.720545259443388,0.720545259443388,24.0915,24.0915
15,mid_back,317,shoulder slouch,0.720545259443388,0.720545259443388,24.0915,24.0915
15,mid_back,318,unknown,0.7210323209211477,0.7220314216708326,23.2225,24.364
15,mid_back,319,shoulder slouch,0.7225184834463474,0.7225184834463474,25.6444,25.6444
15,mid_back,320,unknown,0.7230367669434977,0.7230367669434977,25.113,25.113
15,mid_back,321,shoulder slouch,0.7230367669434977,0.7230367669434977,25.113,25.113
15,mid_back,322,unknown,0.7237798482060975,0.7242669099816124,23.705,25.1215
15,mid_back,323,shoulder slouch,0.7242669099816124,0.7262401339845718,25.0422,25.431
15,mid_back,324,unknown,0.7268333499709535,0.7268333499709535,24.90575,24.90575
15,mid_back,325,shoulder slouch,0.7268333499709535,0.7268333499709535,24.90575,24.90575
15,mid_back,326,unknown,0.7273141672234881,0.731260615527162,23.9876,24.730333333333334
15,mid_back,327,shoulder slouch,0.7317788990243123,0.7317788990243123,26.337,26.337
15,mid_back,328,unknown,0.7323408932890586,0.7327842442969774,29.954250000000002,32.46633333333333
15,mid_back,329,lumbar slouch,0.7332338395301213,0.7337895895696426,34.2038,36.42333333333333
15,mid_back,330,lumbar slouch+neck slouch,0.7337895895696426,0.7337895895696426,36.42333333333333,36.42333333333333
15,mid_back,331,good+neck slouch,0.7342329402798062,0.7342329402798062,41.11475,41.11475
15,mid_back,332,unknown,0.7342329402798062,0.7356878810833705,41.11475,52.3635
15,mid_back,333,good+neck slouch,0.7361312320912894,0.7361312320912894,39.96633333333333,39.96633333333333
15,mid_back,334,unknown,0.7361312320912894,0.7361312320912894,39.96633333333333,39.96633333333333
15,mid_back,335,lumbar slouch,0.7365808273244333,0.7365808273244333,35.4585,35.4585
15,mid_back,336,lumbar slouch+neck slouch,0.7365808273244333,0.7365808273244333,35.4585,35.4585
15,mid_back,337,lumbar slouch,0.7370241783323521,0.7390348685799272,34.422,35.358
15,mid_back,338,lumbar slouch+neck slouch,0.7390348685799272,0.7400027476079766,35.358,37.48825
15,mid_back,339,neck slouch,0.7400027476079766,0.7400027476079766,37.48825,37.48825
15,mid_back,340,lumbar slouch+neck slouch,0.7404835648605113,0.7404835648605113,37.68725,37.68725
15,mid_back,341,neck slouch,0.7404835648605113,0.7404835648605113,37.68725,37.68725
15,mid_back,342,lumbar slouch+neck slouch,0.7410080928806417,0.7415263763777921,36.9218,37.8975
15,mid_back,343,neck slouch,0.7415263763777921,0.7415263763777921,37.8975,37.8975
15,mid_back,344,good+neck slouch,0.7420509041001674,0.7425317216504572,39.2375,39.69533333333333
15,mid_back,345,good,0.7429750723606209,0.7429750723606209,41.69425,41.69425
15,mid_back,346,unknown,0.7429750723606209,0.74342466789152,41.69425,42.0705
15,mid_back,347,good,0.7438680188994389,0.7438680188994389,41.221000000000004,41.221000000000004
15,mid_back,348,unknown,0.7438680188994389,0.7438680188994389,41.221000000000004,41.221000000000004
15,mid_back,349,good+neck slouch,0.7443550803771984,0.7443550803771984,40.47875,40.47875
15,mid_back,350,neck slouch,0.7447984313851174,0.7447984313851174,38.95366666666667,38.95366666666667
15,mid_back,351,good+neck slouch,0.7447984313851174,0.7447984313851174,38.95366666666667,38.95366666666667
15,mid_back,352,unknown,0.7452480269160164,0.7452480269160164,35.1088,35.1088
15,mid_back,353,lumbar slouch,0.7452480269160164,0.7452480269160164,35.1088,35.1088
15,mid_back,354,lumbar slouch+neck slouch,0.7452480269160164,0.7452480269160164,35.1088,35.1088
15,mid_back,355,unknown,0.7457663104131668,0.7457663104131668,31.485,31.485
15,mid_back,356,shoulder slouch,0.7462533718909263,0.7462533718909263,28.666800000000002,28.666800000000002
15,mid_back,357,unknown,0.7462533718909263,0.7462533718909263,28.666800000000002,28.666800000000002
15,mid_back,358,shoulder slouch,0.7467716556858319,0.7467716556858319,27.839333333333332,27.839333333333332
15,mid_back,359,unknown,0.7472212509189757,0.7477770006607418,29.1862,30.9066
15,mid_back,360,lumbar slouch,0.7477770006607418,0.7484076831894946,30.9066,35.306
15,mid_back,361,lumbar slouch+neck slouch,0.7488947446672541,0.7488947446672541,37.2575,37.2575
15,mid_back,362,neck slouch,0.7488947446672541,0.7488947446672541,37.2575,37.2575
15,mid_back,363,lumbar slouch+neck slouch,0.7493755619197887,0.7493755619197887,37.522,37.522
15,mid_back,364,neck slouch,0.7493755619197887,0.7493755619197887,37.522,37.522
15,mid_back,365,lumbar slouch+neck slouch,0.7498251574506878,0.7498251574506878,37.34375,37.34375
15,mid_back,366,lumbar slouch,0.7502685084586067,0.7502685084586067,36.511,36.511
15,mid_back,367,lumbar slouch+neck slouch,0.7502685084586067,0.7502685084586067,36.511,36.511
15,mid_back,368,lumbar slouch,0.7507181036917506,0.7507181036917506,34.54125,34.54125
15,mid_back,369,unknown,0.7511239884550538,0.7558135180213276,29.071666666666665,33.032333333333334
15,mid_back,370,lumbar slouch,0.7558135180213276,0.7562194024868755,33.032333333333334,35.251000000000005
15,mid_back,371,lumbar slouch+neck slouch,0.7562194024868755,0.756743930507006,35.251000000000005,37.5514
15,mid_back,372,neck slouch,0.756743930507006,0.756743930507006,37.5514,37.5514
15,mid_back,373,good+neck slouch,0.7572622140041563,0.7572622140041563,38.50725,38.50725
15,mid_back,374,lumbar slouch+neck slouch,0.7577492757796711,0.7577492757796711,37.301500000000004,37.301500000000004
15,mid_back,375,neck slouch,0.7577492757796711,0.7577492757796711,37.301500000000004,37.301500000000004
15,mid_back,376,lumbar slouch+neck slouch,0.7582675592768214,0.758748376529356,36.282333333333334,36.51325
15,mid_back,377,lumbar slouch,0.759235438304871,0.7597162555574055,34.541,35.67375
15,mid_back,378,unknown,0.7602407832797808,0.7602407832797808,33.436,33.436
15,mid_back,379,lumbar slouch,0.7602407832797808,0.7602407832797808,33.436,33.436
15,mid_back,380,unknown,0.7607590667769311,0.7612086623078302,32.513999999999996,33.238
15,mid_back,381,lumbar slouch,0.7612086623078302,0.7616145470711334,33.238,33.50833333333333
15,mid_back,382,unknown,0.7620641423042772,0.7651113998439082,31.11875,32.977000000000004
15,mid_back,383,lumbar slouch,0.7651113998439082,0.7651113998439082,32.977000000000004,32.977000000000004
15,mid_back,384,unknown,0.7655984613216678,0.7684958538828358,29.571666666666665,34.195
15,mid_back,385,lumbar slouch,0.7684958538828358,0.7684958538828358,34.195,34.195
15,mid_back,386,lumbar slouch+neck slouch,0.7684958538828358,0.7684958538828358,34.195,34.195
15,mid_back,387,unknown,0.7689829153605954,0.7689829153605954,51.7026,51.7026
15,mid_back,388,laying back,0.7689829153605954,0.7689829153605954,51.7026,51.7026
15,mid_back,389,unknown,0.7689829153605954,0.7705065441304109,51.7026,66.337
15,mid_back,390,laying back,0.7709873613829454,0.7709873613829454,60.069,60.069
15,mid_back,391,unknown,0.7709873613829454,0.7742281946686352,58.3702,62.561499999999995
15,mid_back,392,laying back,0.7742281946686352,0.7742281946686352,58.3702,58.3702
15,mid_back,393,unknown,0.7742281946686352,0.7756019581622325,51.50675,58.3702
15,mid_back,394,laying back,0.7756019581622325,0.7760515536931317,54.69733333333333,61.9065
15,mid_back,395,unknown,0.7760515536931317,0.7773503846974976,44.191,62.895
15,mid_back,396,good+neck slouch,0.7777999799306415,0.7777999799306415,41.046,41.046
15,mid_back,397,good,0.7777999799306415,0.7777999799306415,41.046,41.046
15,mid_back,398,unknown,0.7777999799306415,0.7777999799306415,41.046,41.046
15,mid_back,399,good,0.7782433309385604,0.7782433309385604,41.27425,41.27425
15,mid_back,400,unknown,0.7782433309385604,0.7825956640055375,41.27425,45.602666666666664
15,mid_back,401,good,0.7830452592386813,0.7830452592386813,41.3185,41.3185
15,mid_back,402,unknown,0.7830452592386813,0.7830452592386813,41.3185,41.3185
15,mid_back,403,good+neck slouch,0.7834886102466002,0.7840131382667307,38.7515,39.900999999999996
15,mid_back,404,neck slouch,0.7844939555192654,0.7849435507524092,38.235,38.25066666666667
15,mid_back,405,good+neck slouch,0.7849435507524092,0.7849435507524092,38.235,38.235
15,mid_back,406,neck slouch,0.7854618345473148,0.7854618345473148,38.25325,38.25325
15,mid_back,407,good+neck slouch,0.7854618345473148,0.7859426517998493,38.25325,39.952799999999996
15,mid_back,408,good,0.7859426517998493,0.7865046457668404,39.952799999999996,41.734249999999996
15,mid_back,409,unknown,0.7865046457668404,0.789889099805768,41.535666666666664,42.48566666666667
15,mid_back,410,good+neck slouch,0.7903324508136869,0.7903324508136869,41.043,41.043
15,mid_back,411,good,0.7903324508136869,0.7903324508136869,41.043,41.043
15,mid_back,412,unknown,0.7903324508136869,0.7903324508136869,41.043,41.043
15,mid_back,413,good+neck slouch,0.790782046344586,0.7922307423274149,39.724666666666664,40.217333333333336
15,mid_back,414,good,0.7926803378583139,0.7926803378583139,41.896249999999995,41.896249999999995
15,mid_back,415,unknown,0.7926803378583139,0.7935358178547609,41.896249999999995,43.125
15,mid_back,416,good,0.7939791688626798,0.7939791688626798,41.15833333333333,41.15833333333333
15,mid_back,417,unknown,0.7939791688626798,0.7939791688626798,41.15833333333333,41.15833333333333
15,mid_back,418,good+neck slouch,0.7944287640958237,0.7944287640958237,40.54225,40.54225
15,mid_back,419,good,0.7944287640958237,0.7944287640958237,40.54225,40.54225
15,mid_back,420,good+neck slouch,0.7948346488591268,0.7948346488591268,41.06666666666666,41.06666666666666
15,mid_back,421,good,0.7948346488591268,0.7948346488591268,41.06666666666666,41.06666666666666
15,mid_back,422,unknown,0.7948346488591268,0.7948346488591268,41.06666666666666,41.06666666666666
15,mid_back,423,lumbar slouch,0.7952842440922707,0.7952842440922707,37.1362,37.1362
15,mid_back,424,lumbar slouch+neck slouch,0.7952842440922707,0.7952842440922707,37.1362,37.1362
15,mid_back,425,good+neck slouch,0.7952842440922707,0.7952842440922707,37.1362,37.1362
15,mid_back,426,shoulder slouch,0.7958774603764077,0.7958774603764077,29.411749999999998,29.411749999999998
15,mid_back,427,unknown,0.7958774603764077,0.8049193227119034,20.0805,29.411749999999998
15,mid_back,428,shoulder slouch,0.8049193227119034,0.8049193227119034,28.04675,28.04675
15,mid_back,429,unknown,0.8049193227119034,0.8049193227119034,28.04675,28.04675
15,mid_back,430,lumbar slouch,0.8053252074752065,0.8053252074752065,35.309999999999995,35.309999999999995
15,mid_back,431,lumbar slouch+neck slouch,0.8053252074752065,0.8053252074752065,35.309999999999995,35.309999999999995
15,mid_back,432,good+neck slouch,0.8057748027083503,0.8062181537162693,39.688,39.695
15,mid_back,433,neck slouch,0.8067426817363998,0.8067426817363998,38.047,38.047
15,mid_back,434,good+neck slouch,0.8067426817363998,0.8067426817363998,38.047,38.047
15,mid_back,435,lumbar slouch+neck slouch,0.8072234989889344,0.8072234989889344,37.779,37.779
15,mid_back,436,neck slouch,0.8072234989889344,0.8072234989889344,37.779,37.779
15,mid_back,437,lumbar slouch+neck slouch,0.807710560466694,0.807710560466694,37.32966666666667,37.32966666666667
15,mid_back,438,lumbar slouch,0.8081913777192286,0.8081913777192286,35.8352,35.8352
15,mid_back,439,lumbar slouch+neck slouch,0.8081913777192286,0.8081913777192286,35.8352,35.8352
15,mid_back,440,unknown,0.8087096612163789,0.8087096612163789,32.903999999999996,32.903999999999996
15,mid_back,441,lumbar slouch,0.8087096612163789,0.8087096612163789,32.903999999999996,32.903999999999996
15,mid_back,442,unknown,0.8091967229918937,0.8091967229918937,29.4828,29.4828
15,mid_back,443,shoulder slouch,0.809715006489044,0.809715006489044,28.33566666666667,28.33566666666667
15,mid_back,444,unknown,0.809715006489044,0.8110950145056216,28.33566666666667,28.9355
15,mid_back,445,shoulder slouch,0.8115383655135405,0.8115383655135405,28.58775,28.58775
15,mid_back,446,unknown,0.8115383655135405,0.8184571385698587,28.58775,33.164
15,mid_back,447,lumbar slouch,0.8184571385698587,0.8194624838425238,33.164,36.408500000000004
15,mid_back,448,lumbar slouch+neck slouch,0.8194624838425238,0.8194624838425238,36.408500000000004,36.408500000000004
15,mid_back,449,neck slouch,0.8199495453202834,0.8199495453202834,38.175333333333334,38.175333333333334
15,mid_back,450,good+neck slouch,0.8199495453202834,0.8214357078454831,38.175333333333334,39.016
15,mid_back,451,neck slouch,0.8219539913426335,0.8219539913426335,38.153,38.153
15,mid_back,452,lumbar slouch+neck slouch,0.8224785193627641,0.8224785193627641,37.80375,37.80375
15,mid_back,453,neck slouch,0.8224785193627641,0.8224785193627641,37.80375,37.80375
15,mid_back,454,lumbar slouch+neck slouch,0.8229593366152986,0.8244454991404984,37.089666666666666,37.282333333333334
15,mid_back,455,lumbar slouch,0.8249325606182579,0.8249325606182579,36.040499999999994,36.040499999999994
15,mid_back,456,lumbar slouch+neck slouch,0.8249325606182579,0.8249325606182579,36.040499999999994,36.040499999999994
15,mid_back,457,unknown,0.8254133778707926,0.8254133778707926,32.4568,32.4568
15,mid_back,458,lumbar slouch,0.8254133778707926,0.8254133778707926,32.4568,32.4568
15,mid_back,459,unknown,0.8259379058909231,0.8269057849189726,31.67775,33.7115
15,mid_back,460,lumbar slouch,0.8269057849189726,0.8299530424586035,33.7115,35.88133333333334
15,mid_back,461,lumbar slouch+neck slouch,0.8304026376917474,0.8334498952313782,36.414,37.82325
15,mid_back,462,neck slouch,0.8334498952313782,0.8334498952313782,37.82325,37.82325
15,mid_back,463,lumbar slouch+neck slouch,0.8339369567091378,0.8339369567091378,37.60466666666667,37.60466666666667
15,mid_back,464,neck slouch,0.8339369567091378,0.8339369567091378,37.60466666666667,37.60466666666667
15,mid_back,465,lumbar slouch+neck slouch,0.8344177739616725,0.8354231192343377,36.666666666666664,37.022800000000004
15,mid_back,466,lumbar slouch,0.8359414027314879,0.8359414027314879,36.28375,36.28375
15,mid_back,467,lumbar slouch+neck slouch,0.8359414027314879,0.8359414027314879,36.28375,36.28375
15,mid_back,468,lumbar slouch,0.8364284645070028,0.8399627835243932,34.09625,35.55533333333333
15,mid_back,469,unknown,0.8404436007769279,0.8404436007769279,33.7115,33.7115
15,mid_back,470,lumbar slouch,0.8404436007769279,0.8404436007769279,33.7115,33.7115
15,mid_back,471,unknown,0.840893196307827,0.8459136778504173,29.442,33.1084
15,mid_back,472,lumbar slouch,0.8459136778504173,0.8464319613475676,33.1084,35.00266666666667
15,mid_back,473,lumbar slouch+neck slouch,0.8464319613475676,0.8468815565807114,35.00266666666667,38.0045
15,mid_back,474,neck slouch,0.8468815565807114,0.8468815565807114,38.0045,38.0045
15,mid_back,475,good+neck slouch,0.8468815565807114,0.8482553203720641,38.0045,38.871249999999996
15,mid_back,476,lumbar slouch+neck slouch,0.8487049156052079,0.8487049156052079,37.8575,37.8575
15,mid_back,477,neck slouch,0.8487049156052079,0.8487049156052079,37.8575,37.8575
15,mid_back,478,good+neck slouch,0.8487049156052079,0.8487049156052079,37.8575,37.8575
15,mid_back,479,neck slouch,0.8492231991023582,0.8492231991023582,37.7615,37.7615
15,mid_back,480,lumbar slouch+neck slouch,0.8497477271224888,0.8497477271224888,37.27466666666667,37.27466666666667
15,mid_back,481,neck slouch,0.8497477271224888,0.8497477271224888,37.27466666666667,37.27466666666667
15,mid_back,482,lumbar slouch+neck slouch,0.850153611885792,0.8516772406556073,36.467,36.619
15,mid_back,483,lumbar slouch,0.8521268358887513,0.8521268358887513,36.1985,36.1985
15,mid_back,484,lumbar slouch+neck slouch,0.8521268358887513,0.8521268358887513,36.1985,36.1985
15,mid_back,485,lumbar slouch,0.8525327206520544,0.8525327206520544,36.00925,36.00925
15,mid_back,486,lumbar slouch+neck slouch,0.8525327206520544,0.853057248672185,36.00925,37.051500000000004
15,mid_back,487,neck slouch,0.8535380659247196,0.8548806073989262,37.9015,38.3765
15,mid_back,488,good+neck slouch,0.8548806073989262,0.8574095814414068,38.3765,39.4542
15,mid_back,489,neck slouch,0.8579278649385571,0.8579278649385571,38.18875,38.18875
15,mid_back,490,good+neck slouch,0.8579278649385571,0.8579278649385571,38.18875,38.18875
15,mid_back,491,neck slouch,0.8584149267140719,0.858970676455838,38.10625,38.39
15,mid_back,492,good+neck slouch,0.858970676455838,0.8599385554838874,38.39,41.0255
15,mid_back,493,unknown,0.8599385554838874,0.8622052652185476,41.0255,60.6576
15,mid_back,494,laying back,0.8622052652185476,0.8622052652185476,60.6576,60.6576
15,mid_back,495,unknown,0.8622052652185476,0.8642534220084935,60.6576,67.0232
15,mid_back,496,laying back,0.8647717055056439,0.8647717055056439,58.49275,58.49275
15,mid_back,497,unknown,0.8647717055056439,0.8776101508685953,45.7405,58.49275
15,mid_back,498,laying back,0.8776101508685953,0.8776101508685953,57.969500000000004,57.969500000000004
15,mid_back,499,unknown,0.8776101508685953,0.8896243382544904,57.969500000000004,65.07625
15,mid_back,500,laying back,0.8901426217516407,0.8901426217516407,61.139,61.139
15,mid_back,501,unknown,0.8901426217516407,0.8901426217516407,61.139,61.139
15,mid_back,502,laying back,0.8905922169847845,0.8915226297682183,55.57025,60.30766666666667
15,mid_back,503,unknown,0.8915226297682183,0.9832588171009706,53.15475,65.64625000000001
15,mid_back,504,laying back,0.9832588171009706,0.9832588171009706,53.15475,53.15475
15,mid_back,505,unknown,0.9837833451211012,0.9867556698737454,41.97725,44.170500000000004
15,mid_back,506,neck slouch,0.987280197893876,0.987280197893876,40.09325,40.09325
15,mid_back,507,good+neck slouch,0.987280197893876,0.987280197893876,40.09325,40.09325
15,mid_back,508,good,0.987280197893876,0.987280197893876,40.09325,40.09325
15,mid_back,509,unknown,0.987280197893876,0.987280197893876,40.09325,40.09325
15,mid_back,510,lumbar slouch,0.9876860826571792,0.9876860826571792,36.48425,36.48425
15,mid_back,511,lumbar slouch+neck slouch,0.9876860826571792,0.9876860826571792,36.48425,36.48425
15,mid_back,512,neck slouch,0.9881731441349387,0.9881731441349387,38.26275,38.26275
15,mid_back,513,good+neck slouch,0.9881731441349387,0.9886539613874733,38.26275,40.25966666666667
15,mid_back,514,unknown,0.9886539613874733,0.9891347786400079,40.25966666666667,45.62075
15,mid_back,515,laying back,0.989584374170907,0.989584374170907,63.169666666666664,63.169666666666664
15,mid_back,516,unknown,0.989584374170907,0.9910330701537358,57.7858,66.4176
15,mid_back,517,laying back,0.9910330701537358,0.9910330701537358,57.7858,57.7858
15,mid_back,518,unknown,0.9910330701537358,0.9921508144580033,52.229,57.7858
15,mid_back,519,laying back,0.992594165168167,0.992594165168167,59.873,59.873
15,mid_back,520,unknown,0.992594165168167,1,59.873,66.94733333333333
15,neck,0,unknown,0,0.030558194137831864,-29.049,11.32675
15,neck,1,good,0.030558194137831864,0.030558194137831864,11.32675,11.32675
15,neck,2,unknown,0.03102195897192326,0.03102195897192326,10.738,10.738
15,neck,3,good,0.03102195897192326,0.03102195897192326,10.738,10.738
15,neck,4,unknown,0.03155836174221633,0.0368832766487844,-1.3084,10.3975
15,neck,5,good,0.0368832766487844,0.0368832766487844,10.3975,10.3975
15,neck,6,unknown,0.03744761690239295,0.03744761690239295,11.65225,11.65225
15,neck,7,good+laying back+lumbar slouch,0.03744761690239295,0.03744761690239295,11.65225,11.65225
15,neck,8,unknown,0.03794490714275753,0.04150975020951947,1.4106,12.42025
15,neck,9,good,0.04150975020951947,0.04150975020951947,12.42025,12.42025
15,neck,10,good+laying back+lumbar slouch,0.04150975020951947,0.04150975020951947,12.42025,12.42025
15,neck,11,unknown,0.04197351531004499,0.04197351531004499,14.5358,14.5358
15,neck,12,good+laying back+lumbar slouch,0.04197351531004499,0.04197351531004499,14.5358,14.5358
15,neck,13,unknown,0.04250991781390393,0.049661954573522106,-0.18880000000000002,12.3696
15,neck,14,good,0.049661954573522106,0.049661954573522106,12.3696,12.3696
15,neck,15,good+laying back+lumbar slouch,0.049661954573522106,0.049661954573522106,12.3696,12.3696
15,neck,16,laying back+lumbar slouch+shoulder slouch,0.050231882483654226,0.050231882483654226,20.32075,20.32075
15,neck,17,shoulder slouch,0.050231882483654226,0.050695647317745625,20.32075,25.664
15,neck,18,unknown,0.050695647317745625,0.05362351246113147,25.664,36.657199999999996
15,neck,19,shoulder slouch,0.0542604906509417,0.0542604906509417,27.157,27.157
15,neck,20,unknown,0.0542604906509417,0.0542604906509417,27.157,27.157
15,neck,21,good+laying back+lumbar slouch,0.05482483117098437,0.05482483117098437,21.3212,21.3212
15,neck,22,laying back+lumbar slouch+shoulder slouch,0.05482483117098437,0.05482483117098437,21.3212,21.3212
15,neck,23,shoulder slouch,0.05482483117098437,0.05482483117098437,21.3212,21.3212
15,neck,24,unknown,0.05482483117098437,0.05538917142459292,21.3212,28.7326
15,neck,25,laying back+lumbar slouch+shoulder slouch,0.05589204905504694,0.05589204905504694,22.403,22.403
15,neck,26,lumbar slouch+shoulder slouch,0.05589204905504694,0.05589204905504694,22.403,22.403
15,neck,27,shoulder slouch,0.05589204905504694,0.05589204905504694,22.403,22.403
15,neck,28,unknown,0.05589204905504694,0.056556964994606766,10.724666666666666,22.403
15,neck,29,good,0.056556964994606766,0.056556964994606766,10.724666666666666,10.724666666666666
15,neck,30,good+laying back+lumbar slouch,0.056556964994606766,0.056556964994606766,10.724666666666666,10.724666666666666
15,neck,31,unknown,0.0572889312138447,0.0578197463276142,-3.643,8.785
15,neck,32,good+laying back+lumbar slouch,0.0578197463276142,0.0578197463276142,8.785,8.785
15,neck,33,laying back+lumbar slouch+shoulder slouch,0.0578197463276142,0.0578197463276142,8.785,8.785
15,neck,34,good+laying back+lumbar slouch,0.05828351116170559,0.05828351116170559,16.492166666666666,16.492166666666666
15,neck,35,laying back+lumbar slouch,0.05828351116170559,0.05828351116170559,16.492166666666666,16.492166666666666
15,neck,36,laying back+lumbar slouch+shoulder slouch,0.05828351116170559,0.05828351116170559,16.492166666666666,16.492166666666666
15,neck,37,lumbar slouch+shoulder slouch,0.05828351116170559,0.05828351116170559,16.492166666666666,16.492166666666666
15,neck,38,good+laying back+lumbar slouch,0.05888696447811089,0.05888696447811089,14.379999999999999,14.379999999999999
15,neck,39,unknown,0.05948482987155849,0.05948482987155849,9.322000000000001,9.322000000000001
15,neck,40,good,0.05948482987155849,0.05948482987155849,9.322000000000001,9.322000000000001
15,neck,41,unknown,0.06008269553144022,0.10196122254562337,-52.8814,10.5434
15,neck,42,good,0.10196122254562337,0.10196122254562337,10.3436,10.3436
15,neck,43,good+laying back,0.10252556306566604,0.10252556306566604,12.817,12.817
15,neck,44,good+laying back+lumbar slouch,0.10252556306566604,0.1051908142139948,12.817,18.833166666666667
15,neck,45,laying back+lumbar slouch+shoulder slouch,0.1051908142139948,0.1051908142139948,18.833166666666667,18.833166666666667
15,neck,46,lumbar slouch+shoulder slouch,0.1051908142139948,0.1051908142139948,18.833166666666667,18.833166666666667
15,neck,47,shoulder slouch,0.1051908142139948,0.1051908142139948,18.833166666666667,18.833166666666667
15,neck,48,laying back+lumbar slouch+shoulder slouch,0.10582220501371559,0.10582220501371559,19.628,19.628
15,neck,49,lumbar slouch+shoulder slouch,0.10582220501371559,0.10582220501371559,19.628,19.628
15,neck,50,shoulder slouch,0.10582220501371559,0.10582220501371559,19.628,19.628
15,neck,51,good+laying back+lumbar slouch,0.10648712068684128,0.10648712068684128,16.959,16.959
15,neck,52,laying back+lumbar slouch,0.10648712068684128,0.10648712068684128,16.959,16.959
15,neck,53,laying back+lumbar slouch+shoulder slouch,0.10648712068684128,0.10648712068684128,16.959,16.959
15,neck,54,good+laying back,0.1070179360670449,0.1070179360670449,14.215,14.215
15,neck,55,good+laying back+lumbar slouch,0.1070179360670449,0.1070179360670449,14.215,14.215
15,neck,56,unknown,0.10755433883733798,0.10755433883733798,11.0028,11.0028
15,neck,57,good+laying back,0.10755433883733798,0.10755433883733798,11.0028,11.0028
15,neck,58,good+laying back+lumbar slouch,0.10755433883733798,0.10755433883733798,11.0028,11.0028
15,neck,59,unknown,0.10811867909094652,0.11597474432005303,5.2974,11.352
15,neck,60,good,0.11597474432005303,0.11597474432005303,11.352,11.352
15,neck,61,unknown,0.11650555970025665,0.13877744891472968,-16.263,11.2218
15,neck,62,good+laying back+lumbar slouch,0.13930826402849916,0.13930826402849916,19.8282,19.8282
15,neck,63,laying back+lumbar slouch+shoulder slouch,0.13930826402849916,0.13930826402849916,19.8282,19.8282
15,neck,64,shoulder slouch,0.13930826402849916,0.13930826402849916,19.8282,19.8282
15,neck,65,laying back+lumbar slouch+shoulder slouch,0.13983907914226867,0.13983907914226867,21.12975,21.12975
15,neck,66,shoulder slouch,0.13983907914226867,0.13983907914226867,21.12975,21.12975
15,neck,67,good+laying back+lumbar slouch,0.14030843163288365,0.14030843163288365,16.309333333333335,16.309333333333335
15,neck,68,laying back+lumbar slouch,0.14030843163288365,0.14030843163288365,16.309333333333335,16.309333333333335
15,neck,69,laying back+lumbar slouch+shoulder slouch,0.14030843163288365,0.14030843163288365,16.309333333333335,16.309333333333335
15,neck,70,unknown,0.14090629729276535,0.14090629729276535,11.2735,11.2735
15,neck,71,good,0.14090629729276535,0.14090629729276535,11.2735,11.2735
15,neck,72,good+laying back+lumbar slouch,0.14090629729276535,0.14090629729276535,11.2735,11.2735
15,neck,73,unknown,0.1414706375463739,0.15841761185427886,-0.96575,12.899
15,neck,74,good+laying back,0.15841761185427886,0.15841761185427886,12.899,12.899
15,neck,75,good+laying back+lumbar slouch,0.15841761185427886,0.15841761185427886,12.899,12.899
15,neck,76,unknown,0.15898195237432153,0.15898195237432153,10.8502,10.8502
15,neck,77,good,0.15898195237432153,0.15898195237432153,10.8502,10.8502
15,neck,78,unknown,0.15954629262793008,0.15954629262793008,10.956166666666666,10.956166666666666
15,neck,79,good,0.15954629262793008,0.15954629262793008,10.956166666666666,10.956166666666666
15,neck,80,good+laying back,0.15954629262793008,0.15954629262793008,10.956166666666666,10.956166666666666
15,neck,81,unknown,0.1602112085674899,0.16071408619794392,8.988,11.28025
15,neck,82,good+laying back,0.16071408619794392,0.16071408619794392,11.28025,11.28025
15,neck,83,good+laying back+lumbar slouch,0.16071408619794392,0.16071408619794392,11.28025,11.28025
15,neck,84,unknown,0.16121137617187437,0.16121137617187437,12.5574,12.5574
15,neck,85,good+laying back,0.16121137617187437,0.16121137617187437,12.5574,12.5574
15,neck,86,good+laying back+lumbar slouch,0.16121137617187437,0.16121137617187437,12.5574,12.5574
15,neck,87,good,0.1618092418317561,0.1618092418317561,12.999666666666666,12.999666666666666
15,neck,88,good+laying back+lumbar slouch,0.1618092418317561,0.16241269488172727,12.999666666666666,15.8575
15,neck,89,laying back+lumbar slouch,0.16241269488172727,0.16241269488172727,15.8575,15.8575
15,neck,90,shoulder slouch,0.16241269488172727,0.16290998485565772,15.8575,24.7192
15,neck,91,unknown,0.16290998485565772,0.16290998485565772,24.7192,24.7192
15,neck,92,shoulder slouch,0.16344080023586136,0.16344080023586136,23.9314,23.9314
15,neck,93,laying back+lumbar slouch+shoulder slouch,0.16401072814599346,0.16401072814599346,18.85183333333333,18.85183333333333
15,neck,94,lumbar slouch+shoulder slouch,0.16401072814599346,0.16401072814599346,18.85183333333333,18.85183333333333
15,neck,95,shoulder slouch,0.16401072814599346,0.16401072814599346,18.85183333333333,18.85183333333333
15,neck,96,laying back+lumbar slouch,0.16464211894571423,0.16464211894571423,17.46675,17.46675
15,neck,97,laying back+lumbar slouch+shoulder slouch,0.16464211894571423,0.16464211894571423,17.46675,17.46675
15,neck,98,laying back+lumbar slouch,0.16513940891964468,0.16513940891964468,17.567166666666665,17.567166666666665
15,neck,99,laying back+lumbar slouch+shoulder slouch,0.16513940891964468,0.16513940891964468,17.567166666666665,17.567166666666665
15,neck,100,good+laying back+lumbar slouch,0.16577079971936545,0.16577079971936545,15.7588,15.7588
15,neck,101,laying back+lumbar slouch,0.16577079971936545,0.16577079971936545,15.7588,15.7588
15,neck,102,good+laying back+lumbar slouch,0.1663407276294976,0.1663407276294976,14.5888,14.5888
15,neck,103,unknown,0.16683801760342803,0.16683801760342803,12.5105,12.5105
15,neck,104,good,0.16683801760342803,0.16683801760342803,12.5105,12.5105
15,neck,105,good+laying back+lumbar slouch,0.16683801760342803,0.16683801760342803,12.5105,12.5105
15,neck,106,unknown,0.16736883271719752,0.17832038905531927,-10.222,12.258666666666667
15,neck,107,good,0.17832038905531927,0.17832038905531927,12.258666666666667,12.258666666666667
15,neck,108,good+laying back+lumbar slouch,0.17832038905531927,0.1794211320792209,12.258666666666667,16.4224
15,neck,109,laying back+lumbar slouch,0.1794211320792209,0.1794211320792209,16.4224,16.4224
15,neck,110,laying back+lumbar slouch+shoulder slouch,0.1794211320792209,0.1794211320792209,16.4224,16.4224
15,neck,111,good+laying back+lumbar slouch,0.17995194719299037,0.18105269048332612,16.203599999999998,16.7925
15,neck,112,laying back+lumbar slouch,0.18105269048332612,0.18105269048332612,16.7925,16.7925
15,neck,113,laying back+lumbar slouch+shoulder slouch,0.18105269048332612,0.18105269048332612,16.7925,16.7925
15,neck,114,unknown,0.18154998045725657,0.18154998045725657,8.814400000000001,8.814400000000001
15,neck,115,good+laying back+lumbar slouch,0.18154998045725657,0.18154998045725657,8.814400000000001,8.814400000000001
15,neck,116,unknown,0.1820807958374602,0.18860702918744704,-0.8982857142857142,11.1652
15,neck,117,good,0.18860702918744704,0.18860702918744704,11.1652,11.1652
15,neck,118,unknown,0.18913784430121652,0.22485891503651065,-55.4216,11.7024
15,neck,119,good,0.22485891503651065,0.22485891503651065,11.7024,11.7024
15,neck,120,good+laying back,0.22545678042995826,0.22702128855438541,12.465,12.8375
15,neck,121,good+laying back+lumbar slouch,0.22702128855438541,0.22702128855438541,12.8375,12.8375
15,neck,122,good+laying back,0.22749064104500036,0.22749064104500036,12.8024,12.8024
15,neck,123,good+laying back+lumbar slouch,0.22749064104500036,0.22749064104500036,12.8024,12.8024
15,neck,124,good+laying back,0.2280549812986089,0.2280549812986089,12.4804,12.4804
15,neck,125,good,0.2286193218186516,0.2304855562016302,11.64125,12.263
15,neck,126,unknown,0.23094932103572158,0.23094932103572158,11.5094,11.5094
15,neck,127,good,0.23094932103572158,0.23094932103572158,11.5094,11.5094
15,neck,128,unknown,0.23148013641592521,0.25152260156641126,-7.802333333333333,12.3894
15,neck,129,good+laying back+lumbar slouch,0.25152260156641126,0.25152260156641126,12.3894,12.3894
15,neck,130,laying back+lumbar slouch,0.25205341694661487,0.25205341694661487,17.80625,17.80625
15,neck,131,laying back+lumbar slouch+shoulder slouch,0.25205341694661487,0.25252276917079575,17.80625,17.9012
15,neck,132,good+laying back+lumbar slouch,0.25305358455099936,0.2542157904644896,13.6504,14.7842
15,neck,133,unknown,0.2547521932347827,0.2547521932347827,10.7444,10.7444
15,neck,134,good+laying back,0.2547521932347827,0.2547521932347827,10.7444,10.7444
15,neck,135,good+laying back+lumbar slouch,0.2547521932347827,0.2547521932347827,10.7444,10.7444
15,neck,136,unknown,0.25531653348839123,0.2575124324125392,6.6842,11.1478
15,neck,137,good,0.2580767726661477,0.2580767726661477,11.804,11.804
15,neck,138,unknown,0.25887578916506376,0.26054087270900805,10.276833333333334,11.60975
15,neck,139,good,0.26054087270900805,0.261010225199623,11.60975,12.116666666666667
15,neck,140,unknown,0.2617086662790219,0.2652343968158553,4.0968,9.5406
15,neck,141,good,0.2652343968158553,0.2658378498658265,8.2926,13.345
15,neck,142,good+laying back,0.2658378498658265,0.2658378498658265,13.345,13.345
15,neck,143,good+laying back+lumbar slouch,0.2658378498658265,0.2658378498658265,13.345,13.345
15,neck,144,unknown,0.26636866524603015,0.2680672739298135,6.8454,11.0336
15,neck,145,good,0.2680672739298135,0.26859808904358295,11.0336,12.6095
15,neck,146,good+laying back,0.26859808904358295,0.26859808904358295,12.6095,12.6095
15,neck,147,good+laying back+lumbar slouch,0.26859808904358295,0.26859808904358295,12.6095,12.6095
15,neck,148,unknown,0.2691959547034647,0.2691959547034647,10.810749999999999,10.810749999999999
15,neck,149,good,0.2691959547034647,0.2691959547034647,10.810749999999999,10.810749999999999
15,neck,150,good+laying back+lumbar slouch,0.2691959547034647,0.2691959547034647,10.810749999999999,10.810749999999999
15,neck,151,unknown,0.2697323574737578,0.2702966977273663,8.5166,9.8964
15,neck,152,good+laying back,0.270861038247409,0.270861038247409,14.457166666666668,14.457166666666668
15,neck,153,good+laying back+lumbar slouch,0.270861038247409,0.2714924290471298,14.457166666666668,15.1194
15,neck,154,unknown,0.2720623569572619,0.2720623569572619,8.983600000000001,8.983600000000001
15,neck,155,good+laying back,0.2720623569572619,0.2720623569572619,8.983600000000001,8.983600000000001
15,neck,156,unknown,0.27266022235070947,0.2824775102586564,0.45416666666666666,13.3575
15,neck,157,good,0.2824775102586564,0.2824775102586564,13.3575,13.3575
15,neck,158,good+laying back,0.2824775102586564,0.2824775102586564,13.3575,13.3575
15,neck,159,good+laying back+lumbar slouch,0.2824775102586564,0.2824775102586564,13.3575,13.3575
15,neck,160,unknown,0.2830809633086276,0.2905347265932314,-6.3712,10.6346
15,neck,161,good,0.2905347265932314,0.2905347265932314,10.6346,10.6346
15,neck,162,good+laying back+lumbar slouch,0.2905347265932314,0.29106554170700083,10.6346,18.9176
15,neck,163,laying back+lumbar slouch+shoulder slouch,0.29106554170700083,0.29106554170700083,18.9176,18.9176
15,neck,164,shoulder slouch,0.29106554170700083,0.29106554170700083,18.9176,18.9176
15,neck,165,good+laying back+lumbar slouch,0.291635469617133,0.291635469617133,15.709666666666667,15.709666666666667
15,neck,166,laying back+lumbar slouch+shoulder slouch,0.291635469617133,0.291635469617133,15.709666666666667,15.709666666666667
15,neck,167,good+laying back+lumbar slouch,0.2923003855566928,0.2923003855566928,15.291,15.291
15,neck,168,good+laying back,0.2928312006704623,0.2928312006704623,13.3858,13.3858
15,neck,169,good+laying back+lumbar slouch,0.2928312006704623,0.2928312006704623,13.3858,13.3858
15,neck,170,unknown,0.293395541190505,0.293395541190505,7.8015,7.8015
15,neck,171,good,0.293395541190505,0.293395541190505,7.8015,7.8015
15,neck,172,unknown,0.29386489368111995,0.30894563333961217,2.6772,10.6226
15,neck,173,good,0.30894563333961217,0.30894563333961217,10.6226,10.6226
15,neck,174,good+laying back+lumbar slouch,0.30950997385965484,0.30950997385965484,15.040333333333333,15.040333333333333
15,neck,175,unknown,0.31017488979921465,0.3729563613523886,-10.4412,12.657
15,neck,176,good,0.3729563613523886,0.3729563613523886,12.657,12.657
15,neck,177,good+laying back,0.3729563613523886,0.3729563613523886,12.657,12.657
15,neck,178,good+laying back+lumbar slouch,0.3729563613523886,0.3729563613523886,12.657,12.657
15,neck,179,unknown,0.3736883275716265,0.37431971837134725,8.606,13.9724
15,neck,180,good+laying back,0.37431971837134725,0.37431971837134725,13.9724,13.9724
15,neck,181,good+laying back+lumbar slouch,0.37431971837134725,0.37431971837134725,13.9724,13.9724
15,neck,182,laying back+lumbar slouch,0.37431971837134725,0.37431971837134725,13.9724,13.9724
15,neck,183,laying back+lumbar slouch+shoulder slouch,0.3748505337515509,0.3748505337515509,20.117571428571427,20.117571428571427
15,neck,184,lumbar slouch+shoulder slouch,0.3748505337515509,0.3748505337515509,20.117571428571427,20.117571428571427
15,neck,185,shoulder slouch,0.3748505337515509,0.3748505337515509,20.117571428571427,20.117571428571427
15,neck,186,lumbar slouch+shoulder slouch,0.3756495502504669,0.3756495502504669,20.106,20.106
15,neck,187,shoulder slouch,0.3756495502504669,0.3756495502504669,20.106,20.106
15,neck,188,laying back+lumbar slouch+shoulder slouch,0.37618595302076,0.37618595302076,19.002666666666666,19.002666666666666
15,neck,189,lumbar slouch+shoulder slouch,0.37618595302076,0.37618595302076,19.002666666666666,19.002666666666666
15,neck,190,laying back+lumbar slouch,0.37685086896031983,0.37685086896031983,17.8396,17.8396
15,neck,191,laying back+lumbar slouch+shoulder slouch,0.37685086896031983,0.37685086896031983,17.8396,17.8396
15,neck,192,lumbar slouch+shoulder slouch,0.37685086896031983,0.37685086896031983,17.8396,17.8396
15,neck,193,good+laying back+lumbar slouch,0.3774487343537674,0.3774487343537674,16.551000000000002,16.551000000000002
15,neck,194,laying back+lumbar slouch,0.3774487343537674,0.3774487343537674,16.551000000000002,16.551000000000002
15,neck,195,good+laying back+lumbar slouch,0.37804660001364915,0.37804660001364915,16.23775,16.23775
15,neck,196,laying back+lumbar slouch+shoulder slouch,0.3785494776441032,0.37901324247819457,17.64275,17.7968
15,neck,197,good+laying back+lumbar slouch,0.3795440575919641,0.3795440575919641,15.2886,15.2886
15,neck,198,laying back+lumbar slouch,0.3795440575919641,0.3795440575919641,15.2886,15.2886
15,neck,199,laying back+lumbar slouch+shoulder slouch,0.3795440575919641,0.3795440575919641,15.2886,15.2886
15,neck,200,unknown,0.3801139855020962,0.3801139855020962,13.1914,13.1914
15,neck,201,good,0.3801139855020962,0.3801139855020962,13.1914,13.1914
15,neck,202,good+laying back,0.3801139855020962,0.3801139855020962,13.1914,13.1914
15,neck,203,good+laying back+lumbar slouch,0.3801139855020962,0.3801139855020962,13.1914,13.1914
15,neck,204,unknown,0.38067832602213886,0.38067832602213886,11.4916,11.4916
15,neck,205,good,0.38067832602213886,0.38067832602213886,11.4916,11.4916
15,neck,206,unknown,0.3811756159960693,0.4568754539562948,-42.7114,8.956999999999999
15,neck,207,good+laying back+lumbar slouch,0.4577415210013231,0.4577415210013231,19.9524,19.9524
15,neck,208,shoulder slouch,0.4577415210013231,0.4577415210013231,19.9524,19.9524
15,neck,209,good+laying back+lumbar slouch,0.4583393863947707,0.4583393863947707,18.540750000000003,18.540750000000003
15,neck,210,laying back+lumbar slouch+shoulder slouch,0.4583393863947707,0.4583393863947707,18.540750000000003,18.540750000000003
15,neck,211,shoulder slouch,0.4583393863947707,0.4583393863947707,18.540750000000003,18.540750000000003
15,neck,212,unknown,0.4588031514952962,0.4588031514952962,9.4394,9.4394
15,neck,213,good,0.4588031514952962,0.4588031514952962,9.4394,9.4394
15,neck,214,unknown,0.45933955399915516,0.48696429560351173,-65.1928,10.368
15,neck,215,good,0.48696429560351173,0.48696429560351173,10.368,10.368
15,neck,216,unknown,0.48753422351364384,0.48753422351364384,10.172666666666666,10.172666666666666
15,neck,217,good,0.48753422351364384,0.48753422351364384,10.172666666666666,10.172666666666666
15,neck,218,unknown,0.48819913945320365,0.4904285635171906,-3.0662,9.0484000000000009
15,neck,219,good,0.4909593786309601,0.49155724429084185,11.9082,12.9828
15,neck,220,good+laying back,0.49155724429084185,0.49155724429084185,12.9828,12.9828
15,neck,221,good+laying back+lumbar slouch,0.49155724429084185,0.49212717220097396,12.9828,14.8512
15,neck,222,unknown,0.4926579873147435,0.4926579873147435,13.2342,13.2342
15,neck,223,good+laying back+lumbar slouch,0.4926579873147435,0.4926579873147435,13.2342,13.2342
15,neck,224,unknown,0.49322232783478615,0.49532323846307225,-31.631,8.6362
15,neck,225,good,0.49532323846307225,0.49532323846307225,8.6362,8.6362
15,neck,226,unknown,0.4958875789831149,0.4958875789831149,11.410499999999999,11.410499999999999
15,neck,227,good,0.4958875789831149,0.4958875789831149,11.410499999999999,11.410499999999999
15,neck,228,unknown,0.49638486895704537,0.49638486895704537,12.232,12.232
15,neck,229,good+laying back+lumbar slouch,0.49638486895704537,0.4990165949655351,12.232,16.145400000000002
15,neck,230,laying back+lumbar slouch+shoulder slouch,0.4990165949655351,0.4990165949655351,16.132,16.132
15,neck,231,unknown,0.49948035979962646,0.49948035979962646,11.5104,11.5104
15,neck,232,good,0.49948035979962646,0.49948035979962646,11.5104,11.5104
15,neck,233,good+laying back+lumbar slouch,0.49948035979962646,0.49948035979962646,11.5104,11.5104
15,neck,234,unknown,0.5000502877097586,0.585500363298253,-44.854,10.80525
15,neck,235,good,0.585500363298253,0.585500363298253,10.80525,10.80525
15,neck,236,unknown,0.5859641281323443,0.5864278929664357,9.429,11.8564
15,neck,237,good+laying back,0.5864278929664357,0.5864278929664357,11.8564,11.8564
15,neck,238,good+laying back+lumbar slouch,0.5864278929664357,0.5864278929664357,11.8564,11.8564
15,neck,239,unknown,0.5869978208765678,0.5869978208765678,10.6532,10.6532
15,neck,240,good,0.5869978208765678,0.5869978208765678,10.6532,10.6532
15,neck,241,good+laying back+lumbar slouch,0.5869978208765678,0.5875621611301763,10.6532,18.7558
15,neck,242,laying back+lumbar slouch,0.5875621611301763,0.5875621611301763,18.7558,18.7558
15,neck,243,lumbar slouch+shoulder slouch,0.5875621611301763,0.5875621611301763,18.7558,18.7558
15,neck,244,shoulder slouch,0.5875621611301763,0.5875621611301763,18.7558,18.7558
15,neck,245,lumbar slouch+shoulder slouch,0.5881265016502191,0.5881265016502191,19.7886,19.7886
15,neck,246,shoulder slouch,0.5881265016502191,0.5881265016502191,19.7886,19.7886
15,neck,247,good+laying back+lumbar slouch,0.5886629044205122,0.5886629044205122,17.6814,17.6814
15,neck,248,laying back+lumbar slouch,0.5886629044205122,0.5886629044205122,17.6814,17.6814
15,neck,249,laying back+lumbar slouch+shoulder slouch,0.5886629044205122,0.5886629044205122,17.6814,17.6814
15,neck,250,unknown,0.5891937195342816,0.5891937195342816,13.3486,13.3486
15,neck,251,good,0.5891937195342816,0.5891937195342816,13.3486,13.3486
15,neck,252,good+laying back+lumbar slouch,0.5891937195342816,0.5891937195342816,13.3486,13.3486
15,neck,253,unknown,0.5898251103340024,0.6063027324177265,-40.8778,10.768
15,neck,254,good,0.6063027324177265,0.6063027324177265,10.768,10.768
15,neck,255,unknown,0.6067664972518179,0.6067664972518179,11.8256,11.8256
15,neck,256,good,0.6067664972518179,0.6067664972518179,11.8256,11.8256
15,neck,257,unknown,0.607302900022111,0.6178186287430226,-4.5440000000000005,10.7576
15,neck,258,good,0.6178186287430226,0.6178186287430226,10.7576,10.7576
15,neck,259,unknown,0.6183885566531547,0.619483712286967,10.0922,10.7798
15,neck,260,good,0.619483712286967,0.619483712286967,10.7798,10.7798
15,neck,261,good+laying back,0.6200201150572601,0.6200201150572601,13.0892,13.0892
15,neck,262,good+laying back+lumbar slouch,0.6200201150572601,0.6210817455512332,13.0892,15.587666666666667
15,neck,263,laying back+lumbar slouch,0.6210817455512332,0.6210817455512332,15.587666666666667,15.587666666666667
15,neck,264,good+laying back+lumbar slouch,0.6217131363509539,0.6217131363509539,16.077666666666666,16.077666666666666
15,neck,265,laying back+lumbar slouch,0.6217131363509539,0.6217131363509539,16.077666666666666,16.077666666666666
15,neck,266,laying back+lumbar slouch+shoulder slouch,0.6217131363509539,0.6217131363509539,16.077666666666666,16.077666666666666
15,neck,267,good+laying back+lumbar slouch,0.6223780522905138,0.6229144547943727,14.822799999999999,15.8346
15,neck,268,unknown,0.6234452701745763,0.6234452701745763,12.06975,12.06975
15,neck,269,good,0.6234452701745763,0.6234452701745763,12.06975,12.06975
15,neck,270,good+laying back,0.6234452701745763,0.6234452701745763,12.06975,12.06975
15,neck,271,good+laying back+lumbar slouch,0.6234452701745763,0.6234452701745763,12.06975,12.06975
15,neck,272,unknown,0.6239760852883458,0.6327652678421587,-28.4228,11.5148
15,neck,273,good,0.6327652678421587,0.6327652678421587,11.5148,11.5148
15,neck,274,good+laying back,0.6327652678421587,0.6327652678421587,11.5148,11.5148
15,neck,275,good+laying back+lumbar slouch,0.6327652678421587,0.6333351957522908,11.5148,15.843499999999999
15,neck,276,laying back+lumbar slouch,0.6333351957522908,0.6333351957522908,15.843499999999999,15.843499999999999
15,neck,277,laying back+lumbar slouch+shoulder slouch,0.6338324859926554,0.6338324859926554,18.8008,18.8008
15,neck,278,lumbar slouch+shoulder slouch,0.6338324859926554,0.6338324859926554,18.8008,18.8008
15,neck,279,good+laying back+lumbar slouch,0.6343633011064249,0.6343633011064249,18.1968,18.1968
15,neck,280,laying back+lumbar slouch,0.6343633011064249,0.6343633011064249,18.1968,18.1968
15,neck,281,laying back+lumbar slouch+shoulder slouch,0.6343633011064249,0.6343633011064249,18.1968,18.1968
15,neck,282,lumbar slouch+shoulder slouch,0.6343633011064249,0.6343633011064249,18.1968,18.1968
15,neck,283,good+laying back+lumbar slouch,0.6348997038767179,0.6364921494844605,14.14225,15.501999999999999
15,neck,284,laying back+lumbar slouch,0.6364921494844605,0.6364921494844605,15.501999999999999,15.501999999999999
15,neck,285,good+laying back+lumbar slouch,0.6369950271149146,0.6369950271149146,16.933999999999997,16.933999999999997
15,neck,286,laying back+lumbar slouch,0.6369950271149146,0.6369950271149146,16.933999999999997,16.933999999999997
15,neck,287,good+laying back+lumbar slouch,0.637492317088845,0.637492317088845,16.2212,16.2212
15,neck,288,good+laying back,0.6380566576088877,0.6380566576088877,14.4754,14.4754
15,neck,289,good+laying back+lumbar slouch,0.6380566576088877,0.6380566576088877,14.4754,14.4754
15,neck,290,good,0.6385930603791807,0.6385930603791807,15.8226,15.8226
15,neck,291,good+laying back,0.6385930603791807,0.6385930603791807,15.8226,15.8226
15,neck,292,laying back+lumbar slouch,0.6385930603791807,0.6385930603791807,15.8226,15.8226
15,neck,293,laying back+lumbar slouch+shoulder slouch,0.6385930603791807,0.6385930603791807,15.8226,15.8226
15,neck,294,good+laying back+lumbar slouch,0.6391574006327894,0.6391574006327894,15.5345,15.5345
15,neck,295,laying back+lumbar slouch+shoulder slouch,0.6391574006327894,0.6391574006327894,15.5345,15.5345
15,neck,296,good+laying back+lumbar slouch,0.6396546906067198,0.6402916690629641,13.7912,15.887166666666667
15,neck,297,good,0.6408224841767336,0.6408224841767336,11.9422,11.9422
15,neck,298,good+laying back,0.6408224841767336,0.6408224841767336,11.9422,11.9422
15,neck,299,unknown,0.6414203498366153,0.6414203498366153,10.8655,10.8655
15,neck,300,good,0.6414203498366153,0.6414203498366153,10.8655,10.8655
15,neck,301,unknown,0.642051740369902,0.6584008492843594,-44.614200000000004,11.183
15,neck,302,good+laying back+lumbar slouch,0.6584008492843594,0.6584008492843594,11.183,11.183
15,neck,303,unknown,0.6590657652239191,0.6590657652239191,9.8734,9.8734
15,neck,304,good+laying back+lumbar slouch,0.6590657652239191,0.6590657652239191,9.8734,9.8734
15,neck,305,unknown,0.6596301054775278,0.661261663881633,7.0608,11.57425
15,neck,306,good,0.661261663881633,0.661261663881633,11.57425,11.57425
15,neck,307,good+laying back+lumbar slouch,0.661261663881633,0.661261663881633,11.57425,11.57425
15,neck,308,unknown,0.6617254287157244,0.6617254287157244,8.145,8.145
15,neck,309,good+laying back,0.6617254287157244,0.6617254287157244,8.145,8.145
15,neck,310,unknown,0.6621947812063393,0.6621947812063393,10.3932,10.3932
15,neck,311,good,0.6621947812063393,0.6621947812063393,10.3932,10.3932
15,neck,312,unknown,0.6627255963201089,0.6649885455239348,6.5205,10.6096
15,neck,313,good,0.6649885455239348,0.6649885455239348,10.6096,10.6096
15,neck,314,good+laying back+lumbar slouch,0.6655193606377043,0.6655193606377043,15.2382,15.2382
15,neck,315,good,0.6660557634079974,0.6660557634079974,14.3734,14.3734
15,neck,316,good+laying back+lumbar slouch,0.6660557634079974,0.6660557634079974,14.3734,14.3734
15,neck,317,unknown,0.66662010392804,0.6684528131711797,6.1635,11.665666666666667
15,neck,318,good,0.6684528131711797,0.6684528131711797,11.665666666666667,11.665666666666667
15,neck,319,good+laying back,0.6684528131711797,0.6684528131711797,11.665666666666667,11.665666666666667
15,neck,320,unknown,0.6691177291107394,0.6691177291107394,11.4246,11.4246
15,neck,321,good,0.6691177291107394,0.6691177291107394,11.4246,11.4246
15,neck,322,good+laying back+lumbar slouch,0.6691177291107394,0.6691177291107394,11.4246,11.4246
15,neck,323,unknown,0.6696820696307821,0.6696820696307821,11.128,11.128
15,neck,324,good,0.6696820696307821,0.6702128847445517,11.128,13.5695
15,neck,325,good+laying back+lumbar slouch,0.6702128847445517,0.6702128847445517,13.5695,13.5695
15,neck,326,good,0.6706822372351666,0.6706822372351666,12.7638,12.7638
15,neck,327,good+laying back,0.6706822372351666,0.6706822372351666,12.7638,12.7638
15,neck,328,good+laying back+lumbar slouch,0.6706822372351666,0.6706822372351666,12.7638,12.7638
15,neck,329,unknown,0.6712465774887751,0.6712465774887751,12.0454,12.0454
15,neck,330,good,0.6712465774887751,0.6712465774887751,12.0454,12.0454
15,neck,331,good+laying back,0.6712465774887751,0.6712465774887751,12.0454,12.0454
15,neck,332,good+laying back+lumbar slouch,0.6712465774887751,0.6717773928689788,12.0454,13.403500000000001
15,neck,333,unknown,0.6722467453595937,0.6722467453595937,12.1115,12.1115
15,neck,334,good,0.6722467453595937,0.6722467453595937,12.1115,12.1115
15,neck,335,good+laying back+lumbar slouch,0.6722467453595937,0.6722467453595937,12.1115,12.1115
15,neck,336,good+laying back,0.6728446107530414,0.6728446107530414,13.191166666666666,13.191166666666666
15,neck,337,good+laying back+lumbar slouch,0.6728446107530414,0.6728446107530414,13.191166666666666,13.191166666666666
15,neck,338,unknown,0.6735095266926011,0.6735095266926011,11.53425,11.53425
15,neck,339,good,0.6735095266926011,0.6735095266926011,11.53425,11.53425
15,neck,340,good+laying back+lumbar slouch,0.6735095266926011,0.6735095266926011,11.53425,11.53425
15,neck,341,unknown,0.6740459294628942,0.6886573168972057,-27.2286,12.0344
15,neck,342,good+laying back,0.6886573168972057,0.6886573168972057,12.0344,12.0344
15,neck,343,good+laying back+lumbar slouch,0.6886573168972057,0.6886573168972057,12.0344,12.0344
15,neck,344,unknown,0.6892216571508142,0.6925853493785418,-3.2332,7.041333333333333
15,neck,345,good+laying back,0.6925853493785418,0.6925853493785418,5.0276,5.0276
15,neck,346,good+laying back+lumbar slouch,0.6931161647587454,0.6931161647587454,18.8592,18.8592
15,neck,347,laying back+lumbar slouch+shoulder slouch,0.6931161647587454,0.6931161647587454,18.8592,18.8592
15,neck,348,shoulder slouch,0.6931161647587454,0.6931161647587454,18.8592,18.8592
15,neck,349,unknown,0.693680505012354,0.693680505012354,13.871500000000001,13.871500000000001
15,neck,350,good,0.693680505012354,0.693680505012354,13.871500000000001,13.871500000000001
15,neck,351,good+laying back+lumbar slouch,0.693680505012354,0.693680505012354,13.871500000000001,13.871500000000001
15,neck,352,lumbar slouch+shoulder slouch,0.693680505012354,0.693680505012354,13.871500000000001,13.871500000000001
15,neck,353,good+laying back,0.694149857502969,0.694149857502969,12.9924,12.9924
15,neck,354,good+laying back+lumbar slouch,0.694149857502969,0.6952450131367811,12.9924,17.5506
15,neck,355,shoulder slouch,0.6952450131367811,0.6952450131367811,17.5506,17.5506
15,neck,356,laying back+lumbar slouch+shoulder slouch,0.6957814159070742,0.6957814159070742,19.8588,19.8588
15,neck,357,shoulder slouch,0.6957814159070742,0.6957814159070742,19.8588,19.8588
15,neck,358,unknown,0.6963792813005217,0.6963792813005217,12.1256,12.1256
15,neck,359,good+laying back+lumbar slouch,0.6963792813005217,0.6963792813005217,12.1256,12.1256
15,neck,360,laying back+lumbar slouch,0.6963792813005217,0.6963792813005217,12.1256,12.1256
15,neck,361,unknown,0.6969100966807255,0.6980443648444661,6.7642,10.5372
15,neck,362,good+laying back+lumbar slouch,0.6986087053645087,0.6986087053645087,16.8146,16.8146
15,neck,363,laying back+lumbar slouch,0.6986087053645087,0.6986087053645087,16.8146,16.8146
15,neck,364,laying back+lumbar slouch+shoulder slouch,0.6986087053645087,0.6986087053645087,16.8146,16.8146
15,neck,365,good+laying back,0.6991730456181173,0.6991730456181173,14.812800000000001,14.812800000000001
15,neck,366,good+laying back+lumbar slouch,0.6991730456181173,0.6991730456181173,14.812800000000001,14.812800000000001
15,neck,367,unknown,0.6997094483884103,0.700307314048292,8.933,11.1038
15,neck,368,good,0.700307314048292,0.700307314048292,11.1038,11.1038
15,neck,369,good+laying back,0.700307314048292,0.700307314048292,11.1038,11.1038
15,neck,370,unknown,0.7008381291620616,0.7041012459702721,2.4366,11.603
15,neck,371,good,0.7041012459702721,0.7041012459702721,11.603,11.603
15,neck,372,good+laying back,0.7041012459702721,0.7041012459702721,11.603,11.603
15,neck,373,good+laying back+lumbar slouch,0.7041012459702721,0.7041012459702721,11.603,11.603
15,neck,374,unknown,0.704866737329349,0.704866737329349,11.359,11.359
15,neck,375,good,0.704866737329349,0.704866737329349,11.359,11.359
15,neck,376,unknown,0.7055316532689089,0.7060010057595238,10.5825,11.602333333333334
15,neck,377,good,0.7060010057595238,0.7065988714194056,11.602333333333334,12.48875
15,neck,378,good+laying back,0.7065988714194056,0.7065988714194056,12.48875,12.48875
15,neck,379,unknown,0.707096161393336,0.707096161393336,11.13525,11.13525
15,neck,380,good,0.707096161393336,0.707096161393336,11.13525,11.13525
15,neck,381,unknown,0.7079622281719301,0.7079622281719301,11.751,11.751
15,neck,382,good,0.7079622281719301,0.7079622281719301,11.751,11.751
15,neck,383,unknown,0.7085321560820623,0.7096608368557135,10.136,11.0688
15,neck,384,good,0.7096608368557135,0.7096608368557135,10.4612,10.4612
15,neck,385,unknown,0.7102251773757562,0.7227747667117099,-36.65575,9.82725
15,neck,386,good,0.7227747667117099,0.7227747667117099,9.2858,9.2858
15,neck,387,unknown,0.723311169482003,0.723311169482003,11.826600000000001,11.826600000000001
15,neck,388,good,0.723311169482003,0.723311169482003,11.826600000000001,11.826600000000001
15,neck,389,good+laying back,0.723311169482003,0.723311169482003,11.826600000000001,11.826600000000001
15,neck,390,good,0.7238419845957725,0.7238419845957725,12.6205,12.6205
15,neck,391,good+laying back,0.7238419845957725,0.7238419845957725,12.6205,12.6205
15,neck,392,good+laying back+lumbar slouch,0.7238419845957725,0.7238419845957725,12.6205,12.6205
15,neck,393,unknown,0.7243392748361371,0.7704754986063916,-61.3642,10.235
15,neck,394,good,0.7704754986063916,0.7704754986063916,9.192400000000001,9.192400000000001
15,neck,395,unknown,0.7710119013766847,0.7725764095011118,2.171,11.285499999999999
15,neck,396,good+laying back+lumbar slouch,0.7725764095011118,0.7725764095011118,11.285499999999999,11.285499999999999
15,neck,397,unknown,0.7730401743352032,0.7730401743352032,15.9488,15.9488
15,neck,398,good+laying back+lumbar slouch,0.7730401743352032,0.7730401743352032,15.9488,15.9488
15,neck,399,laying back+lumbar slouch+shoulder slouch,0.7730401743352032,0.7730401743352032,15.9488,15.9488
15,neck,400,lumbar slouch+shoulder slouch,0.7730401743352032,0.7730401743352032,15.9488,15.9488
15,neck,401,unknown,0.7735765771054963,0.7735765771054963,10.5292,10.5292
15,neck,402,good,0.7735765771054963,0.7735765771054963,10.5292,10.5292
15,neck,403,unknown,0.774174442498944,0.784528133177184,3.2388,8.6364
15,neck,404,good+laying back+lumbar slouch,0.784528133177184,0.784528133177184,7.543,7.543
15,neck,405,unknown,0.7851259988370657,0.7851259988370657,12.027,12.027
15,neck,406,good+laying back+lumbar slouch,0.7851259988370657,0.7851259988370657,12.027,12.027
15,neck,407,laying back+lumbar slouch+shoulder slouch,0.7851259988370657,0.7851259988370657,12.027,12.027
15,neck,408,unknown,0.7856568139508352,0.7856568139508352,9.4022,9.4022
15,neck,409,good,0.7856568139508352,0.7856568139508352,9.4022,9.4022
15,neck,410,unknown,0.7862211544708778,0.802100910628286,-0.5118,12.6178
15,neck,411,good,0.802100910628286,0.802100910628286,12.6178,12.6178
15,neck,412,good+laying back+lumbar slouch,0.802100910628286,0.802100910628286,12.6178,12.6178
15,neck,413,laying back+lumbar slouch+shoulder slouch,0.802100910628286,0.802100910628286,12.6178,12.6178
15,neck,414,shoulder slouch,0.8026317260084898,0.8026317260084898,24.461,24.461
15,neck,415,unknown,0.8026317260084898,0.8055987036818041,24.461,30.9044
15,neck,416,shoulder slouch,0.8061295187955736,0.8061295187955736,25.523400000000002,25.523400000000002
15,neck,417,unknown,0.8061295187955736,0.8061295187955736,25.523400000000002,25.523400000000002
15,neck,418,shoulder slouch,0.8066603341757772,0.8072302620859093,22.5846,25.3708
15,neck,419,unknown,0.8072302620859093,0.8072302620859093,25.3708,25.3708
15,neck,420,shoulder slouch,0.8077610771996788,0.8077610771996788,25.4488,25.4488
15,neck,421,unknown,0.8077610771996788,0.8077610771996788,25.4488,25.4488
15,neck,422,shoulder slouch,0.8083589428595606,0.8083589428595606,25.911,25.911
15,neck,423,unknown,0.8083589428595606,0.8083589428595606,25.911,25.911
15,neck,424,lumbar slouch+shoulder slouch,0.8088897579733301,0.8088897579733301,20.4446,20.4446
15,neck,425,shoulder slouch,0.8088897579733301,0.8095267361631402,20.4446,22.144833333333334
15,neck,426,laying back+lumbar slouch+shoulder slouch,0.810158126962861,0.810158126962861,21.130333333333333,21.130333333333333
15,neck,427,shoulder slouch,0.810158126962861,0.8114544337021417,21.130333333333333,25.1676
15,neck,428,unknown,0.8114544337021417,0.8114544337021417,25.1676,25.1676
15,neck,429,shoulder slouch,0.8120187739557502,0.8138179583254848,22.7176,26.139333333333333
15,neck,430,unknown,0.8138179583254848,0.8233391070985356,26.139333333333333,38.30675
15,neck,431,shoulder slouch,0.8239704978982564,0.8239704978982564,31.6044,31.6044
15,neck,432,unknown,0.8239704978982564,0.8245348381518649,15.0084,31.6044
15,neck,433,good+laying back,0.8245348381518649,0.8245348381518649,15.0084,15.0084
15,neck,434,good+laying back+lumbar slouch,0.8245348381518649,0.8245348381518649,15.0084,15.0084
15,neck,435,laying back+lumbar slouch,0.8245348381518649,0.8245348381518649,15.0084,15.0084
15,neck,436,shoulder slouch,0.8245348381518649,0.8245348381518649,15.0084,15.0084
15,neck,437,unknown,0.825104766061997,0.8256020560359275,10.23925,10.997333333333334
15,neck,438,good,0.8256020560359275,0.8256020560359275,10.997333333333334,10.997333333333334
15,neck,439,good+laying back,0.8262669719754873,0.8262669719754873,13.850833333333334,13.850833333333334
15,neck,440,good+laying back+lumbar slouch,0.8262669719754873,0.8274347655455011,13.850833333333334,16.055600000000002
15,neck,441,laying back+lumbar slouch,0.8274347655455011,0.8279991060655438,16.055600000000002,17.4135
15,neck,442,laying back+lumbar slouch+shoulder slouch,0.8279991060655438,0.8279991060655438,17.4135,17.4135
15,neck,443,good+laying back+lumbar slouch,0.8284628708996352,0.8284628708996352,15.0568,15.0568
15,neck,444,laying back+lumbar slouch,0.8284628708996352,0.8284628708996352,15.0568,15.0568
15,neck,445,good,0.8290327988097673,0.8290327988097673,12.355,12.355
15,neck,446,good+laying back,0.8290327988097673,0.8290327988097673,12.355,12.355
15,neck,447,good+laying back+lumbar slouch,0.8290327988097673,0.8296641896094882,12.355,13.9998
15,neck,448,unknown,0.8302285298630967,0.8302285298630967,10.956,10.956
15,neck,449,good,0.8302285298630967,0.8302285298630967,10.956,10.956
15,neck,450,unknown,0.8307314074935507,0.8318265631273629,9.2922,12.377
15,neck,451,good,0.8318265631273629,0.8318265631273629,12.377,12.377
15,neck,452,good+laying back,0.8318265631273629,0.8318265631273629,12.377,12.377
15,neck,453,good+laying back+lumbar slouch,0.8318265631273629,0.8318265631273629,12.377,12.377
15,neck,454,good+laying back,0.8323573782411323,0.8323573782411323,12.8716,12.8716
15,neck,455,good+laying back+lumbar slouch,0.8323573782411323,0.8333910709853559,12.8716,14.9922
15,neck,456,good,0.8339554115053985,0.8339554115053985,13.0672,13.0672
15,neck,457,good+laying back,0.8339554115053985,0.8339554115053985,13.0672,13.0672
15,neck,458,good+laying back+lumbar slouch,0.8339554115053985,0.8350561545293002,13.0672,15.7546
15,neck,459,laying back+lumbar slouch,0.8350561545293002,0.8350561545293002,15.7546,15.7546
15,neck,460,unknown,0.8356204950493429,0.8356204950493429,10.603,10.603
15,neck,461,good,0.8356204950493429,0.8356204950493429,10.603,10.603
15,neck,462,unknown,0.8361568978196359,0.8920433592181592,-62.7176,12.183166666666667
15,neck,463,good+laying back,0.8920433592181592,0.8920433592181592,12.183166666666667,12.183166666666667
15,neck,464,good+laying back+lumbar slouch,0.8920433592181592,0.8920433592181592,12.183166666666667,12.183166666666667
15,neck,465,laying back+lumbar slouch+shoulder slouch,0.8920433592181592,0.8926803374079695,12.183166666666667,20.88075
15,neck,466,shoulder slouch,0.8926803374079695,0.8926803374079695,20.88075,20.88075
15,neck,467,laying back+lumbar slouch+shoulder slouch,0.8931776273819,0.8931776273819,20.3742,20.3742
15,neck,468,lumbar slouch+shoulder slouch,0.8931776273819,0.8931776273819,20.3742,20.3742
15,neck,469,shoulder slouch,0.8931776273819,0.8931776273819,20.3742,20.3742
15,neck,470,good+laying back+lumbar slouch,0.8937754930417817,0.8937754930417817,17.175714285714285,17.175714285714285
15,neck,471,laying back+lumbar slouch,0.8937754930417817,0.8937754930417817,17.175714285714285,17.175714285714285
15,neck,472,laying back+lumbar slouch+shoulder slouch,0.8937754930417817,0.8937754930417817,17.175714285714285,17.175714285714285
15,neck,473,good+laying back+lumbar slouch,0.8944739341211806,0.8944739341211806,13.6834,13.6834
15,neck,474,unknown,0.8951053249209013,0.8951053249209013,11.997166666666667,11.997166666666667
15,neck,475,good,0.8951053249209013,0.8951053249209013,11.997166666666667,11.997166666666667
15,neck,476,good+laying back+lumbar slouch,0.8951053249209013,0.8951053249209013,11.997166666666667,11.997166666666667
15,neck,477,unknown,0.8957423031107116,0.9089568083862252,-35.085,12.119250000000001
15,neck,478,good,0.9089568083862252,0.9089568083862252,12.119250000000001,12.119250000000001
15,neck,479,good+laying back+lumbar slouch,0.9089568083862252,0.9089568083862252,12.119250000000001,12.119250000000001
15,neck,480,unknown,0.9093870480804775,0.9093870480804775,10.774750000000001,10.774750000000001
15,neck,481,good,0.9093870480804775,0.9093870480804775,10.774750000000001,10.774750000000001
15,neck,482,unknown,0.9097893500249803,0.970872213160805,-48.512,11.11825
15,neck,483,good,0.970872213160805,0.970872213160805,11.11825,11.11825
15,neck,484,unknown,0.9713024528550573,0.9713024528550573,11.1136,11.1136
15,neck,485,good,0.9713024528550573,0.9713024528550573,11.1136,11.1136
15,neck,486,unknown,0.9717997428289877,0.9717997428289877,11.808666666666667,11.808666666666667
15,neck,487,good,0.9717997428289877,0.9717997428289877,11.808666666666667,11.808666666666667
15,neck,488,good+laying back,0.9717997428289877,0.9717997428289877,11.808666666666667,11.808666666666667
15,neck,489,unknown,0.9722355701797637,0.9722355701797637,10.5788,10.5788
15,neck,490,good,0.9722355701797637,0.9722355701797637,10.5788,10.5788
15,neck,491,unknown,0.9726993350138551,0.9745320445234287,2.68625,5.0174
15,neck,492,laying back+lumbar slouch+shoulder slouch,0.9749287588114078,0.9749287588114078,20.722,20.722
15,neck,493,shoulder slouch,0.9749287588114078,0.9749287588114078,20.722,20.722
15,neck,494,unknown,0.9753645861621838,0.9753645861621838,11.668600000000001,11.668600000000001
15,neck,495,good,0.9753645861621838,0.9753645861621838,11.668600000000001,11.668600000000001
15,neck,496,good+laying back+lumbar slouch,0.9753645861621838,0.9753645861621838,11.668600000000001,11.668600000000001
15,neck,497,laying back+lumbar slouch,0.9753645861621838,0.9753645861621838,11.668600000000001,11.668600000000001
15,neck,498,unknown,0.9758283509962752,1,-2.4808,10.257
16,lower_back,0,unknown,0,0.0017174752688222958,0.115,0.2164
16,lower_back,1,neck slouch,0.0017174752688222958,0.006635700119818269,0.2164,0.7054
16,lower_back,2,good+neck slouch,0.006635700119818269,0.007137559576007905,0.7054,0.85825
16,lower_back,3,neck slouch,0.007633843217814276,0.007633843217814276,0.8788,0.8788
16,lower_back,4,good+neck slouch,0.007633843217814276,0.015641292854684324,0.8788,2.576857142857143
16,lower_back,5,good+neck slouch+shoulder slouch,0.015641292854684324,0.028132022445066684,2.576857142857143,4.9408
16,lower_back,6,neck slouch+shoulder slouch,0.028132022445066684,0.02869522064557903,4.9408,5.23775
16,lower_back,7,shoulder slouch,0.02869522064557903,0.030719388040645945,5.23775,7.9518
16,lower_back,8,unknown,0.030719388040645945,0.030719388040645945,7.9518,7.9518
16,lower_back,9,lumbar slouch,0.03125470477618857,0.032280729073259476,11.6248,14.09
16,lower_back,10,shoulder slouch,0.03291641791275589,0.03291641791275589,10.25025,10.25025
16,lower_back,11,lumbar slouch,0.03291641791275589,0.03291641791275589,10.25025,10.25025
16,lower_back,12,good+neck slouch,0.03337924427520927,0.03337924427520927,3.9044,3.9044
16,lower_back,13,good+neck slouch+shoulder slouch,0.03337924427520927,0.03337924427520927,3.9044,3.9044
16,lower_back,14,shoulder slouch,0.03337924427520927,0.03337924427520927,3.9044,3.9044
16,lower_back,15,good+neck slouch,0.033908984930473805,0.033908984930473805,4.186999999999999,4.186999999999999
16,lower_back,16,good+neck slouch+shoulder slouch,0.033908984930473805,0.033908984930473805,4.186999999999999,4.186999999999999
16,lower_back,17,shoulder slouch,0.033908984930473805,0.033908984930473805,4.186999999999999,4.186999999999999
16,lower_back,18,unknown,0.03447775921126424,0.03447775921126424,10.88075,10.88075
16,lower_back,19,lumbar slouch,0.03447775921126424,0.03816363974289847,10.88075,13.973
16,lower_back,20,unknown,0.038726837677515995,0.038726837677515995,5.0218,5.0218
16,lower_back,21,good+neck slouch+shoulder slouch,0.038726837677515995,0.038726837677515995,5.0218,5.0218
16,lower_back,22,shoulder slouch,0.038726837677515995,0.038726837677515995,5.0218,5.0218
16,lower_back,23,lumbar slouch,0.038726837677515995,0.038726837677515995,5.0218,5.0218
16,lower_back,24,unknown,0.03926215467895344,0.03975843805486499,-2.27675,0.758
16,lower_back,25,neck slouch,0.03975843805486499,0.03975843805486499,0.758,0.758
16,lower_back,26,good+neck slouch,0.03975843805486499,0.03975843805486499,0.758,0.758
16,lower_back,27,neck slouch,0.040355093534730324,0.040355093534730324,3.3646666666666665,3.3646666666666665
16,lower_back,28,good+neck slouch,0.040355093534730324,0.040355093534730324,3.3646666666666665,3.3646666666666665
16,lower_back,29,good+neck slouch+shoulder slouch,0.040355093534730324,0.040355093534730324,3.3646666666666665,3.3646666666666665
16,lower_back,30,neck slouch+shoulder slouch,0.040355093534730324,0.040355093534730324,3.3646666666666665,3.3646666666666665
16,lower_back,31,shoulder slouch,0.040355093534730324,0.040355093534730324,3.3646666666666665,3.3646666666666665
16,lower_back,32,good+neck slouch,0.04101866357330163,0.04101866357330163,3.3345000000000002,3.3345000000000002
16,lower_back,33,good+neck slouch+shoulder slouch,0.04101866357330163,0.04101866357330163,3.3345000000000002,3.3345000000000002
16,lower_back,34,neck slouch+shoulder slouch,0.04101866357330163,0.04101866357330163,3.3345000000000002,3.3345000000000002
16,lower_back,35,unknown,0.041648776332519954,0.041648776332519954,0.5976,0.5976
16,lower_back,36,neck slouch,0.041648776332519954,0.041648776332519954,0.5976,0.5976
16,lower_back,37,good+neck slouch,0.041648776332519954,0.0421840933339574,0.5976,2.1048
16,lower_back,38,good+neck slouch+shoulder slouch,0.0421840933339574,0.042747291268574926,2.1048,5.004166666666666
16,lower_back,39,neck slouch+shoulder slouch,0.042747291268574926,0.042747291268574926,5.004166666666666,5.004166666666666
16,lower_back,40,shoulder slouch,0.042747291268574926,0.042747291268574926,5.004166666666666,5.004166666666666
16,lower_back,41,good+neck slouch+shoulder slouch,0.043410861307146234,0.043410861307146234,4.773666666666666,4.773666666666666
16,lower_back,42,neck slouch+shoulder slouch,0.043410861307146234,0.043410861307146234,4.773666666666666,4.773666666666666
16,lower_back,43,shoulder slouch,0.043410861307146234,0.043410861307146234,4.773666666666666,4.773666666666666
16,lower_back,44,neck slouch,0.044040974066364556,0.044040974066364556,1.604,1.604
16,lower_back,45,good+neck slouch,0.044040974066364556,0.044040974066364556,1.604,1.604
16,lower_back,46,good+neck slouch+shoulder slouch,0.044040974066364556,0.044040974066364556,1.604,1.604
16,lower_back,47,good+neck slouch,0.04454283378844901,0.04454283378844901,1.70975,1.70975
16,lower_back,48,good+neck slouch+shoulder slouch,0.04500565988500757,0.05420642048160829,2.6732,4.8318
16,lower_back,49,neck slouch+shoulder slouch,0.05420642048160829,0.05420642048160829,4.8318,4.8318
16,lower_back,50,shoulder slouch,0.05420642048160829,0.05477519476239872,4.8318,5.79525
16,lower_back,51,neck slouch+shoulder slouch,0.055238020858957286,0.055238020858957286,5.603,5.603
16,lower_back,52,shoulder slouch,0.055238020858957286,0.055238020858957286,5.603,5.603
16,lower_back,53,good+neck slouch,0.055700846955515845,0.055700846955515845,3.1338333333333335,3.1338333333333335
16,lower_back,54,good+neck slouch+shoulder slouch,0.055700846955515845,0.055700846955515845,3.1338333333333335,3.1338333333333335
16,lower_back,55,good+neck slouch,0.05636999334026006,0.062146955559772364,1.2456,2.2124
16,lower_back,56,good+neck slouch+shoulder slouch,0.062146955559772364,0.06268227256120981,2.2124,5.8756
16,lower_back,57,neck slouch+shoulder slouch,0.06268227256120981,0.06268227256120981,5.8756,5.8756
16,lower_back,58,shoulder slouch,0.06268227256120981,0.06268227256120981,5.8756,5.8756
16,lower_back,59,lumbar slouch,0.06268227256120981,0.06530309543614206,5.8756,11.5795
16,lower_back,60,shoulder slouch,0.0658384124375795,0.0658384124375795,8.507249999999999,8.507249999999999
16,lower_back,61,lumbar slouch,0.0658384124375795,0.0658384124375795,8.507249999999999,8.507249999999999
16,lower_back,62,good+neck slouch+shoulder slouch,0.06630123853413807,0.06743321074954602,4.5042,4.703
16,lower_back,63,neck slouch+shoulder slouch,0.06743321074954602,0.06806332350876435,4.703,5.3805
16,lower_back,64,shoulder slouch,0.06806332350876435,0.07217857285760415,5.3805,8.02
16,lower_back,65,unknown,0.07217857285760415,0.07217857285760415,8.02,8.02
16,lower_back,66,shoulder slouch,0.0726469750344408,0.07444251755431489,7.7542,8.9866
16,lower_back,67,unknown,0.07444251755431489,0.07444251755431489,8.9866,8.9866
16,lower_back,68,lumbar slouch,0.07444251755431489,0.0761655691693101,8.9866,10.793
16,lower_back,69,shoulder slouch,0.07676780072945351,0.07676780072945351,9.2594,9.2594
16,lower_back,70,unknown,0.07676780072945351,0.07676780072945351,9.2594,9.2594
16,lower_back,71,lumbar slouch,0.07676780072945351,0.07676780072945351,9.2594,9.2594
16,lower_back,72,shoulder slouch,0.07726408410536506,0.07726408410536506,8.846666666666668,8.846666666666668
16,lower_back,73,unknown,0.07726408410536506,0.07899271180063835,8.846666666666668,8.966000000000001
16,lower_back,74,shoulder slouch,0.0795559100011507,0.0816135346755706,8.5356,8.69
16,lower_back,75,unknown,0.0816135346755706,0.0816135346755706,8.5356,8.5356
16,lower_back,76,shoulder slouch,0.08211539413176024,0.09194626748757928,6.2700000000000005,10.4436
16,lower_back,77,unknown,0.09194626748757928,0.09194626748757928,10.4436,10.4436
16,lower_back,78,lumbar slouch,0.09194626748757928,0.09516932192265494,10.0306,13.2208
16,lower_back,79,shoulder slouch,0.09576597713662545,0.09576597713662545,8.41,8.41
16,lower_back,80,unknown,0.09576597713662545,0.09576597713662545,8.41,8.41
16,lower_back,81,lumbar slouch,0.09576597713662545,0.09576597713662545,8.41,8.41
16,lower_back,82,shoulder slouch,0.0963012941380629,0.0963012941380629,5.5382,5.5382
16,lower_back,83,good+neck slouch+shoulder slouch,0.09686449233857525,0.09686449233857525,4.332,4.332
16,lower_back,84,neck slouch+shoulder slouch,0.09686449233857525,0.09686449233857525,4.332,4.332
16,lower_back,85,good+neck slouch+shoulder slouch,0.09739423299383979,0.09739423299383979,4.93825,4.93825
16,lower_back,86,neck slouch+shoulder slouch,0.09739423299383979,0.09739423299383979,4.93825,4.93825
16,lower_back,87,shoulder slouch,0.09739423299383979,0.09739423299383979,4.93825,4.93825
16,lower_back,88,good+neck slouch+shoulder slouch,0.09786263543657125,0.09786263543657125,4.2131428571428575,4.2131428571428575
16,lower_back,89,neck slouch+shoulder slouch,0.09786263543657125,0.09786263543657125,4.2131428571428575,4.2131428571428575
16,lower_back,90,good+neck slouch+shoulder slouch,0.09862657731320153,0.10201134206476405,3.732,4.265
16,lower_back,91,good+neck slouch,0.10254665906620149,0.10254665906620149,2.5928,2.5928
16,lower_back,92,good+neck slouch+shoulder slouch,0.10254665906620149,0.11816007098770574,2.5928,5.2152
16,lower_back,93,neck slouch+shoulder slouch,0.11816007098770574,0.11816007098770574,5.2152,5.2152
16,lower_back,94,shoulder slouch,0.11816007098770574,0.12413777714923079,5.2152,7.7542
16,lower_back,95,neck slouch+shoulder slouch,0.12470097534974313,0.12470097534974313,5.4458,5.4458
16,lower_back,96,shoulder slouch,0.12470097534974313,0.12470097534974313,5.4458,5.4458
16,lower_back,97,good+neck slouch+shoulder slouch,0.12526974963053356,0.12526974963053356,4.7490000000000006,4.7490000000000006
16,lower_back,98,neck slouch+shoulder slouch,0.12526974963053356,0.12526974963053356,4.7490000000000006,4.7490000000000006
16,lower_back,99,good+neck slouch+shoulder slouch,0.12600023422781084,0.13240730920654148,4.529,5.044
16,lower_back,100,neck slouch+shoulder slouch,0.13240730920654148,0.13240730920654148,5.044,5.044
16,lower_back,101,shoulder slouch,0.13240730920654148,0.1329760834873319,5.044,10.438
16,lower_back,102,lumbar slouch,0.1329760834873319,0.1340021077844028,10.438,15.934249999999999
16,lower_back,103,shoulder slouch,0.13453742478584024,0.13453742478584024,10.32025,10.32025
16,lower_back,104,lumbar slouch,0.13453742478584024,0.13453742478584024,10.32025,10.32025
16,lower_back,105,good+neck slouch,0.1350002508823988,0.1350002508823988,3.0222,3.0222
16,lower_back,106,good+neck slouch+shoulder slouch,0.1350002508823988,0.1350002508823988,3.0222,3.0222
16,lower_back,107,neck slouch+shoulder slouch,0.1350002508823988,0.1350002508823988,3.0222,3.0222
16,lower_back,108,good+neck slouch+shoulder slouch,0.13552999153766335,0.13656159218090716,3.83025,4.366
16,lower_back,109,neck slouch+shoulder slouch,0.13656159218090716,0.13656159218090716,4.366,4.366
16,lower_back,110,good+neck slouch+shoulder slouch,0.1370913328361717,0.1370913328361717,4.822,4.822
16,lower_back,111,neck slouch+shoulder slouch,0.1370913328361717,0.13766010711696214,4.822,5.1372
16,lower_back,112,shoulder slouch,0.13766010711696214,0.13766010711696214,5.1372,5.1372
16,lower_back,113,good+neck slouch+shoulder slouch,0.13822330531747448,0.14513224001828956,4.0648,5.379666666666667
16,lower_back,114,neck slouch+shoulder slouch,0.14513224001828956,0.14513224001828956,5.379666666666667,5.379666666666667
16,lower_back,115,shoulder slouch,0.14513224001828956,0.14579581005686088,5.379666666666667,5.9875
16,lower_back,116,good+neck slouch+shoulder slouch,0.14629766977894534,0.14629766977894534,4.757,4.757
16,lower_back,117,neck slouch+shoulder slouch,0.14629766977894534,0.14629766977894534,4.757,4.757
16,lower_back,118,good+neck slouch+shoulder slouch,0.14689432499291585,0.14998355004468475,3.873,4.98625
16,lower_back,119,neck slouch+shoulder slouch,0.14998355004468475,0.14998355004468475,4.98625,4.98625
16,lower_back,120,shoulder slouch,0.14998355004468475,0.16503376403157147,4.98625,8.8055
16,lower_back,121,unknown,0.16503376403157147,0.16569733407014278,8.8055,9.1165
16,lower_back,122,lumbar slouch,0.16569733407014278,0.16795570242068059,9.1165,9.533
16,lower_back,123,unknown,0.16848544334183996,0.16848544334183996,9.29825,9.29825
16,lower_back,124,lumbar slouch,0.16848544334183996,0.16848544334183996,9.29825,9.29825
16,lower_back,125,unknown,0.1689873027980296,0.17058210137589094,9.1904,9.3536
16,lower_back,126,lumbar slouch,0.17058210137589094,0.17815460611527734,9.3536,10.3512
16,lower_back,127,shoulder slouch,0.17868434703643668,0.17868434703643668,9.4584,9.4584
16,lower_back,128,unknown,0.17868434703643668,0.17868434703643668,9.4584,9.4584
16,lower_back,129,lumbar slouch,0.17868434703643668,0.17868434703643668,9.4584,9.4584
16,lower_back,130,shoulder slouch,0.17925312131722712,0.17925312131722712,8.32075,8.32075
16,lower_back,131,neck slouch+shoulder slouch,0.1797159474137857,0.1797159474137857,5.670428571428571,5.670428571428571
16,lower_back,132,shoulder slouch,0.1797159474137857,0.1797159474137857,5.670428571428571,5.670428571428571
16,lower_back,133,unknown,0.18047988929041595,0.18047988929041595,12.3422,12.3422
16,lower_back,134,lumbar slouch,0.18047988929041595,0.1827048006274956,10.7996,12.3422
16,lower_back,135,shoulder slouch,0.18333491312081912,0.18333491312081912,9.5328,9.5328
16,lower_back,136,lumbar slouch,0.18333491312081912,0.18333491312081912,9.5328,9.5328
16,lower_back,137,shoulder slouch,0.18383677284290356,0.18383677284290356,6.7993999999999994,6.7993999999999994
16,lower_back,138,neck slouch+shoulder slouch,0.1844334283227689,0.1844334283227689,5.325666666666667,5.325666666666667
16,lower_back,139,shoulder slouch,0.1844334283227689,0.1844334283227689,5.325666666666667,5.325666666666667
16,lower_back,140,good+neck slouch+shoulder slouch,0.18499662625738642,0.18499662625738642,4.922000000000001,4.922000000000001
16,lower_back,141,shoulder slouch,0.18499662625738642,0.18499662625738642,4.922000000000001,4.922000000000001
16,lower_back,142,good+neck slouch+shoulder slouch,0.18553194325882388,0.18655796755589477,3.7188,4.90275
16,lower_back,143,neck slouch+shoulder slouch,0.18655796755589477,0.18705982727797923,4.90275,5.3132
16,lower_back,144,shoulder slouch,0.18705982727797923,0.19732564553128193,5.3132,7.7488
16,lower_back,145,good+neck slouch+shoulder slouch,0.1977884716278405,0.1977884716278405,4.844,4.844
16,lower_back,146,neck slouch+shoulder slouch,0.1977884716278405,0.1977884716278405,4.844,4.844
16,lower_back,147,good+neck slouch+shoulder slouch,0.19831821254899987,0.19831821254899987,4.4514,4.4514
16,lower_back,148,good+neck slouch,0.19894832504232335,0.19894832504232335,2.9596,2.9596
16,lower_back,149,good+neck slouch+shoulder slouch,0.19894832504232335,0.19894832504232335,2.9596,2.9596
16,lower_back,150,good+neck slouch,0.19945018476440782,0.20057658089953767,1.993,2.519
16,lower_back,151,good+neck slouch+shoulder slouch,0.20057658089953767,0.20280706831689543,2.519,3.074
16,lower_back,152,good+neck slouch,0.20333680923805478,0.20333680923805478,2.759,2.759
16,lower_back,153,good+neck slouch+shoulder slouch,0.20333680923805478,0.20379963533461334,2.759,3.1111999999999997
16,lower_back,154,good+neck slouch,0.2043349523360508,0.2043349523360508,2.5828,2.5828
16,lower_back,155,good+neck slouch+shoulder slouch,0.2043349523360508,0.2043349523360508,2.5828,2.5828
16,lower_back,156,good+neck slouch,0.20493160755002132,0.207123061607748,1.5448,1.8485
16,lower_back,157,good+neck slouch+shoulder slouch,0.20758588770430655,0.2114725119120587,3.0988571428571428,4.2274
16,lower_back,158,neck slouch+shoulder slouch,0.2114725119120587,0.2114725119120587,4.2274,4.2274
16,lower_back,159,good+neck slouch+shoulder slouch,0.21204128619284915,0.21738887986105068,2.9445,4.3398
16,lower_back,160,good+neck slouch,0.21785170595760925,0.21785170595760925,1.4558,1.4558
16,lower_back,161,unknown,0.2184204802383997,0.2184204802383997,0.2526,0.2526
16,lower_back,162,good+neck slouch,0.2184204802383997,0.2184204802383997,0.2526,0.2526
16,lower_back,163,unknown,0.21895022115955903,0.21895022115955903,0.76225,0.76225
16,lower_back,164,good+neck slouch,0.21895022115955903,0.21895022115955903,0.76225,0.76225
16,lower_back,165,good+neck slouch+shoulder slouch,0.2194130472561176,0.2194130472561176,4.376,4.376
16,lower_back,166,neck slouch+shoulder slouch,0.2194130472561176,0.2194130472561176,4.376,4.376
16,lower_back,167,shoulder slouch,0.2194130472561176,0.22154316256952156,4.376,8.2088
16,lower_back,168,good+neck slouch+shoulder slouch,0.22207290349068093,0.22207290349068093,4.44375,4.44375
16,lower_back,169,neck slouch+shoulder slouch,0.22207290349068093,0.22207290349068093,4.44375,4.44375
16,lower_back,170,shoulder slouch,0.22207290349068093,0.22207290349068093,4.44375,4.44375
16,lower_back,171,good+neck slouch,0.2225357295872395,0.22307104658867694,1.7708,1.815
16,lower_back,172,neck slouch,0.22363424452329445,0.22363424452329445,0.8967499999999999,0.8967499999999999
16,lower_back,173,good+neck slouch,0.22363424452329445,0.22409707088574785,0.8967499999999999,2.1194
16,lower_back,174,good+neck slouch+shoulder slouch,0.22409707088574785,0.22409707088574785,2.1194,2.1194
16,lower_back,175,good+neck slouch,0.2246323878871853,0.2246323878871853,2.0852,2.0852
16,lower_back,176,good+neck slouch+shoulder slouch,0.2246323878871853,0.2246323878871853,2.0852,2.0852
16,lower_back,177,good+neck slouch,0.2251955858218028,0.2251955858218028,1.3624,1.3624
16,lower_back,178,unknown,0.22575878402231514,0.22575878402231514,0.11,0.11
16,lower_back,179,neck slouch,0.22575878402231514,0.22575878402231514,0.11,0.11
16,lower_back,180,good+neck slouch,0.22575878402231514,0.22575878402231514,0.11,0.11
16,lower_back,181,unknown,0.22635543923628568,0.22689075623772312,-0.3188,-0.2636
16,lower_back,182,neck slouch,0.22745395443823546,0.2285859266536434,0.3056,0.7044
16,lower_back,183,good+neck slouch,0.2285859266536434,0.2285859266536434,0.7044,0.7044
16,lower_back,184,neck slouch,0.22911566757480278,0.22911566757480278,0.7986,0.7986
16,lower_back,185,good+neck slouch,0.22911566757480278,0.22911566757480278,0.7986,0.7986
16,lower_back,186,neck slouch,0.22964540823006732,0.22964540823006732,0.9108,0.9108
16,lower_back,187,good+neck slouch,0.22964540823006732,0.23018072523150476,0.9108,3.8834
16,lower_back,188,good+neck slouch+shoulder slouch,0.23018072523150476,0.23018072523150476,3.8834,3.8834
16,lower_back,189,neck slouch+shoulder slouch,0.23018072523150476,0.23018072523150476,3.8834,3.8834
16,lower_back,190,shoulder slouch,0.23018072523150476,0.23018072523150476,3.8834,3.8834
16,lower_back,191,unknown,0.23077738071137008,0.23077738071137008,9.625499999999999,9.625499999999999
16,lower_back,192,lumbar slouch,0.23077738071137008,0.23124020680792864,9.625499999999999,10.963166666666666
16,lower_back,193,shoulder slouch,0.23190377684649996,0.23190377684649996,10.1974,10.1974
16,lower_back,194,lumbar slouch,0.23190377684649996,0.23190377684649996,10.1974,10.1974
16,lower_back,195,shoulder slouch,0.2324390938479374,0.23635917533504255,7.7058,8.82325
16,lower_back,196,unknown,0.23635917533504255,0.23635917533504255,8.82325,8.82325
16,lower_back,197,shoulder slouch,0.23682200143160112,0.23682200143160112,8.9944,8.9944
16,lower_back,198,unknown,0.23682200143160112,0.23682200143160112,8.9944,8.9944
16,lower_back,199,shoulder slouch,0.23735174235276046,0.24482945133436598,5.7348,7.1258
16,lower_back,200,neck slouch+shoulder slouch,0.24529227743092455,0.24529227743092455,5.1264,5.1264
16,lower_back,201,shoulder slouch,0.24529227743092455,0.24529227743092455,5.1264,5.1264
16,lower_back,202,neck slouch+shoulder slouch,0.245827594432362,0.245827594432362,5.150399999999999,5.150399999999999
16,lower_back,203,shoulder slouch,0.245827594432362,0.25798375096331966,5.150399999999999,9.04025
16,lower_back,204,lumbar slouch,0.25798375096331966,0.25798375096331966,9.04025,9.04025
16,lower_back,205,shoulder slouch,0.2584465770598782,0.2584465770598782,8.956,8.956
16,lower_back,206,lumbar slouch,0.2584465770598782,0.2584465770598782,8.956,8.956
16,lower_back,207,shoulder slouch,0.25901535134066866,0.25901535134066866,8.3714,8.3714
16,lower_back,208,unknown,0.25901535134066866,0.25901535134066866,8.3714,8.3714
16,lower_back,209,lumbar slouch,0.2595450919959332,0.2605432350939292,10.316,11.4048
16,lower_back,210,shoulder slouch,0.26110643329444155,0.26110643329444155,9.912333333333333,9.912333333333333
16,lower_back,211,lumbar slouch,0.26110643329444155,0.26110643329444155,9.912333333333333,9.912333333333333
16,lower_back,212,shoulder slouch,0.2618034606123658,0.2633648016449794,7.3872,8.495000000000001
16,lower_back,213,good+neck slouch+shoulder slouch,0.2638945425661387,0.2638945425661387,4.521,4.521
16,lower_back,214,shoulder slouch,0.2638945425661387,0.26446331684692914,4.521,5.83375
16,lower_back,215,neck slouch+shoulder slouch,0.2649596002228407,0.2649596002228407,5.761166666666667,5.761166666666667
16,lower_back,216,shoulder slouch,0.2649596002228407,0.265589712982059,5.761166666666667,6.1302
16,lower_back,217,neck slouch+shoulder slouch,0.26612502998349646,0.26612502998349646,5.9304,5.9304
16,lower_back,218,shoulder slouch,0.26612502998349646,0.26612502998349646,5.9304,5.9304
16,lower_back,219,good+neck slouch+shoulder slouch,0.266688227918114,0.266688227918114,4.8835,4.8835
16,lower_back,220,neck slouch+shoulder slouch,0.266688227918114,0.2671510542805674,4.8835,5.144
16,lower_back,221,shoulder slouch,0.2671510542805674,0.2671510542805674,5.144,5.144
16,lower_back,222,neck slouch+shoulder slouch,0.26768637101611,0.26824956921662235,5.0042,5.28875
16,lower_back,223,shoulder slouch,0.26824956921662235,0.26928116959397136,5.28875,6.5094
16,lower_back,224,neck slouch+shoulder slouch,0.2698778250738367,0.2698778250738367,5.71,5.71
16,lower_back,225,shoulder slouch,0.2698778250738367,0.2698778250738367,5.71,5.71
16,lower_back,226,neck slouch+shoulder slouch,0.2704744802878072,0.2704744802878072,5.9984,5.9984
16,lower_back,227,shoulder slouch,0.2704744802878072,0.2704744802878072,5.9984,5.9984
16,lower_back,228,good+neck slouch,0.27103767848831956,0.27103767848831956,4.6658,4.6658
16,lower_back,229,good+neck slouch+shoulder slouch,0.27103767848831956,0.27103767848831956,4.6658,4.6658
16,lower_back,230,neck slouch+shoulder slouch,0.27103767848831956,0.27103767848831956,4.6658,4.6658
16,lower_back,231,shoulder slouch,0.27103767848831956,0.27103767848831956,4.6658,4.6658
16,lower_back,232,good+neck slouch,0.27160645276911,0.2721361934243745,1.705,3.1092
16,lower_back,233,good+neck slouch+shoulder slouch,0.2721361934243745,0.2726993916248869,3.1092,4.4176
16,lower_back,234,neck slouch+shoulder slouch,0.2726993916248869,0.2726993916248869,4.4176,4.4176
16,lower_back,235,good+neck slouch+shoulder slouch,0.2732347086263243,0.2732347086263243,4.9034,4.9034
16,lower_back,236,neck slouch+shoulder slouch,0.2732347086263243,0.2732347086263243,4.9034,4.9034
16,lower_back,237,shoulder slouch,0.2732347086263243,0.2742941902027482,4.9034,6.15225
16,lower_back,238,good+neck slouch+shoulder slouch,0.2748239308580127,0.2748239308580127,4.311,4.311
16,lower_back,239,neck slouch+shoulder slouch,0.2748239308580127,0.2748239308580127,4.311,4.311
16,lower_back,240,good+neck slouch+shoulder slouch,0.27539270513880315,0.2759559033393155,4.042,4.655
16,lower_back,241,neck slouch+shoulder slouch,0.2759559033393155,0.27651910127393303,4.655,5.2252
16,lower_back,242,shoulder slouch,0.27651910127393303,0.27651910127393303,5.2252,5.2252
16,lower_back,243,neck slouch+shoulder slouch,0.2770544182753705,0.2770544182753705,5.1428,5.1428
16,lower_back,244,shoulder slouch,0.2770544182753705,0.2770544182753705,5.1428,5.1428
16,lower_back,245,neck slouch+shoulder slouch,0.27761761647588284,0.27761761647588284,5.726,5.726
16,lower_back,246,shoulder slouch,0.27761761647588284,0.27821427168985335,5.726,6.2952
16,lower_back,247,good+neck slouch+shoulder slouch,0.27874401261101267,0.27874401261101267,5.091,5.091
16,lower_back,248,shoulder slouch,0.27874401261101267,0.27874401261101267,5.091,5.091
16,lower_back,249,good+neck slouch+shoulder slouch,0.27927932961245017,0.2798425275470677,4.6768,4.74475
16,lower_back,250,neck slouch+shoulder slouch,0.2798425275470677,0.2798425275470677,4.74475,4.74475
16,lower_back,251,good+neck slouch+shoulder slouch,0.28030535364362624,0.28186669494213457,4.5614,4.7902
16,lower_back,252,neck slouch+shoulder slouch,0.28186669494213457,0.28186669494213457,4.7902,4.7902
16,lower_back,253,good+neck slouch+shoulder slouch,0.282402011943572,0.282402011943572,4.8844,4.8844
16,lower_back,254,neck slouch+shoulder slouch,0.282402011943572,0.282402011943572,4.8844,4.8844
16,lower_back,255,good+neck slouch+shoulder slouch,0.28296520987818957,0.28498937727325646,4.4738,4.8066
16,lower_back,256,neck slouch+shoulder slouch,0.28498937727325646,0.2883128035463911,4.8066,5.0988
16,lower_back,257,good+neck slouch+shoulder slouch,0.2890098308643154,0.2890098308643154,4.8702,4.8702
16,lower_back,258,neck slouch+shoulder slouch,0.2890098308643154,0.2912403182816731,4.8702,5.0416
16,lower_back,259,good+neck slouch+shoulder slouch,0.2917700589369377,0.2917700589369377,4.7736,4.7736
16,lower_back,260,neck slouch+shoulder slouch,0.2917700589369377,0.2917700589369377,4.7736,4.7736
16,lower_back,261,good+neck slouch+shoulder slouch,0.29233325713745,0.2985786217996938,4.36325,4.923500000000001
16,lower_back,262,neck slouch+shoulder slouch,0.2985786217996938,0.2985786217996938,4.923500000000001,4.923500000000001
16,lower_back,263,shoulder slouch,0.2985786217996938,0.29907490544150017,4.923500000000001,6.6666
16,lower_back,264,good+neck slouch+shoulder slouch,0.2996102221770428,0.2996102221770428,3.5,3.5
16,lower_back,265,good+neck slouch,0.3001399630982021,0.3001399630982021,2.086,2.086
16,lower_back,266,good+neck slouch+shoulder slouch,0.3006083655409336,0.30940763825350887,3.3332,4.6537999999999995
16,lower_back,267,shoulder slouch,0.30997641253429925,0.30997641253429925,6.7202,6.7202
16,lower_back,268,unknown,0.30997641253429925,0.30997641253429925,6.7202,6.7202
16,lower_back,269,lumbar slouch,0.3105061534554586,0.31309909486542115,11.749749999999999,13.6616
16,lower_back,270,shoulder slouch,0.3135619212278745,0.3135619212278745,10.2174,10.2174
16,lower_back,271,unknown,0.3135619212278745,0.3135619212278745,10.2174,10.2174
16,lower_back,272,lumbar slouch,0.3135619212278745,0.3135619212278745,10.2174,10.2174
16,lower_back,273,shoulder slouch,0.3140916618831391,0.3140916618831391,7.84,7.84
16,lower_back,274,good+neck slouch+shoulder slouch,0.3146269788845765,0.3146269788845765,5.0645,5.0645
16,lower_back,275,shoulder slouch,0.3146269788845765,0.3146269788845765,5.0645,5.0645
16,lower_back,276,good+neck slouch,0.3151232622604881,0.3151232622604881,2.1558571428571427,2.1558571428571427
16,lower_back,277,good+neck slouch+shoulder slouch,0.3151232622604881,0.3151232622604881,2.1558571428571427,2.1558571428571427
16,lower_back,278,good+neck slouch,0.31588720413711835,0.31588720413711835,1.8644,1.8644
16,lower_back,279,good+neck slouch+shoulder slouch,0.31588720413711835,0.31691880478036216,1.8644,4.7648
16,lower_back,280,neck slouch+shoulder slouch,0.31691880478036216,0.31691880478036216,4.7648,4.7648
16,lower_back,281,shoulder slouch,0.31691880478036216,0.31691880478036216,4.7648,4.7648
16,lower_back,282,good+neck slouch+shoulder slouch,0.31744854543562667,0.31744854543562667,4.7943999999999996,4.7943999999999996
16,lower_back,283,neck slouch+shoulder slouch,0.31744854543562667,0.31744854543562667,4.7943999999999996,4.7943999999999996
16,lower_back,284,shoulder slouch,0.31744854543562667,0.31744854543562667,4.7943999999999996,4.7943999999999996
16,lower_back,285,good+neck slouch+shoulder slouch,0.31797828609089124,0.31797828609089124,4.716,4.716
16,lower_back,286,neck slouch+shoulder slouch,0.31797828609089124,0.31797828609089124,4.716,4.716
16,lower_back,287,good+neck slouch+shoulder slouch,0.3184466885336227,0.328110275226782,2.8324,4.464
16,lower_back,288,neck slouch+shoulder slouch,0.328110275226782,0.328110275226782,4.464,4.464
16,lower_back,289,shoulder slouch,0.328110275226782,0.32924224770808475,4.464,9.2494
16,lower_back,290,lumbar slouch,0.32924224770808475,0.33292812797382415,9.2494,11.7444
16,lower_back,291,shoulder slouch,0.33339653041655565,0.33339653041655565,9.6406,9.6406
16,lower_back,292,unknown,0.33339653041655565,0.33339653041655565,9.6406,9.6406
16,lower_back,293,lumbar slouch,0.33339653041655565,0.33339653041655565,9.6406,9.6406
16,lower_back,294,shoulder slouch,0.333926271337715,0.333926271337715,9.3386,9.3386
16,lower_back,295,unknown,0.333926271337715,0.333926271337715,9.3386,9.3386
16,lower_back,296,lumbar slouch,0.333926271337715,0.333926271337715,9.3386,9.3386
16,lower_back,297,shoulder slouch,0.33448946927233253,0.33615118240889985,6.539,8.7254
16,lower_back,298,unknown,0.33615118240889985,0.33615118240889985,8.7254,8.7254
16,lower_back,299,lumbar slouch,0.33615118240889985,0.3394411514026815,8.7254,11.195
16,lower_back,300,shoulder slouch,0.339970892057946,0.339970892057946,9.533,9.533
16,lower_back,301,lumbar slouch,0.339970892057946,0.339970892057946,9.533,9.533
16,lower_back,302,shoulder slouch,0.34053966633873645,0.34053966633873645,8.452,8.452
16,lower_back,303,lumbar slouch,0.34053966633873645,0.3421623461156727,8.452,11.392142857142856
16,lower_back,304,shoulder slouch,0.34295974527165596,0.34295974527165596,9.9275,9.9275
16,lower_back,305,lumbar slouch,0.34295974527165596,0.34295974527165596,9.9275,9.9275
16,lower_back,306,shoulder slouch,0.34342814771438746,0.34608242760277785,5.7392,8.958
16,lower_back,307,unknown,0.34608242760277785,0.34608242760277785,8.958,8.958
16,lower_back,308,lumbar slouch,0.3465508300455093,0.3476772261806392,9.4076,9.6372
16,lower_back,309,shoulder slouch,0.3482125431820766,0.3482125431820766,9.099,9.099
16,lower_back,310,unknown,0.3482125431820766,0.3482125431820766,9.099,9.099
16,lower_back,311,lumbar slouch,0.3482125431820766,0.3482125431820766,9.099,9.099
16,lower_back,312,shoulder slouch,0.3487757411166941,0.3487757411166941,8.866,8.866
16,lower_back,313,unknown,0.3487757411166941,0.3487757411166941,8.866,8.866
16,lower_back,314,shoulder slouch,0.3492385672132527,0.34977388421469013,8.389,8.4626
16,lower_back,315,unknown,0.34977388421469013,0.34977388421469013,8.389,8.389
16,lower_back,316,shoulder slouch,0.3503370824152025,0.3503370824152025,8.32075,8.32075
16,lower_back,317,unknown,0.3503370824152025,0.35079990851176107,8.32075,9.6908
16,lower_back,318,lumbar slouch,0.35079990851176107,0.3513352255131985,9.6908,9.7614
16,lower_back,319,unknown,0.3518984237137109,0.3518984237137109,9.6326,9.6326
16,lower_back,320,lumbar slouch,0.3518984237137109,0.3518984237137109,9.6326,9.6326
16,lower_back,321,shoulder slouch,0.3524616216483284,0.3524616216483284,7.619,7.619
16,lower_back,322,unknown,0.3524616216483284,0.3524616216483284,7.619,7.619
16,lower_back,323,shoulder slouch,0.35303039592911883,0.3712311731803075,5.401,8.7782
16,lower_back,324,unknown,0.3712311731803075,0.37186128593952583,8.657333333333334,10.079
16,lower_back,325,lumbar slouch,0.37186128593952583,0.37664568140721505,10.079,11.801
16,lower_back,326,shoulder slouch,0.3771140838499465,0.3771140838499465,8.5278,8.5278
16,lower_back,327,lumbar slouch,0.3771140838499465,0.3771140838499465,8.5278,8.5278
16,lower_back,328,shoulder slouch,0.37764382450521106,0.37764382450521106,8.0498,8.0498
16,lower_back,329,unknown,0.37764382450521106,0.37764382450521106,8.0498,8.0498
16,lower_back,330,lumbar slouch,0.3782070227057234,0.3792051658037194,10.013,11.0688
16,lower_back,331,shoulder slouch,0.3797683637383369,0.3797683637383369,10.0745,10.0745
16,lower_back,332,lumbar slouch,0.3797683637383369,0.3797683637383369,10.0745,10.0745
16,lower_back,333,shoulder slouch,0.3802367661810684,0.3802367661810684,6.9784,6.9784
16,lower_back,334,good+neck slouch+shoulder slouch,0.38076650710222776,0.38076650710222776,4.2724,4.2724
16,lower_back,335,neck slouch+shoulder slouch,0.38076650710222776,0.38076650710222776,4.2724,4.2724
16,lower_back,336,shoulder slouch,0.38076650710222776,0.38076650710222776,4.2724,4.2724
16,lower_back,337,neck slouch,0.38132970503684527,0.38132970503684527,1.2742499999999999,1.2742499999999999
16,lower_back,338,good+neck slouch,0.38132970503684527,0.38132970503684527,1.2742499999999999,1.2742499999999999
16,lower_back,339,neck slouch,0.3817981074795767,0.3833259912328373,0.4066,0.70725
16,lower_back,340,good+neck slouch,0.3833259912328373,0.3901680113749464,0.70725,3.3312
16,lower_back,341,good+neck slouch+shoulder slouch,0.3901680113749464,0.3901680113749464,3.3312,3.3312
16,lower_back,342,neck slouch+shoulder slouch,0.39069775229610576,0.39069775229610576,5.1404,5.1404
16,lower_back,343,shoulder slouch,0.39069775229610576,0.39339106581002203,5.1404,6.818
16,lower_back,344,good+neck slouch+shoulder slouch,0.39405463584859335,0.39405463584859335,4.72675,4.72675
16,lower_back,345,neck slouch+shoulder slouch,0.39405463584859335,0.39405463584859335,4.72675,4.72675
16,lower_back,346,good+neck slouch+shoulder slouch,0.39452303802543,0.3979412600563455,4.3637999999999995,4.809
16,lower_back,347,neck slouch+shoulder slouch,0.3979412600563455,0.3995026013548539,4.809,5.247
16,lower_back,348,shoulder slouch,0.3995026013548539,0.4000992565688244,5.247,5.3074
16,lower_back,349,neck slouch+shoulder slouch,0.40060111629090883,0.40060111629090883,5.3557500000000005,5.3557500000000005
16,lower_back,350,shoulder slouch,0.40060111629090883,0.4010973996668204,5.3557500000000005,8.5604
16,lower_back,351,lumbar slouch,0.4010973996668204,0.4031884816205933,8.5604,12.085
16,lower_back,352,shoulder slouch,0.40365688406332473,0.40365688406332473,10.6348,10.6348
16,lower_back,353,lumbar slouch,0.40365688406332473,0.40365688406332473,10.6348,10.6348
16,lower_back,354,shoulder slouch,0.4041866249844841,0.4047498229191016,7.485,8.35625
16,lower_back,355,unknown,0.4047498229191016,0.4052182253618331,8.35625,9.7856
16,lower_back,356,lumbar slouch,0.4052182253618331,0.4052182253618331,9.7856,9.7856
16,lower_back,357,unknown,0.4057479660170976,0.4057479660170976,9.6142,9.6142
16,lower_back,358,lumbar slouch,0.4057479660170976,0.4057479660170976,9.6142,9.6142
16,lower_back,359,shoulder slouch,0.40631116421761,0.40631116421761,8.881,8.881
16,lower_back,360,unknown,0.40631116421761,0.40631116421761,8.881,8.881
16,lower_back,361,shoulder slouch,0.4067795663944466,0.4318948546926233,6.29925,8.566
16,lower_back,362,unknown,0.43242459561378266,0.43554727794490455,8.858,9.02775
16,lower_back,363,shoulder slouch,0.43611047614541687,0.43611047614541687,8.854,8.854
16,lower_back,364,unknown,0.43611047614541687,0.43611047614541687,8.854,8.854
16,lower_back,365,shoulder slouch,0.4366457928809595,0.4371755338021189,8.7286,8.815000000000001
16,lower_back,366,unknown,0.4371755338021189,0.4371755338021189,8.815000000000001,8.815000000000001
16,lower_back,367,lumbar slouch,0.43767181717803044,0.43767181717803044,10.1746,10.1746
16,lower_back,368,unknown,0.4382071341794679,0.4382071341794679,9.29175,9.29175
16,lower_back,369,lumbar slouch,0.4382071341794679,0.4382071341794679,9.29175,9.29175
16,lower_back,370,shoulder slouch,0.43866996027602645,0.43866996027602645,8.9738,8.9738
16,lower_back,371,unknown,0.43866996027602645,0.43866996027602645,8.9738,8.9738
16,lower_back,372,shoulder slouch,0.43919970119718577,0.43919970119718577,10.3316,10.3316
16,lower_back,373,unknown,0.43919970119718577,0.43919970119718577,10.3316,10.3316
16,lower_back,374,lumbar slouch,0.43919970119718577,0.4413298165105898,10.3316,14.482
16,lower_back,375,shoulder slouch,0.44179264260714834,0.44179264260714834,10.802,10.802
16,lower_back,376,lumbar slouch,0.44179264260714834,0.44179264260714834,10.802,10.802
16,lower_back,377,neck slouch+shoulder slouch,0.44235584080766066,0.44235584080766066,5.7196,5.7196
16,lower_back,378,shoulder slouch,0.44235584080766066,0.4428911578090981,5.7196,9.66375
16,lower_back,379,lumbar slouch,0.4428911578090981,0.4444859563869594,9.66375,11.8906
16,lower_back,380,unknown,0.445049154321577,0.445049154321577,10.237,10.237
16,lower_back,381,lumbar slouch,0.445049154321577,0.445049154321577,10.237,10.237
16,lower_back,382,shoulder slouch,0.4455788952427363,0.44993392189321996,6.3962,8.7508
16,lower_back,383,unknown,0.44993392189321996,0.44993392189321996,8.7508,8.7508
16,lower_back,384,lumbar slouch,0.44993392189321996,0.46082985290574097,8.7508,11.5864
16,lower_back,385,unknown,0.4614265081197115,0.4614265081197115,9.567166666666667,9.567166666666667
16,lower_back,386,lumbar slouch,0.4614265081197115,0.5191626748967453,9.567166666666667,13.061666666666667
16,lower_back,387,unknown,0.5196310773394767,0.5196310773394767,9.95075,9.95075
16,lower_back,388,lumbar slouch,0.5196310773394767,0.5196310773394767,9.95075,9.95075
16,lower_back,389,unknown,0.5201273607153882,0.5201273607153882,10.417,10.417
16,lower_back,390,lumbar slouch,0.5201273607153882,0.521192418637985,10.417,10.8615
16,lower_back,391,shoulder slouch,0.5216552447345436,0.5216552447345436,7.8826,7.8826
16,lower_back,392,unknown,0.5216552447345436,0.5216552447345436,7.8826,7.8826
16,lower_back,393,shoulder slouch,0.5222184426691612,0.5287649233773715,5.6754,6.676200000000001
16,lower_back,394,neck slouch+shoulder slouch,0.529328121311989,0.529328121311989,5.3,5.3
16,lower_back,395,shoulder slouch,0.529328121311989,0.529328121311989,5.3,5.3
16,lower_back,396,good+neck slouch+shoulder slouch,0.5298968955927794,0.5298968955927794,4.7066,4.7066
16,lower_back,397,neck slouch+shoulder slouch,0.5298968955927794,0.5298968955927794,4.7066,4.7066
16,lower_back,398,good+neck slouch+shoulder slouch,0.5304266365139387,0.5310232917279093,4.5342,5.0875
16,lower_back,399,neck slouch+shoulder slouch,0.5310232917279093,0.5310232917279093,5.0875,5.0875
16,lower_back,400,shoulder slouch,0.5310232917279093,0.5316534044871276,5.0875,6.313000000000001
16,lower_back,401,neck slouch+shoulder slouch,0.5321218069298591,0.5321218069298591,5.627,5.627
16,lower_back,402,shoulder slouch,0.5321218069298591,0.5321218069298591,5.627,5.627
16,lower_back,403,good+neck slouch+shoulder slouch,0.5326515475851236,0.5326515475851236,4.8976,4.8976
16,lower_back,404,neck slouch+shoulder slouch,0.5326515475851236,0.5326515475851236,4.8976,4.8976
16,lower_back,405,good+neck slouch+shoulder slouch,0.533248203064989,0.533248203064989,4.317428571428572,4.317428571428572
16,lower_back,406,neck slouch+shoulder slouch,0.533248203064989,0.533248203064989,4.317428571428572,4.317428571428572
16,lower_back,407,good+neck slouch+shoulder slouch,0.5340121449416192,0.5367054584555355,4.2672,4.8348
16,lower_back,408,neck slouch+shoulder slouch,0.5367054584555355,0.5382333424746909,4.8348,5.1746
16,lower_back,409,shoulder slouch,0.5387965404093085,0.5595623784031744,5.3656,8.5702
16,lower_back,410,unknown,0.5595623784031744,0.5595623784031744,8.5702,8.5702
16,lower_back,411,shoulder slouch,0.5600921190584389,0.5600921190584389,8.939400000000001,8.939400000000001
16,lower_back,412,unknown,0.5600921190584389,0.5600921190584389,8.939400000000001,8.939400000000001
16,lower_back,413,lumbar slouch,0.5600921190584389,0.5600921190584389,8.939400000000001,8.939400000000001
16,lower_back,414,shoulder slouch,0.5606887745383042,0.5637779995900731,6.794333333333333,8.4902
16,lower_back,415,unknown,0.5637779995900731,0.5637779995900731,8.4902,8.4902
16,lower_back,416,lumbar slouch,0.5637779995900731,0.5643133165915106,8.4902,10.49175
16,lower_back,417,good+neck slouch+shoulder slouch,0.5648095999674222,0.5648095999674222,5.857,5.857
16,lower_back,418,neck slouch+shoulder slouch,0.5648095999674222,0.5648095999674222,5.857,5.857
16,lower_back,419,shoulder slouch,0.5648095999674222,0.5648095999674222,5.857,5.857
16,lower_back,420,good+neck slouch,0.5653727981679345,0.5653727981679345,2.612,2.612
16,lower_back,421,good+neck slouch+shoulder slouch,0.5653727981679345,0.5653727981679345,2.612,2.612
16,lower_back,422,good+neck slouch,0.5660363682065058,0.5665382276626955,1.8778,2.3994
16,lower_back,423,good+neck slouch+shoulder slouch,0.5665382276626955,0.5665382276626955,2.3994,2.3994
16,lower_back,424,good+neck slouch,0.5671348831425608,0.5692928796550396,2.0468,2.5982
16,lower_back,425,good+neck slouch+shoulder slouch,0.5692928796550396,0.5993598500835653,2.5982,4.925
16,lower_back,426,neck slouch+shoulder slouch,0.5993598500835653,0.6003858743806362,4.9018,5.0607500000000005
16,lower_back,427,good+neck slouch+shoulder slouch,0.6009211913820737,0.6009211913820737,4.7034,4.7034
16,lower_back,428,neck slouch+shoulder slouch,0.6014843893166911,0.6014843893166911,5.14025,5.14025
16,lower_back,429,shoulder slouch,0.6014843893166911,0.6019472154132497,5.14025,6.144
16,lower_back,430,good+neck slouch+shoulder slouch,0.6026163617979939,0.6026163617979939,5.1846,5.1846
16,lower_back,431,neck slouch+shoulder slouch,0.6026163617979939,0.6026163617979939,5.1846,5.1846
16,lower_back,432,shoulder slouch,0.6026163617979939,0.6026163617979939,5.1846,5.1846
16,lower_back,433,good+neck slouch+shoulder slouch,0.6031461024532585,0.6043059558677413,3.9682,5.7842
16,lower_back,434,shoulder slouch,0.6043059558677413,0.6048412728691788,5.7842,7.154833333333333
16,lower_back,435,good+neck slouch+shoulder slouch,0.6054379283490441,0.6054379283490441,4.8656,4.8656
16,lower_back,436,neck slouch+shoulder slouch,0.6054379283490441,0.6054379283490441,4.8656,4.8656
16,lower_back,437,shoulder slouch,0.6054379283490441,0.6054379283490441,4.8656,4.8656
16,lower_back,438,good+neck slouch+shoulder slouch,0.6060345838289094,0.6137409176857078,3.4596,4.6747499999999995
16,lower_back,439,unknown,0.6142427774077922,0.6142427774077922,-1.4201666666666668,-1.4201666666666668
16,lower_back,440,good+neck slouch,0.6142427774077922,0.6142427774077922,-1.4201666666666668,-1.4201666666666668
16,lower_back,441,unknown,0.6148059753424098,0.6159992863021404,-8.3528,-4.989
16,lower_back,442,neck slouch,0.6165680605829309,0.6165680605829309,1.8277142857142856,1.8277142857142856
16,lower_back,443,good+neck slouch,0.6165680605829309,0.6165680605829309,1.8277142857142856,1.8277142857142856
16,lower_back,444,good+neck slouch+shoulder slouch,0.6165680605829309,0.6165680605829309,1.8277142857142856,1.8277142857142856
16,lower_back,445,unknown,0.6173320024595611,0.6215476236464599,-0.28025,0.178
16,lower_back,446,neck slouch,0.6215476236464599,0.6275978207128639,0.178,0.5868
16,lower_back,447,good+neck slouch,0.6275978207128639,0.6297223599459897,0.5868,2.583
16,lower_back,448,good+neck slouch+shoulder slouch,0.6297223599459897,0.630285558146502,2.583,4.0024
16,lower_back,449,shoulder slouch,0.630285558146502,0.630285558146502,4.0024,4.0024
16,lower_back,450,good+neck slouch+shoulder slouch,0.6308208751479395,0.6308208751479395,6.41475,6.41475
16,lower_back,451,shoulder slouch,0.6308208751479395,0.6308208751479395,6.41475,6.41475
16,lower_back,452,good+neck slouch,0.6312837012444981,0.6312837012444981,2.6882,2.6882
16,lower_back,453,good+neck slouch+shoulder slouch,0.6312837012444981,0.6318134418997626,2.6882,4.1858
16,lower_back,454,neck slouch+shoulder slouch,0.6318134418997626,0.6318134418997626,4.1858,4.1858
16,lower_back,455,shoulder slouch,0.6323487589012,0.6323487589012,6.2307500000000005,6.2307500000000005
16,lower_back,456,good+neck slouch,0.6328450425430064,0.6328450425430064,4.4714,4.4714
16,lower_back,457,good+neck slouch+shoulder slouch,0.6328450425430064,0.6328450425430064,4.4714,4.4714
16,lower_back,458,shoulder slouch,0.6328450425430064,0.6328450425430064,4.4714,4.4714
16,lower_back,459,good+neck slouch+shoulder slouch,0.6333747831982709,0.6339101001997084,3.4586,4.778333333333333
16,lower_back,460,neck slouch+shoulder slouch,0.6339101001997084,0.6339101001997084,4.778333333333333,4.778333333333333
16,lower_back,461,neck slouch,0.6345736702382797,0.6345736702382797,1.2434,1.2434
16,lower_back,462,good+neck slouch,0.6345736702382797,0.6345736702382797,1.2434,1.2434
16,lower_back,463,good+neck slouch+shoulder slouch,0.6345736702382797,0.6345736702382797,1.2434,1.2434
16,lower_back,464,unknown,0.6351034108935443,0.6351034108935443,-0.28424999999999995,-0.28424999999999995
16,lower_back,465,neck slouch,0.6351034108935443,0.6351034108935443,-0.28424999999999995,-0.28424999999999995
16,lower_back,466,unknown,0.6355996945353506,0.6423469189196789,-9.167,0.27366666666666667
16,lower_back,467,neck slouch,0.6423469189196789,0.6423469189196789,0.27366666666666667,0.27366666666666667
16,lower_back,468,good+neck slouch,0.6423469189196789,0.6435402296135146,0.27366666666666667,2.801333333333333
16,lower_back,469,good+neck slouch+shoulder slouch,0.6435402296135146,0.6435402296135146,2.801333333333333,2.801333333333333
16,lower_back,470,good+neck slouch,0.644170342372733,0.644170342372733,2.3337142857142856,2.3337142857142856
16,lower_back,471,good+neck slouch+shoulder slouch,0.644170342372733,0.644170342372733,2.3337142857142856,2.3337142857142856
16,lower_back,472,unknown,0.6449677415287163,0.6449677415287163,0.2372,0.2372
16,lower_back,473,neck slouch,0.6449677415287163,0.6455030585301537,0.2372,1.0888
16,lower_back,474,good+neck slouch,0.6455030585301537,0.6455030585301537,1.0888,1.0888
16,lower_back,475,neck slouch,0.646133171289372,0.646133171289372,1.4436,1.4436
16,lower_back,476,good+neck slouch,0.646133171289372,0.646133171289372,1.4436,1.4436
16,lower_back,477,unknown,0.6466629119446365,0.6466629119446365,0.7206,0.7206
16,lower_back,478,neck slouch,0.6466629119446365,0.6466629119446365,0.7206,0.7206
16,lower_back,479,good+neck slouch,0.6466629119446365,0.6542409930301959,0.7206,1.6346
16,lower_back,480,unknown,0.6548041909648133,0.6548041909648133,0.11320000000000001,0.11320000000000001
16,lower_back,481,neck slouch,0.6548041909648133,0.6548041909648133,0.11320000000000001,0.11320000000000001
16,lower_back,482,good+neck slouch,0.6548041909648133,0.6548041909648133,0.11320000000000001,0.11320000000000001
16,lower_back,483,unknown,0.6553673891653258,0.6597558730951624,-1.20575,-0.036
16,lower_back,484,neck slouch,0.6597558730951624,0.6619138696076412,-0.036,0.343
16,lower_back,485,unknown,0.6624101532494476,0.6624101532494476,0.29,0.29
16,lower_back,486,neck slouch,0.6624101532494476,0.6624101532494476,0.29,0.29
16,lower_back,487,unknown,0.662945470250885,0.6660012380233009,-0.3035,0.16283333333333333
16,lower_back,488,neck slouch,0.6660012380233009,0.6660012380233009,0.16283333333333333,0.16283333333333333
16,lower_back,489,unknown,0.6666313505166245,0.6666313505166245,0.258,0.258
16,lower_back,490,neck slouch,0.6666313505166245,0.6713153741462546,0.258,0.7497142857142857
16,lower_back,491,good+neck slouch,0.6713153741462546,0.6896834380601031,0.7497142857142857,3.2532
16,lower_back,492,good+neck slouch+shoulder slouch,0.6896834380601031,0.6920756357939477,3.2532,4.1251999999999995
16,lower_back,493,good+neck slouch,0.6926444100747382,0.6926444100747382,2.4525,2.4525
16,lower_back,494,good+neck slouch+shoulder slouch,0.6926444100747382,0.6926444100747382,2.4525,2.4525
16,lower_back,495,good+neck slouch,0.6932745228339565,0.6942670895857795,1.4086,2.126
16,lower_back,496,good+neck slouch+shoulder slouch,0.6948358641324648,0.6948358641324648,2.9495,2.9495
16,lower_back,497,good+neck slouch,0.6952986902290234,0.6952986902290234,2.4796,2.4796
16,lower_back,498,good+neck slouch+shoulder slouch,0.6952986902290234,0.6952986902290234,2.4796,2.4796
16,lower_back,499,unknown,0.6958284308842879,0.6958284308842879,0.331,0.331
16,lower_back,500,neck slouch,0.6958284308842879,0.6958284308842879,0.331,0.331
16,lower_back,501,good+neck slouch,0.6958284308842879,0.6958284308842879,0.331,0.331
16,lower_back,502,unknown,0.6962968333270194,0.7004176587561373,-0.25275000000000003,0.1658
16,lower_back,503,neck slouch,0.7009473994114018,0.7039697099044647,0.24325,0.7186
16,lower_back,504,good+neck slouch,0.704532908104977,0.7135719583850909,0.84975,2.6136
16,lower_back,505,good+neck slouch+shoulder slouch,0.7135719583850909,0.735397277689486,2.6136,4.826
16,lower_back,506,neck slouch+shoulder slouch,0.735397277689486,0.7393508167218389,4.8242,5.070166666666667
16,lower_back,507,shoulder slouch,0.7393508167218389,0.7393508167218389,5.070166666666667,5.070166666666667
16,lower_back,508,good+neck slouch+shoulder slouch,0.7400478440397632,0.7400478440397632,5.114166666666667,5.114166666666667
16,lower_back,509,shoulder slouch,0.7400478440397632,0.7400478440397632,5.114166666666667,5.114166666666667
16,lower_back,510,good+neck slouch+shoulder slouch,0.7406110419743808,0.7411129016964653,2.91525,3.24775
16,lower_back,511,good+neck slouch,0.7415757277930238,0.7415757277930238,2.6388,2.6388
16,lower_back,512,good+neck slouch+shoulder slouch,0.7415757277930238,0.7421054687141831,2.6388,2.717
16,lower_back,513,good+neck slouch,0.7426742429949735,0.7426742429949735,2.553,2.553
16,lower_back,514,good+neck slouch+shoulder slouch,0.7426742429949735,0.7426742429949735,2.553,2.553
16,lower_back,515,good+neck slouch,0.7431370690915321,0.7431370690915321,2.4016,2.4016
16,lower_back,516,good+neck slouch+shoulder slouch,0.7431370690915321,0.7431370690915321,2.4016,2.4016
16,lower_back,517,good+neck slouch,0.7436668097467967,0.7436668097467967,2.6189999999999998,2.6189999999999998
16,lower_back,518,good+neck slouch+shoulder slouch,0.7436668097467967,0.7436668097467967,2.6189999999999998,2.6189999999999998
16,lower_back,519,good+neck slouch,0.744235584027587,0.744235584027587,2.5827999999999998,2.5827999999999998
16,lower_back,520,good+neck slouch+shoulder slouch,0.744235584027587,0.744235584027587,2.5827999999999998,2.5827999999999998
16,lower_back,521,good+neck slouch,0.7447987822280995,0.7464604953646667,2.1795999999999998,2.5612500000000002
16,lower_back,522,good+neck slouch+shoulder slouch,0.7464604953646667,0.7558285423580324,2.5612500000000002,3.5982
16,lower_back,523,good+neck slouch,0.7563917405585447,0.7563917405585447,2.4334000000000002,2.4334000000000002
16,lower_back,524,good+neck slouch+shoulder slouch,0.7563917405585447,0.7563917405585447,2.4334000000000002,2.4334000000000002
16,lower_back,525,good+neck slouch,0.7569549384931623,0.7569549384931623,2.7126,2.7126
16,lower_back,526,good+neck slouch+shoulder slouch,0.7569549384931623,0.7623081085075367,2.7126,3.4146
16,lower_back,527,good+neck slouch,0.7628713064421543,0.7643991904613097,2.2436,2.4774
16,lower_back,528,good+neck slouch+shoulder slouch,0.7643991904613097,0.7658936169352172,2.4774,3.4057500000000003
16,lower_back,529,good+neck slouch,0.7664233575904817,0.7664233575904817,2.9004,2.9004
16,lower_back,530,good+neck slouch+shoulder slouch,0.7664233575904817,0.7669921318712721,2.9004,3.462
16,lower_back,531,good+neck slouch,0.7674549579678307,0.7674549579678307,2.5322,2.5322
16,lower_back,532,good+neck slouch+shoulder slouch,0.7674549579678307,0.7679512416096371,2.5322,3.0938
16,lower_back,533,good+neck slouch,0.7684865586110745,0.7690497565456921,2.2439999999999998,2.2621666666666664
16,lower_back,534,good+neck slouch+shoulder slouch,0.7690497565456921,0.7690497565456921,2.2621666666666664,2.2621666666666664
16,lower_back,535,good+neck slouch,0.7696464120255574,0.7696464120255574,2.7312,2.7312
16,lower_back,536,good+neck slouch+shoulder slouch,0.7696464120255574,0.7696464120255574,2.7312,2.7312
16,lower_back,537,good+neck slouch,0.770243067239528,0.770243067239528,2.4224,2.4224
16,lower_back,538,good+neck slouch+shoulder slouch,0.770243067239528,0.770243067239528,2.4224,2.4224
16,lower_back,539,good+neck slouch,0.7707783842409653,0.781936397673927,1.2873333333333334,2.4092000000000002
16,lower_back,540,good+neck slouch+shoulder slouch,0.7825051719547175,0.7853936530644736,3.1246,4.501
16,lower_back,541,neck slouch+shoulder slouch,0.7853936530644736,0.7853936530644736,4.501,4.501
16,lower_back,542,good+neck slouch+shoulder slouch,0.7859903085443389,0.7919735910520369,3.7738,4.3122
16,lower_back,543,neck slouch+shoulder slouch,0.7925033317073015,0.7935349323505453,4.87625,5.0208
16,lower_back,544,good+neck slouch+shoulder slouch,0.7939977584471039,0.7939977584471039,4.8284,4.8284
16,lower_back,545,neck slouch+shoulder slouch,0.7939977584471039,0.7939977584471039,4.8284,4.8284
16,lower_back,546,good+neck slouch+shoulder slouch,0.7945274991023683,0.7950962733831588,4.7682,4.841
16,lower_back,547,neck slouch+shoulder slouch,0.7950962733831588,0.7950962733831588,4.841,4.841
16,lower_back,548,good+neck slouch+shoulder slouch,0.7955590994797174,0.7955590994797174,4.8252,4.8252
16,lower_back,549,neck slouch+shoulder slouch,0.7955590994797174,0.7955590994797174,4.8252,4.8252
16,lower_back,550,good+neck slouch+shoulder slouch,0.7960888404008767,0.7971873553369316,4.3582,4.5484
16,lower_back,551,shoulder slouch,0.7971873553369316,0.8054234301148894,4.5484,7.062
16,lower_back,552,good+neck slouch+shoulder slouch,0.8060256616750328,0.8060256616750328,4.680000000000001,4.680000000000001
16,lower_back,553,shoulder slouch,0.8060256616750328,0.8060256616750328,4.680000000000001,4.680000000000001
16,lower_back,554,good+neck slouch+shoulder slouch,0.8065888598755451,0.8065888598755451,5.1438,5.1438
16,lower_back,555,neck slouch+shoulder slouch,0.8065888598755451,0.8065888598755451,5.1438,5.1438
16,lower_back,556,shoulder slouch,0.8065888598755451,0.8082840302914654,5.1438,6.9796000000000005
16,lower_back,557,good+neck slouch+shoulder slouch,0.8090479721680957,0.8090479721680957,5.3942,5.3942
16,lower_back,558,shoulder slouch,0.8090479721680957,0.8090479721680957,5.3942,5.3942
16,lower_back,559,good+neck slouch,0.8096111703686081,0.8096111703686081,2.8576,2.8576
16,lower_back,560,good+neck slouch+shoulder slouch,0.8096111703686081,0.8096111703686081,2.8576,2.8576
16,lower_back,561,unknown,0.8101409110238725,0.8101409110238725,-0.4154,-0.4154
16,lower_back,562,neck slouch,0.8101409110238725,0.8101409110238725,-0.4154,-0.4154
16,lower_back,563,good+neck slouch,0.8101409110238725,0.8101409110238725,-0.4154,-0.4154
16,lower_back,564,unknown,0.810709685304663,0.9367489531579998,-17.5054,-0.6306
16,lower_back,565,neck slouch,0.9367489531579998,0.9372786938132643,-0.6306,0.603
16,lower_back,566,good+neck slouch,0.9372786938132643,0.9378418920137767,0.603,2.2455
16,lower_back,567,good+neck slouch+shoulder slouch,0.9378418920137767,0.9378418920137767,2.2455,2.2455
16,lower_back,568,good+neck slouch,0.9383102941906133,0.9383102941906133,2.6598,2.6598
16,lower_back,569,good+neck slouch+shoulder slouch,0.9383102941906133,0.9383102941906133,2.6598,2.6598
16,lower_back,570,neck slouch,0.9388400351117726,0.9388400351117726,0.9964000000000001,0.9964000000000001
16,lower_back,571,good+neck slouch,0.9388400351117726,0.9388400351117726,0.9964000000000001,0.9964000000000001
16,lower_back,572,neck slouch,0.9394032330463902,0.9394032330463902,0.7070000000000001,0.7070000000000001
16,lower_back,573,good+neck slouch,0.9394032330463902,0.9394032330463902,0.7070000000000001,0.7070000000000001
16,lower_back,574,unknown,0.9399050927684747,0.9555185046899789,-5.3328,-1.2233333333333334
16,lower_back,575,lumbar slouch,0.9555185046899789,0.9555185046899789,-1.2233333333333334,-1.2233333333333334
16,lower_back,576,unknown,0.9561151601698442,0.9586077297417478,-3.64625,0.6668
16,lower_back,577,good+neck slouch,0.9586077297417478,0.9586077297417478,0.6668,0.6668
16,lower_back,578,good+neck slouch+shoulder slouch,0.9586077297417478,0.9586077297417478,0.6668,0.6668
16,lower_back,579,neck slouch+shoulder slouch,0.9591709279422601,0.9591709279422601,5.6306,5.6306
16,lower_back,580,shoulder slouch,0.9591709279422601,0.9591709279422601,5.6306,5.6306
16,lower_back,581,good+neck slouch+shoulder slouch,0.9597006685975247,0.9597006685975247,5.03725,5.03725
16,lower_back,582,neck slouch+shoulder slouch,0.9597006685975247,0.9597006685975247,5.03725,5.03725
16,lower_back,583,shoulder slouch,0.9597006685975247,0.9597006685975247,5.03725,5.03725
16,lower_back,584,neck slouch+shoulder slouch,0.9601690710402562,0.9601690710402562,8.306666666666667,8.306666666666667
16,lower_back,585,shoulder slouch,0.9601690710402562,0.9601690710402562,8.306666666666667,8.306666666666667
16,lower_back,586,unknown,0.9601690710402562,0.9601690710402562,8.306666666666667,8.306666666666667
16,lower_back,587,lumbar slouch,0.9601690710402562,0.9612954671753859,8.306666666666667,12.4906
16,lower_back,588,shoulder slouch,0.9618642414561764,0.9618642414561764,9.0565,9.0565
16,lower_back,589,unknown,0.9618642414561764,0.9618642414561764,9.0565,9.0565
16,lower_back,590,lumbar slouch,0.9618642414561764,0.9618642414561764,9.0565,9.0565
16,lower_back,591,good+neck slouch+shoulder slouch,0.9624608966701469,0.9624608966701469,5.29525,5.29525
16,lower_back,592,neck slouch+shoulder slouch,0.9624608966701469,0.9624608966701469,5.29525,5.29525
16,lower_back,593,shoulder slouch,0.9624608966701469,0.9624608966701469,5.29525,5.29525
16,lower_back,594,good+neck slouch+shoulder slouch,0.9629571803119533,0.9738531113244744,2.9861999999999997,3.6792
16,lower_back,595,good+neck slouch,0.9744163092590918,0.9744163092590918,2.580142857142857,2.580142857142857
16,lower_back,596,good+neck slouch+shoulder slouch,0.9744163092590918,0.9744163092590918,2.580142857142857,2.580142857142857
16,lower_back,597,good+neck slouch,0.9751802514016169,0.9891375262668319,1.744,31.44125
16,lower_back,598,unknown,0.9891375262668319,0.9891375262668319,31.44125,31.44125
16,lower_back,599,good+neck slouch,0.9896003523633905,0.9951486899736048,1.3705,2.6325
16,lower_back,600,good+neck slouch+shoulder slouch,0.9951486899736048,0.9951486899736048,2.6325,2.6325
16,lower_back,601,neck slouch,0.9956449733495164,0.9956449733495164,2.0864,2.0864
16,lower_back,602,good+neck slouch,0.9956449733495164,0.9956449733495164,2.0864,2.0864
16,lower_back,603,good+neck slouch+shoulder slouch,0.9956449733495164,0.9956449733495164,2.0864,2.0864
16,lower_back,604,unknown,0.9961802903509538,0.9961802903509538,-0.20240000000000002,-0.20240000000000002
16,lower_back,605,neck slouch,0.9961802903509538,0.9961802903509538,-0.20240000000000002,-0.20240000000000002
16,lower_back,606,unknown,0.9967434882855714,0.9988680275186972,-0.2728,0.13520000000000001
16,lower_back,607,neck slouch,0.9988680275186972,0.9988680275186972,0.13520000000000001,0.13520000000000001
16,lower_back,608,good+neck slouch,0.9994368020653824,0.9994368020653824,2.8216,2.8216
16,lower_back,609,good+neck slouch+shoulder slouch,0.9994368020653824,0.9994368020653824,2.8216,2.8216
16,lower_back,610,neck slouch+shoulder slouch,0.9994368020653824,0.9994368020653824,2.8216,2.8216
16,lower_back,611,shoulder slouch,1,1,9.4318,9.4318
16,lower_back,612,unknown,1,1,9.4318,9.4318
16,lower_back,613,lumbar slouch,1,1,9.4318,9.4318
16,mid_back,0,unknown,0,1,-32.946000000000005,11.79925
16,neck,0,unknown,0,0.09113902848636152,-61.051,11.3346
16,neck,1,good,0.09113902848636152,0.09113902848636152,11.3346,11.3346
16,neck,2,good+laying back,0.09113902848636152,0.09113902848636152,11.3346,11.3346
16,neck,3,unknown,0.09167504190799579,0.09167504190799579,11.78275,11.78275
16,neck,4,good,0.09167504190799579,0.09167504190799579,11.78275,11.78275
16,neck,5,good+laying back+lumbar slouch,0.09167504190799579,0.09167504190799579,11.78275,11.78275
16,neck,6,unknown,0.0921719709233423,0.0921719709233423,-0.25266666666666676,-0.25266666666666676
16,neck,7,good+laying back+lumbar slouch,0.0921719709233423,0.0921719709233423,-0.25266666666666676,-0.25266666666666676
16,neck,8,unknown,0.09280290342721774,0.13198771628502826,-10.70225,11.6566
16,neck,9,good,0.13198771628502826,0.13198771628502826,11.6566,11.6566
16,neck,10,good+laying back,0.13198771628502826,0.13198771628502826,11.6566,11.6566
16,neck,11,unknown,0.1325237297066625,0.13302065872200902,10.8245,11.2644
16,neck,12,good,0.13302065872200902,0.13302065872200902,11.2644,11.2644
16,neck,13,good+laying back,0.13355108880916833,0.13355108880916833,13.1922,13.1922
16,neck,14,good+laying back+lumbar slouch,0.13355108880916833,0.13355108880916833,13.1922,13.1922
16,neck,15,good,0.13408710223080259,0.13408710223080259,12.5004,12.5004
16,neck,16,good+laying back+lumbar slouch,0.13408710223080259,0.13465103285729318,12.5004,15.9356
16,neck,17,laying back+lumbar slouch+shoulder slouch,0.13465103285729318,0.13465103285729318,15.9356,15.9356
16,neck,18,good+laying back+lumbar slouch,0.13524846455559658,0.13584589598765925,13.100999999999999,15.098833333333333
16,neck,19,unknown,0.1364768284915347,0.1364768284915347,13.3308,13.3308
16,neck,20,good+laying back+lumbar slouch,0.1364768284915347,0.1364768284915347,13.3308,13.3308
16,neck,21,unknown,0.13701284191316895,0.23081518697179543,-14.17075,11.4796
16,neck,22,good,0.23081518697179543,0.23081518697179543,11.4796,11.4796
16,neck,23,good+laying back,0.23081518697179543,0.23081518697179543,11.4796,11.4796
16,neck,24,unknown,0.2313456170589547,0.24398659967564126,-4.4782,10.036999999999999
16,neck,25,good,0.24398659967564126,0.24398659967564126,10.036999999999999,10.036999999999999
16,neck,26,good+laying back+lumbar slouch,0.24398659967564126,0.24398659967564126,10.036999999999999,10.036999999999999
16,neck,27,unknown,0.24455053030213186,0.24455053030213186,11.5344,11.5344
16,neck,28,good,0.24455053030213186,0.24455053030213186,11.5344,11.5344
16,neck,29,good+laying back,0.24455053030213186,0.24455053030213186,11.5344,11.5344
16,neck,30,unknown,0.24508654372376612,0.24508654372376612,11.4962,11.4962
16,neck,31,good,0.24508654372376612,0.24508654372376612,11.4962,11.4962
16,neck,32,unknown,0.24565047461649747,0.2600558345907564,-2.941,10.9402
16,neck,33,good,0.2600558345907564,0.2600558345907564,10.551,10.551
16,neck,34,good+laying back,0.2600558345907564,0.2600558345907564,10.551,10.551
16,neck,35,unknown,0.2605192630667716,0.2605192630667716,10.3468,10.3468
16,neck,36,good,0.2605192630667716,0.2605192630667716,10.3468,10.3468
16,neck,37,unknown,0.26104969288769014,0.311781127914778,-29.7774,9.7316
16,neck,38,lumbar slouch+shoulder slouch,0.311781127914778,0.311781127914778,9.7316,9.7316
16,neck,39,unknown,0.31234505854126865,0.31234505854126865,3.2326666666666664,3.2326666666666664
16,neck,40,laying back+lumbar slouch+shoulder slouch,0.31234505854126865,0.31234505854126865,3.2326666666666664,3.2326666666666664
16,neck,41,shoulder slouch,0.31234505854126865,0.31234505854126865,3.2326666666666664,3.2326666666666664
16,neck,42,unknown,0.31297599104514406,0.33207146832558243,-41.4778,7.7488
16,neck,43,good,0.33207146832558243,0.33207146832558243,7.7488,7.7488
16,neck,44,unknown,0.3326353992183138,0.34068676721177776,-0.9502499999999999,11.251
16,neck,45,good,0.34068676721177776,0.34068676721177776,11.251,11.251
16,neck,46,good+laying back,0.34068676721177776,0.34068676721177776,11.251,11.251
16,neck,47,unknown,0.34125069783826834,0.34125069783826834,10.4206,10.4206
16,neck,48,good+laying back+lumbar slouch,0.34125069783826834,0.34125069783826834,10.4206,10.4206
16,neck,49,laying back+lumbar slouch+shoulder slouch,0.34178112792542764,0.34178112792542764,20.5185,20.5185
16,neck,50,shoulder slouch,0.34178112792542764,0.34178112792542764,20.5185,20.5185
16,neck,51,good+laying back+lumbar slouch,0.3422501394696771,0.3422501394696771,18.1934,18.1934
16,neck,52,laying back+lumbar slouch,0.3422501394696771,0.3422501394696771,18.1934,18.1934
16,neck,53,laying back+lumbar slouch+shoulder slouch,0.3422501394696771,0.3422501394696771,18.1934,18.1934
16,neck,54,lumbar slouch+shoulder slouch,0.3422501394696771,0.3422501394696771,18.1934,18.1934
16,neck,55,shoulder slouch,0.3422501394696771,0.3422501394696771,18.1934,18.1934
16,neck,56,unknown,0.3428140703624084,0.3428140703624084,5.52075,5.52075
16,neck,57,good,0.3428140703624084,0.3428140703624084,5.52075,5.52075
16,neck,58,good+laying back+lumbar slouch,0.3428140703624084,0.3428140703624084,5.52075,5.52075
16,neck,59,unknown,0.3436795085052882,0.3797710776528721,-30.48275,9.9864
16,neck,60,good,0.3797710776528721,0.3797710776528721,9.9864,9.9864
16,neck,61,unknown,0.38033500827936273,0.38033500827936273,11.2446,11.2446
16,neck,62,good,0.38033500827936273,0.38033500827936273,11.2446,11.2446
16,neck,63,unknown,0.38086543836652204,0.6290452260667555,-24.669800000000002,11.7566
16,neck,64,good,0.6290452260667555,0.6290452260667555,11.7566,11.7566
16,neck,65,good+laying back,0.6290452260667555,0.6290452260667555,11.7566,11.7566
16,neck,66,unknown,0.6295812394883897,0.6301786711866931,10.4106,11.779
16,neck,67,good,0.6301786711866931,0.6301786711866931,11.779,11.779
16,neck,68,good+laying back+lumbar slouch,0.6301786711866931,0.6301786711866931,11.779,11.779
16,neck,69,good,0.6308096034243279,0.6308096034243279,14.513833333333334,14.513833333333334
16,neck,70,good+laying back+lumbar slouch,0.6308096034243279,0.6308096034243279,14.513833333333334,14.513833333333334
16,neck,71,unknown,0.6314740367337753,0.6319430485442655,-1.3649999999999995,8.169166666666667
16,neck,72,good+laying back+lumbar slouch,0.6319430485442655,0.6319430485442655,8.169166666666667,8.169166666666667
16,neck,73,laying back+lumbar slouch+shoulder slouch,0.6319430485442655,0.6319430485442655,8.169166666666667,8.169166666666667
16,neck,74,lumbar slouch+shoulder slouch,0.6319430485442655,0.6319430485442655,8.169166666666667,8.169166666666667
16,neck,75,good+laying back+lumbar slouch,0.6325404802425689,0.6325404802425689,16.7625,16.7625
16,neck,76,laying back+lumbar slouch+shoulder slouch,0.6325404802425689,0.6325404802425689,16.7625,16.7625
16,neck,77,unknown,0.6330374092579154,0.6330374092579154,12.4718,12.4718
16,neck,78,good,0.6330374092579154,0.6330374092579154,12.4718,12.4718
16,neck,79,good+laying back+lumbar slouch,0.6330374092579154,0.6330374092579154,12.4718,12.4718
16,neck,80,unknown,0.633601339884406,0.633601339884406,11.8424,11.8424
16,neck,81,good,0.633601339884406,0.633601339884406,11.8424,11.8424
16,neck,82,good+laying back+lumbar slouch,0.633601339884406,0.633601339884406,11.8424,11.8424
16,neck,83,good,0.6341373533060403,0.6341373533060403,12.81,12.81
16,neck,84,good+laying back,0.6341373533060403,0.6341373533060403,12.81,12.81
16,neck,85,good+laying back+lumbar slouch,0.6341373533060403,0.6341373533060403,12.81,12.81
16,neck,86,unknown,0.6346342825876276,0.6388609714177919,-20.0302,12.9956
16,neck,87,good+laying back+lumbar slouch,0.6388609714177919,0.6388609714177919,12.9956,12.9956
16,neck,88,good,0.6394249023105232,0.6394249023105232,12.923833333333334,12.923833333333334
16,neck,89,good+laying back+lumbar slouch,0.6394249023105232,0.6394249023105232,12.923833333333334,12.923833333333334
16,neck,90,unknown,0.6400893356199706,0.6421887212995042,7.3764,12.5682
16,neck,91,good,0.6421887212995042,0.6421887212995042,12.5682,12.5682
16,neck,92,good+laying back+lumbar slouch,0.6421887212995042,0.6421887212995042,12.5682,12.5682
16,neck,93,unknown,0.6427526521922355,0.8076716917709955,-34.0392,9.924999999999999
16,neck,94,good,0.8076716917709955,0.8076716917709955,9.924999999999999,9.924999999999999
16,neck,95,unknown,0.8081407035814857,1,-33.803799999999995,10.7994
